tree
version=v4
num_class=1
num_tree_per_iteration=1
label_index=0
max_feature_idx=16
objective=binary sigmoid:1
feature_names=Column_0 Column_1 Column_2 Column_3 Column_4 Column_5 Column_6 Column_7 Column_8 Column_9 Column_10 Column_11 Column_12 Column_13 Column_14 Column_15 Column_16
feature_infos=[1:3] [0.05000000074505806:0.5745999813079834] [299.01998901367188:19178.44921875] [0:3] [0:1] [4.1999998092651367:304.89999389648438] [0.15000000596046448:0.99000000953674316] [0:11] [0:0.9276999831199646] [0:11] [1:7] [0:23] [0:3553.5] [0.15000000596046448:0.62000000476837158] [0.0099999997764825821:0.67900002002716064] [0.05000000074505806:0.75] [1:20]
tree_sizes=3310 3374 3367 3392 3382 3404 3395 3414 3405 3419 3427 3416 3410 3409 3414 3408 3426 3437 3436 3427 3419 3411 3429 3427 3400 3434 3433 3449 3432 3439 3417 3426 3455 3428 3419 3444 3444 3435 3429 3472 3449 3426 3432 3440 3466 3436 3424 3433 3426 3426 3450 3444 3434 3426 3435 3412 3423 3421 3440 3443 3429 3426 3432 3435 3446 3452 3437 3423 3430 3426 3445 3435 3447 3440 3445 3449 3460 3442 3450 3445 3434 3433 3424 3436 3438 3450 3425 3431 3442 3430 3428 3449 3441 3419 3437 3437 3432 3434 3433 3432 3451 3419 3445 3424 3450 3453 3426 3426 3451 3432 3448 3438 3325 3454 3459 3419 3440 3430 3139 3424 3436 3325 3427 3443 3428 2999 3418 3427 3429 3426 3423 3434 3425 3452 3443 3438 3439 3337 3428 3428 3308 2809 3418 3043 3009 3445 3421 3125 3433 3439 3012 3459 2702 3428 3420 3439 3426 3406 3110 3440

Tree=0
num_leaves=31
num_cat=0
split_feature=3 10 10 9 1 2 8 9 15 8 9 15 1 15 1 1 2 9 2 8 14 14 9 1 8 12 2 8 11 2
split_gain=2165.96 531.149 335.442 250.613 152.134 119.058 74.9047 63.0047 51.4199 40.7194 32.9042 31.7425 30.5697 26.9959 23.0071 22.5899 22.3638 20.9273 17.7001 17.6883 17.2747 16.374 15.5839 15.403 14.8237 12.3549 12.1459 12.0099 11.4816 13.603
threshold=1.0000000180025095e-35 2.5000000000000004 2.5000000000000004 3.5000000000000004 0.3213499933481217 8219.7949218750018 0.16305000334978106 3.5000000000000004 0.45000000298023229 0.37054999172687536 3.5000000000000004 0.45000000298023229 0.37064999341964727 0.45000000298023229 0.23785000294446948 0.14265000075101855 6236.8850097656259 3.5000000000000004 4026.6450195312505 0.32524999976158148 0.08585000038146974 0.16565000265836718 3.5000000000000004 0.44875000417232519 0.45544999837875372 249.44999694824222 5017.0549316406259 0.44734999537467962 10.500000000000002 5360.7849121093759
decision_type=2 2 2 2 2 2 2 2 2 2 2 2 2 2 2 2 2 2 2 2 2 2 2 2 2 2 2 2 2 2
left_child=2 7 4 14 5 6 10 12 -8 11 -1 22 13 19 -3 -9 23 28 25 -2 -7 -14 -6 -11 -15 -16 -17 -23 -4 -30
right_child=1 3 17 -5 9 20 8 15 -10 16 -12 -13 21 24 18 26 -18 -19 -20 -21 -22 27 -24 -25 -26 -27 -28 -29 29 -31
leaf_value=-1.3985553383142124 -1.4618139672002786 -1.3999637688137507 -1.2006075512722407 -1.1604736974443037 -1.3489470141462321 -1.3172242575650057 -1.3724221337818951 -1.4355649379359279 -1.3166453832600429 -1.3124056407499771 -1.2993199919279956 -1.248654498169496 -1.4444206719084562 -1.4411495093467181 -1.4079620562739064 -1.3828690999580098 -1.1604736980901074 -1.1604736975743266 -1.2205281880652996 -1.4502680743866676 -1.2428250853460674 -1.4216742628835097 -1.2385315392837768 -1.2400908322264845 -1.3919288356439123 -1.2736150427266566 -1.2815225539628818 -1.3471444571152846 -1.2416147164552842 -1.3689036297664394
leaf_weight=382.02442225813866 1087.6470228843391 27.903341025114059 9.2872187010943907 20.709920663386583 123.43628410622478 15.639478817582132 567.9296396933496 25.502572733908892 44.562650676816702 29.38250682502985 8.5400338098406774 8.9494834281504136 194.9246504791081 106.06443329155445 4.5942348875105363 27.926087852567438 3.3927859216928473 13.604816596955059 3.44830721616745 477.28810927644372 15.569199025630949 46.996547296643257 3.2805648148059836 9.8261641971766931 17.874778192490339 2.7270848229527473 3.3063283562660208 6.1077585257589808 7.5507278777658922 2.9069841653108597
leaf_count=2673 5829 185 103 242 985 42 4293 152 393 278 81 91 1127 637 33 215 15 171 19 2647 49 284 35 107 113 35 14 53 90 9
internal_value=-1.41663 -1.4482 -1.36463 -1.30084 -1.36893 -1.37628 -1.37927 -1.45259 -1.36836 -1.32627 -1.39639 -1.33966 -1.45411 -1.45651 -1.376 -1.40065 -1.28363 -1.20819 -1.31393 -1.45829 -1.28011 -1.43772 -1.34609 -1.29428 -1.43405 -1.35792 -1.37214 -1.4131 -1.24107 -1.277
internal_weight=3298.9 2053.02 1245.88 59.3829 1212.53 1034.27 1003.06 1993.64 612.492 178.268 390.564 135.666 1936.9 1688.87 38.673 56.735 42.6015 33.3497 10.7696 1564.94 31.2087 248.029 126.717 39.2087 123.939 7.32132 31.2324 53.1043 19.7449 10.4577
internal_count=21000 11585 9415 514 9042 7531 7440 11071 4686 1511 2754 1111 10690 9226 272 381 400 373 87 8476 91 1464 1020 385 750 68 229 337 202 99
is_linear=0
shrinkage=1


Tree=1
num_leaves=31
num_cat=0
split_feature=3 10 10 9 6 2 0 8 9 8 6 8 14 6 0 14 8 0 9 2 8 14 2 0 14 11 6 8 7 12
split_gain=1930.13 464.36 250.652 176.625 102.959 95.9047 89.3576 63.3037 58.9111 43.5954 34.3396 26.6761 22.4509 14.8681 21.6649 14.2624 13.8915 13.6056 12.9222 12.2773 10.1408 9.74557 10.2634 8.75143 7.62976 7.53777 12.5937 6.68218 5.71793 5.13769
threshold=1.0000000180025095e-35 2.5000000000000004 2.5000000000000004 3.5000000000000004 0.45065000653266912 8219.7949218750018 2.5000000000000004 0.16935000568628314 3.5000000000000004 0.24145000427961352 0.45065000653266912 0.30394999682903295 0.078549999743700041 0.6521500051021577 2.5000000000000004 0.065949998795986189 0.37344999611377722 2.5000000000000004 3.5000000000000004 2657.059936523438 0.073650002479553237 0.05894999951124192 2531.9350585937505 2.5000000000000004 0.11814999952912332 10.500000000000002 0.71635001897811901 0.26424999535083776 3.5000000000000004 378.55000305175787
decision_type=2 2 2 2 2 2 2 2 2 2 2 2 2 2 2 2 2 2 2 2 2 2 2 2 2 2 2 2 2 2
left_child=2 8 4 16 12 6 7 -6 10 -8 27 17 21 -10 20 -7 28 -12 25 24 -15 22 -1 -13 -14 -4 -27 -2 -3 -17
right_child=1 3 18 -5 5 15 9 -9 13 -11 11 23 19 14 -16 29 -18 -19 -20 -21 -22 -23 -24 -25 -26 26 -28 -29 -30 -31
leaf_value=0.082629153714397094 -0.011891253099343224 0.012679287672931855 0.18065474372937029 0.20957223507263323 0.019680845753533096 0.080123411592093324 0.053879784014579706 0.044561127790893044 -0.027519530500039458 0.11686070038380303 -0.043794592063183785 -0.031343408161457816 0.203701606258233 -0.035885375665328061 0.13538212724029688 0.16024463605855249 0.096724835814236299 -0.026411589774469398 0.20957223533969196 0.21885633073624478 0.030490850496348351 0.028474611542145412 0.18862854460674172 -0.012386772672927071 0.10760527383630343 0.05757206783406088 0.16501744054455297 0.023212098659037811 0.067468489747303059 0.11317679485260586
leaf_weight=7.9055419526994211 34.904269631952047 25.855408608913425 10.513708110898735 23.949027091264725 427.7482277341187 15.164745450019835 62.427883010357618 635.46232798323035 15.12401909008622 49.077096827328205 1082.0929933190346 559.64111435040832 2.8535679467022437 7.0819895304739466 4.3913631290197364 14.863048925995828 7.9407851472496978 125.63535977900028 15.732659108936785 7.2971583306789389 30.692543976008892 4.8776734471321097 3.2112375348806381 68.315006874501705 7.4798660688102245 4.5554461255669576 6.7954318337142467 22.166398640722036 5.8370462432503691 9.5057207345962507
leaf_count=87 230 165 103 242 2976 36 486 4721 87 439 5947 3183 38 41 36 44 62 737 171 52 217 33 20 432 85 37 62 161 45 25
internal_value=-4.82478e-05 -0.030605 0.0478174 0.102368 0.043985 0.0415951 0.0390172 0.0345514 -0.0349406 0.0815998 -0.0364526 -0.0376401 0.130291 0.0150115 0.0302665 0.118193 0.0375875 -0.0419863 0.175016 0.169205 0.0180466 0.0873959 0.113249 -0.0292811 0.134142 0.150151 0.121896 0.00174298 0.0227702 0.141885
internal_weight=3299.1 2013.63 1285.47 63.5823 1247.87 1214.25 1174.72 1063.21 1950.05 111.505 1892.76 1835.68 33.625 57.2899 42.1659 39.5335 39.6332 1207.73 37.5972 17.6306 37.7745 15.9945 11.1168 627.956 10.3334 21.8646 11.3509 57.0707 31.6925 24.3688
internal_count=21000 11585 9415 514 9042 8727 8622 7697 11071 925 10690 10299 315 381 294 105 272 6684 373 175 258 140 107 3615 123 202 99 391 210 69
is_linear=0
shrinkage=0.05


Tree=2
num_leaves=31
num_cat=0
split_feature=4 9 9 1 6 9 9 2 8 8 6 1 15 2 14 9 13 2 2 15 5 1 14 1 14 6 8 1 2 6
split_gain=1725.57 346.049 164.16 108.205 60.4973 50.8588 49.7423 48.3671 45.8261 41.9276 36.8879 32.6249 28.834 25.7622 21.8641 20.8433 20.5786 16.7401 16.089 15.2707 14.2941 14.0342 13.9995 12.0762 11.8248 10.3633 10.0621 8.5315 7.14599 10.1225
threshold=1.0000000180025095e-35 4.5000000000000009 3.5000000000000004 0.24685000628232959 0.45065000653266912 3.5000000000000004 6.5000000000000009 8996.6650390625018 0.15795000642538073 0.22354999929666522 0.45065000653266912 0.33749999105930334 0.45000000298023229 7332.6101074218759 0.094350002706050887 5.5000000000000009 0.2650000005960465 4928.7099609375009 2906.7700195312505 0.10000000335276128 73.649997711181655 0.32619999349117285 0.17985000461339953 0.088950000703334822 0.19135000556707385 0.7146500051021577 0.28474999964237219 0.37064999341964727 1828.309997558594 0.68075001239776622
decision_type=2 2 2 2 2 2 2 2 2 2 2 2 2 2 2 2 2 2 2 2 2 2 2 2 2 2 2 2 2 2
left_child=1 5 3 4 18 10 28 8 -6 13 -1 12 -12 14 -5 22 19 -18 20 -11 -2 -7 23 -4 -13 -23 -9 -25 -3 -30
right_child=2 6 15 9 7 21 -8 26 -10 16 11 24 -14 -15 -16 -17 17 -19 -20 -21 -22 25 -24 27 -26 -27 -28 -29 29 -31
leaf_value=0.0051421446766423441 0.11513956634091416 0.03666842112018192 0.039915156000669194 0.02747642992393394 0.013267541077929074 0.0086558885900059734 0.18031210437886877 0.13378304575754618 0.036683088548740563 0.033877654065183997 -0.039956787017062324 -0.024186157804443175 -0.013876001265342903 0.14069480413881674 0.065367751359090148 0.18228543667309516 0.084977204847195495 0.13314919205664882 0.16430549293828345 0.10344873157253642 0.0230228041354478 0.02097867068134382 0.17261215864081744 0.10249725863509618 0.0030107549553847618 0.14600825303238146 0.064330070844006257 0.1900642635113966 0.036607592315203961 0.12539006986136492
leaf_weight=58.490167278796434 11.068840455263858 10.281974554061891 7.217840898782014 91.166774224489927 333.06661416962743 36.869201064109802 16.838211975991726 12.226637661457064 560.72335267066956 29.477652367204428 1436.7620312571526 232.56952330470085 114.41421503573656 7.0975180566310874 65.368303932249546 13.585135813802479 98.765527840703726 22.063481360673904 8.3093893826007825 10.769106753170488 6.7976265735924235 3.113406639546155 7.5432995781302443 23.763033345341686 48.259865641593933 3.5438019894063473 9.0934178829193097 3.1502854563295832 5.1593839079141608 8.4994309023022634
leaf_count=401 120 101 45 634 2250 239 153 31 3987 202 8134 1403 713 22 519 137 870 83 46 92 58 20 73 194 311 32 19 33 27 51
internal_value=-8.4829e-05 -0.0296765 0.0441442 0.040462 0.0318766 -0.0327158 0.114465 0.0297327 0.0279574 0.0653501 -0.0339461 -0.035194 -0.0380331 0.0475242 0.0432997 0.128502 0.0834591 0.0937735 0.106825 0.0524933 0.080092 0.0207202 0.110969 0.0973452 -0.0195124 0.0875351 0.10416 0.112747 0.0681532 0.091854
internal_weight=3296.06 1974.8 1321.25 1265.99 941.286 1934.02 40.779 915.11 893.79 324.708 1890.5 1832.01 1551.18 163.633 156.535 55.2596 161.076 120.829 26.1759 40.2468 17.8665 43.5264 41.6745 34.1312 280.829 6.65721 21.3201 26.9133 23.9408 13.6588
internal_count=21000 11585 9415 8933 6511 11253 332 6287 6237 2422 10962 10561 8847 1175 1153 482 1247 953 224 294 178 291 345 272 1714 52 50 227 179 78
is_linear=0
shrinkage=0.05


Tree=3
num_leaves=31
num_cat=0
split_feature=3 9 9 1 6 9 15 2 9 6 8 1 15 1 2 8 9 13 15 1 1 2 14 14 14 1 2 11 13 5
split_gain=1546.42 305.38 133.114 90.3049 49.7459 47.2518 40.7881 42.6219 38.9749 34.7153 34.4148 31.3068 27.6478 22.4144 19.2856 16.7351 16.3994 15.9032 15.5628 12.274 11.9525 11.859 11.0054 10.956 10.2718 9.5275 8.95003 8.06072 6.64485 6.41372
threshold=1.0000000180025095e-35 4.5000000000000009 3.5000000000000004 0.24685000628232959 0.45065000653266912 3.5000000000000004 0.45000000298023229 8996.6650390625018 6.5000000000000009 0.45065000653266912 0.19974999874830249 0.33749999105930334 0.45000000298023229 0.46375000476837164 7332.6101074218759 0.25045000016689306 5.5000000000000009 0.2650000005960465 0.45000000298023229 0.079450000077486052 0.14265000075101855 2906.7700195312505 0.21644999831914905 0.19135000556707385 0.17985000461339953 0.088950000703334822 5360.7849121093759 17.500000000000004 0.2650000005960465 72.049999237060561
decision_type=2 2 2 2 2 2 2 2 2 2 2 2 2 2 2 2 2 2 2 2 2 2 2 2 2 2 2 2 2 2
left_child=2 5 3 4 19 9 7 -6 -3 29 14 12 -11 17 18 -8 24 -12 -5 -1 -7 -21 28 -13 25 -4 -15 -27 -22 -2
right_child=1 8 16 10 6 20 15 -9 -10 11 13 23 -14 26 -16 -17 -18 -19 -20 21 22 -23 -24 -25 -26 27 -28 -29 -30 -31
leaf_value=0.019914146775524513 0.018324123287322965 0.062380027490272161 0.037057171988339625 0.033547164198507021 0.023156722012110015 -0.0086948728097495705 0.043125097672905018 0.096252054471103771 0.15883210293566952 -0.038967066956792189 0.040287790987594441 -0.023338301774695147 -0.013300721886562519 0.10633915223643851 0.12119928248901685 0.094071479908022115 0.16029586446226235 0.076714535135945575 0.096276643661525538 0.08521641468536062 -0.013427667591917186 0.16113513313774597 0.1235411825199307 0.0028547669577873983 0.1495576097286497 0.084252589114948304 0.18904289307579589 0.1434758037046989 0.048542852258424612 -0.015440535807271434
leaf_weight=4.4717954881489304 35.294230457395315 24.815876591950655 7.3813765533268443 133.88347870856524 845.12987641990185 20.328228432685137 36.079428527504206 20.425122886896133 18.122474167495966 1400.5215942151845 39.715692169964314 229.05862109735608 113.42061012983322 18.963294751942161 7.3511546850204459 29.136402636766434 14.645631626248358 122.01697141304612 10.675863504409788 15.520382296293976 6.3111769631505075 7.6938071697950354 3.6404878310859194 48.349641405045986 8.2503016144037229 20.583910040557388 3.9531974643468848 7.970238994807004 13.749797701835631 23.382162094116211
leaf_count=33 252 179 45 953 5739 123 263 46 153 8134 281 1403 713 171 21 239 137 892 87 151 36 40 26 311 73 159 17 68 106 149
internal_value=-0.000112642 -0.0287676 0.040885 0.0375433 0.0297192 -0.0317568 0.0277547 0.0248816 0.103088 -0.0329751 0.0598248 -0.0342147 -0.0370442 0.0743269 0.0421972 0.0658864 0.114443 0.0677694 0.0381798 0.0957664 0.0194348 0.110378 0.043561 -0.0187731 0.0992448 0.0876936 0.120606 0.100783 0.0290469 0.00486913
internal_weight=3290.84 1936.99 1353.85 1295.02 958.457 1894.06 930.771 865.555 42.9384 1850.03 336.56 1791.35 1513.94 184.649 151.91 65.2158 58.8315 161.733 144.559 27.686 44.0297 23.2142 23.7015 277.408 44.1858 35.9355 22.9165 28.5541 20.061 58.6764
internal_count=21000 11585 9415 8933 6511 11253 6287 5785 332 10962 2422 10561 8847 1361 1061 502 482 1173 1040 224 291 191 168 1714 345 272 188 227 142 401
is_linear=0
shrinkage=0.05


Tree=4
num_leaves=31
num_cat=0
split_feature=4 10 10 9 1 2 13 9 15 6 1 12 15 15 1 1 6 2 14 14 2 14 12 15 2 5 1 5 1 6
split_gain=1389 373.761 163.031 81.4918 81.2006 58.1936 51.404 44.8333 41.8803 28.6962 27.6547 23.614 22.2011 19.6314 18.0257 16.4094 14.8093 14.4217 14.7834 14.3687 12.0782 10.8909 9.88884 9.3809 8.05062 7.54079 7.84565 5.8415 5.38176 4.83642
threshold=1.0000000180025095e-35 2.5000000000000004 2.5000000000000004 3.5000000000000004 0.3213499933481217 7735.0351562500009 0.2650000005960465 3.5000000000000004 0.45000000298023229 0.45065000653266912 0.40365000069141393 148.44999694824222 0.45000000298023229 0.45000000298023229 0.23785000294446948 0.14265000075101855 0.45065000653266912 4842.0000000000009 0.066749997437000289 0.2120499983429909 4026.6450195312505 0.085149999707937254 249.44999694824222 0.10000000335276128 5017.0549316406259 44.149999618530281 0.134150005877018 79.350002288818374 0.32619999349117285 0.54754999279975902
decision_type=2 2 2 2 2 2 2 2 2 2 2 2 2 2 2 2 2 2 2 2 2 2 2 2 2 2 2 2 2 2
left_child=1 7 4 14 5 6 16 9 -8 -1 12 -7 -11 17 25 -9 -2 23 -19 -12 22 -13 -16 -6 28 -3 -27 -15 -17 -4
right_child=2 3 29 -5 13 11 8 15 -10 10 19 21 -14 27 20 24 -18 18 -20 -21 -22 -23 -24 -25 -26 26 -28 -29 -30 -31
leaf_value=0.0011522428098109101 0.07552703059845696 -0.017209035387501469 0.08088130562770017 0.15014241652709426 0.046549469358671165 0.13896531196519338 0.030637842756533581 -0.019747407283877604 0.076059999399559347 -0.038609754818098051 -0.021634333126769271 0.033259841247376014 -0.01618958086937498 0.13671718359044999 0.0094351172643756028 0.011554475547306747 0.0073329376579935046 0.041530375663987575 0.11481525524487246 0.019541379393670281 0.16418099784293727 0.088247217099713601 0.12718299017136717 0.075425335946191427 0.10070347409464951 0.013830925359003357 0.084432625736190314 0.073538548538940263 0.059041977243329796 0.13784338015515193
leaf_weight=57.475577060133219 8.1904543600976449 9.8564362972974795 4.1090527400374404 29.242685578763485 125.68517794087529 13.49713161587715 733.16692425310612 25.804576426744461 54.521304599940777 1424.7012358494103 145.27227016538382 17.577815681695938 119.69388506934047 11.043353639543058 4.554614555090664 22.114534042775635 284.48498226329684 10.343770474195482 20.559186652302742 24.804917361587286 3.8860574066638947 18.463356867432594 2.9303252622485161 36.235334262251854 3.898365691304206 11.810633573681118 5.9009626284241667 5.4713310934603205 8.1706931628286821 40.018683630973101
leaf_count=391 65 51 30 242 965 38 5101 152 431 8483 898 36 753 100 33 150 1815 28 74 165 19 45 35 309 14 78 56 35 65 343
internal_value=-0.000134463 -0.0278824 0.0379786 0.0870646 0.0348629 0.0295635 0.0271337 -0.0321606 0.0337818 -0.0335998 -0.0347648 0.0825545 -0.0368721 0.0634662 0.0396939 0.0103511 0.00924133 0.0589852 0.0902855 -0.0156291 0.0926636 0.0614291 0.055533 0.0530114 0.0330719 0.0178455 0.0373533 0.115786 0.0243662 0.132539
internal_weight=3283.49 1900.12 1383.37 68.1817 1339.24 1129.9 1080.36 1831.94 787.688 1771.95 1714.47 49.5383 1544.4 209.338 38.939 59.9882 292.675 192.823 30.903 170.077 11.371 36.0412 7.48494 161.921 34.1836 27.568 17.7116 16.5147 30.2852 44.1277
internal_count=21000 11585 9415 514 9042 7531 7412 11071 5532 10690 10299 119 9236 1511 272 381 1880 1376 102 1063 87 81 68 1274 229 185 134 135 215 373
is_linear=0
shrinkage=0.05


Tree=5
num_leaves=31
num_cat=0
split_feature=3 9 9 1 9 6 8 8 8 9 15 14 15 1 14 15 6 2 6 14 9 1 14 1 2 1 5 14 2 5
split_gain=1250.06 243.479 102.341 67.1618 40.7947 39.556 36.8011 35.0226 28.86 26.6133 26.5535 25.5467 24.2023 21.4779 20.4504 16.4031 15.1654 14.3922 14.1397 13.9008 10.7049 9.84795 9.78338 9.7071 9.41957 9.2092 8.67501 8.49135 9.26825 7.44695
threshold=1.0000000180025095e-35 4.5000000000000009 3.5000000000000004 0.24685000628232959 3.5000000000000004 0.45065000653266912 0.15795000642538073 0.31695000827312475 0.093949999660253539 6.5000000000000009 0.45000000298023229 0.17314999550580981 0.45000000298023229 0.37064999341964727 0.093450002372264876 0.10000000335276128 0.45065000653266912 7735.0351562500009 0.45960000157356268 0.23795000463724139 5.5000000000000009 0.11675000190734865 0.20154999941587451 0.079450000077486052 2284.0649414062505 0.48555000126361852 38.549999237060554 0.260550007224083 5611.1398925781259 64.850002288818374
decision_type=2 2 2 2 2 2 2 2 2 2 2 2 2 2 2 2 2 2 2 2 2 2 2 2 2 2 2 2 2 2
left_child=2 4 3 5 7 23 11 13 19 -3 -8 -7 18 16 17 -16 -2 -10 -9 25 27 -6 -15 -1 -25 -5 -23 28 -4 -21
right_child=1 9 20 8 21 6 10 12 14 -11 -12 -13 -14 22 15 -17 -18 -19 -20 29 -22 26 -24 24 -26 -27 -28 -29 -30 -31
leaf_value=0.016090611567489178 -0.0058534275275254413 0.053401833563874651 0.089219244677481713 0.014507498806740852 -0.019550804364972231 0.0044761756015039714 0.02853041867322936 0.019787582046064567 0.04388634414533623 0.13015459019320941 0.068404795957435746 0.037701410389819931 0.014651306770671791 -0.024321444079981366 0.062511510267106593 0.1036657287572407 -0.039694204543087468 0.11310265282018331 -0.025411803066015728 0.12338522012543535 0.13284358756726752 -0.012703886381359537 0.0094932441916127652 0.067699907966550107 0.1295265395973747 0.093259538447167112 0.047328159148353532 0.16534355218940344 0.023583328587570958 0.028119143110150985
leaf_weight=4.6201414540410068 34.233614981174469 26.169498715549707 37.924983404576778 71.549329750239849 12.953867349773644 283.75616950914264 559.63732168823481 17.91370989382267 150.3706603012979 19.869080267846584 45.117644131183624 72.671775057911873 44.206404268741608 138.36891274899244 78.993562564253807 34.913672998547554 1005.5823870897293 7.9050092399120322 507.32272406667471 5.1919453106820566 16.001278042793274 8.0536837577819842 25.301741287112236 13.961170870810749 11.025870785117148 3.9154040180146685 23.806908436119556 3.1134110167622557 6.2672159671783438 3.3912597931921482
leaf_count=33 233 179 301 460 77 1768 3686 124 1034 153 331 502 296 852 541 271 6122 19 3175 41 137 45 160 133 58 33 169 29 15 23
internal_value=-0.000153994 -0.0270291 0.0353622 0.0324422 -0.0299052 0.0257477 0.0239943 -0.0310961 0.0510618 0.0865264 0.0315052 0.0112504 -0.0208798 -0.03593 0.0589701 0.0751257 -0.0385801 0.0473433 -0.0238702 0.0254512 0.0974916 0.017208 -0.0190941 0.0826709 0.0949817 0.0185935 0.0321533 0.0855337 0.0799109 0.0857452
internal_weight=3274.11 1863.78 1410.33 1347.02 1817.74 990.79 961.183 1772.93 356.231 46.0386 604.755 356.428 569.443 1203.49 272.183 113.907 1039.82 158.276 525.236 84.0479 63.3069 44.8145 163.671 29.6072 24.987 75.4647 31.8606 47.3056 44.1922 8.58321
internal_count=21000 11585 9415 8933 11253 6511 6287 10962 2422 332 4017 2270 3595 7367 1865 812 6355 1053 3299 557 482 291 1012 224 191 493 214 345 316 64
is_linear=0
shrinkage=0.05


Tree=6
num_leaves=31
num_cat=0
split_feature=4 10 10 1 9 2 13 9 14 6 1 15 12 15 1 2 1 14 6 2 13 14 16 6 6 1 12 2 6 12
split_gain=1126.52 321.993 127.839 61.4013 55.6266 48.0939 43.912 37.7435 33.5476 25.6658 26.0029 21.0417 18.6959 15.1839 15.1753 15.0185 13.7198 12.6481 11.4881 10.8591 11.8488 9.17597 8.75338 7.80538 7.05913 5.53572 4.21936 4.94688 4.14116 3.90717
threshold=1.0000000180025095e-35 2.5000000000000004 2.5000000000000004 0.3213499933481217 3.5000000000000004 7735.0351562500009 0.2650000005960465 3.5000000000000004 0.11935000121593477 0.45065000653266912 0.40365000069141393 0.45000000298023229 148.44999694824222 0.45000000298023229 0.13554999977350238 4388.5549316406259 0.14265000075101855 0.2120499983429909 0.45065000653266912 4842.0000000000009 0.2650000005960465 0.085149999707937254 2.5000000000000004 0.51485002040863048 0.7146500051021577 0.32619999349117285 407.65000915527349 3539.2150878906255 0.6545500159263612 99.750000000000014
decision_type=2 2 2 2 2 2 2 2 2 2 2 2 2 2 2 2 2 2 2 2 2 2 2 2 2 2 2 2 2 2
left_child=1 7 3 5 14 6 18 9 -8 -1 11 -11 -7 19 -3 22 28 -12 -2 23 -21 -14 -16 -5 -18 -26 27 -15 -9 -30
right_child=2 4 -4 13 -6 12 8 16 -10 10 17 -13 21 26 15 -17 24 -19 -20 20 -22 -23 -24 -25 25 -27 -28 -29 29 -31
leaf_value=0.0010478183856123301 0.063492308045863463 0.0033720252380979587 0.11391277131886877 0.087803022691259419 0.12847338080325546 0.12072609757293698 0.022179974190497009 -0.050683130732679264 0.04357418006101646 -0.036792833355730449 -0.019986527508547687 -0.014676421142549434 0.028463367313149773 0.093158622112821748 0.028083500426740206 0.14985730157021501 0.0026225831176687193 0.018569633364310195 0.005372712226580958 0.027273558263607462 0.09482319125898335 0.077867478265529588 0.11459290133844256 0.04271729395829512 0.030753574542776427 0.088039810519601761 0.064905693781640669 0.16197469376569362 0.034411551122478838 -0.019758359466427795
leaf_weight=57.54284380748868 8.7590286806225759 16.951551977545023 47.205195773392916 10.212169907987116 31.229532569646835 14.543357014656065 537.28077140450478 7.5685702711343792 278.06834056973457 1356.8742502070963 141.10663683339953 116.8028469234705 18.201004281640053 7.8118768371641654 14.149330474436288 4.3210344761610022 15.226589582860468 25.045938290655613 290.23664342984557 8.8682525604963285 24.226625502109528 19.434030100703239 3.6857759058475486 160.052559427917 14.272589311003687 5.9856677949428549 6.1026160381734362 3.9229578673839569 4.3904529437422779 13.766014307737349
leaf_count=391 65 105 373 88 242 38 3551 39 1981 8483 898 753 36 72 110 18 89 165 1815 24 78 45 39 1186 97 43 44 19 33 80
internal_value=-0.000168216 -0.0261873 0.032995 0.0302425 0.0787149 0.0256626 0.0234658 -0.030383 0.0294763 -0.031774 -0.0329258 -0.0350399 0.0725799 0.0543951 0.0389802 0.0662239 0.00819039 -0.0141745 0.00707532 0.0505154 0.0767223 0.0539747 0.0459614 0.0454215 0.0283457 0.0476798 0.0986272 0.116164 -0.0196116 -0.00665942
internal_weight=3263.85 1828.92 1434.93 1387.72 70.3372 1166.52 1114.34 1758.58 815.349 1697.37 1639.83 1473.68 52.1784 221.197 39.1077 22.1561 61.2099 166.153 298.996 203.36 33.0949 37.635 17.8351 170.265 35.4848 20.2583 17.8375 11.7348 25.725 18.1565
internal_count=21000 11585 9415 9042 514 7531 7412 11071 5532 10690 10299 9236 119 1511 272 167 381 1063 1880 1376 102 81 149 1274 229 140 135 91 152 113
is_linear=0
shrinkage=0.05


Tree=7
num_leaves=31
num_cat=0
split_feature=4 10 10 1 9 8 2 9 13 8 14 15 8 8 1 15 1 12 1 1 14 1 9 14 2 12 8 13 2 15
split_gain=1016.81 290.388 110.109 52.8932 48.8833 42.3747 39.4078 35.2889 33.2846 29.6206 25.0456 22.1565 17.1929 16.9247 15.1289 13.3847 13.1886 13.1669 12.4352 12.416 9.54419 8.68351 9.11613 8.12637 7.94563 8.50737 6.77612 6.77402 6.43839 6.40225
threshold=1.0000000180025095e-35 2.5000000000000004 2.5000000000000004 0.3213499933481217 3.5000000000000004 0.11744999885559083 8219.7949218750018 3.5000000000000004 0.2650000005960465 0.30394999682903295 0.10235000029206277 0.45000000298023229 0.37054999172687536 0.37555000185966497 0.37064999341964727 0.45000000298023229 0.23785000294446948 31.650000572204593 0.11874999850988389 0.33200000226497656 0.16104999929666522 0.38944999873638159 1.0000000180025095e-35 0.072350002825260176 4026.6450195312505 317.44999694824224 0.51640000939369213 0.50000000000000011 5360.7849121093759 0.45000000298023229
decision_type=2 2 2 2 2 2 2 2 2 2 2 2 2 2 2 2 2 2 2 2 2 2 2 2 2 2 2 2 2 2
left_child=1 7 3 5 16 10 8 9 -7 14 27 19 15 -8 29 23 -3 -12 -9 -11 -16 22 -14 -5 25 -18 -23 -2 -20 -1
right_child=2 4 -4 12 -6 6 13 18 -10 11 17 -13 21 -15 20 -17 24 -19 28 -21 -22 26 -24 -25 -26 -27 -28 -29 -30 -31
leaf_value=-0.039280636867649363 -0.0077632574814907561 0.017121078403420326 0.10473673562460378 0.026243748225031106 0.11911636928300327 0.011157780079906608 0.11853359442819469 -0.030083282264928651 0.033925151716643287 -0.027876680172624096 0.077705871341956348 0.011622491166855514 0.099579150686247675 0.044325347325438906 -0.027770722624405348 0.092493610776279267 0.013684319496748721 0.020805400764491222 0.014773242445198665 -0.0067880250160200833 0.0024594424315384912 0.070525092417064048 0.02396411703847522 0.049042026371838271 0.13325427034066431 0.12571965854477418 0.11356002337322113 0.013948166886815085 0.076996405522971503 -0.0239499019240151
leaf_weight=863.48637121170759 148.98681870102882 27.754595384001732 48.731302015483379 72.690882753580809 31.977386880666018 218.94322168081999 17.119159191846851 16.05058553442359 601.70561596378684 446.19172069057822 11.083981331437824 45.939438465982676 5.6906435936689403 13.940111458301542 115.09373138099909 12.383085262030361 5.3395321592688543 122.88961050286889 40.713109754025936 82.737305156886578 33.77040795981884 22.482806913554668 13.306210946291683 84.551905993372202 4.3954814076423645 2.4820996448397636 15.42093340680003 47.34195776283741 4.6301057934761038 73.930614843964577
leaf_count=5517 853 185 373 469 242 1370 42 96 4041 2876 83 308 44 27 728 91 39 813 270 566 213 160 82 551 19 29 114 302 15 482
internal_value=-0.00018061 -0.0253765 0.0308458 0.0282894 0.0730385 0.0240478 0.0299433 -0.0294872 0.027851 -0.030863 0.00884574 -0.021685 0.0504223 0.0852272 -0.0357201 0.0424442 0.0361761 0.0255129 0.00773876 -0.0245779 -0.0209129 0.0742056 0.0466151 0.0385027 0.079465 0.0492374 0.0880336 -0.00252785 0.021127 -0.0380716
internal_weight=3251.76 1794.49 1457.27 1408.54 71.9491 1182.01 851.708 1722.54 820.649 1661.15 330.302 574.868 226.526 31.0593 1086.28 169.626 39.9717 133.974 61.3938 528.929 148.864 56.9006 18.9969 157.243 12.2171 7.82163 37.9037 196.329 45.3432 937.417
internal_count=21000 11585 9415 9042 514 7531 5480 11071 5411 10690 2051 3750 1511 69 6940 1111 272 896 381 3442 941 400 126 1020 87 68 274 1155 285 5999
is_linear=0
shrinkage=0.05


Tree=8
num_leaves=31
num_cat=0
split_feature=4 10 10 6 1 9 9 8 8 2 8 1 1 6 6 14 1 13 14 1 1 2 5 8 14 14 11 6 8 13
split_gain=918.871 262.823 96.0604 47.7869 46.3974 43.6558 32.9968 31.5762 28.5418 26.3617 21.3368 15.263 13.6852 13.522 12.856 12.1421 11.7037 11.6886 11.4534 11.3956 10.9925 10.6149 9.4347 8.55401 7.27847 7.1876 6.90323 6.08455 8.91738 5.83192
threshold=1.0000000180025095e-35 2.5000000000000004 2.5000000000000004 0.45065000653266912 0.27535000443458563 3.5000000000000004 3.5000000000000004 0.30394999682903295 0.32524999976158148 8219.7949218750018 0.093949999660253539 0.37064999341964727 0.46375000476837164 0.45065000653266912 0.45065000653266912 0.078549999743700041 0.13554999977350238 0.2650000005960465 0.097850002348423018 0.14265000075101855 0.11425000056624414 4388.5549316406259 89.850002288818374 0.36325000226497656 0.16104999929666522 0.05894999951124192 8.5000000000000018 0.7146500051021577 0.082750000059604659 0.50000000000000011
decision_type=2 2 2 2 2 2 2 2 2 2 2 2 2 2 2 2 2 2 2 2 2 2 2 2 2 2 2 2 2 2
left_child=1 6 3 15 7 16 8 9 11 -5 22 13 14 -1 -10 25 -3 -9 -12 -8 -17 23 -6 -18 -13 26 -2 -21 -29 -14
right_child=2 5 -4 4 10 -7 19 17 12 -11 18 24 29 -15 -16 20 21 -19 -20 27 -22 -23 -24 -25 -26 -27 -28 28 -30 -31
leaf_value=-0.0054507594728869582 0.12832338763762158 0.0023111736331040225 0.097062974658298551 0.012086485483664922 0.028404917765259552 0.1114432853026147 -0.018485734909358179 0.016748624143634459 0.020221257873984835 0.066430385433280698 0.040731252748169793 -0.025841920107315661 0.0078162858867886452 -0.037897636906548848 -0.023185324208800148 0.046517887206869113 0.022317217547120599 0.036935415892556299 0.063652519341828515 0.0014107056087677749 0.12386390156459348 0.12262841509454253 -0.014747042897742381 0.10594385526462301 -0.00023735989841017769 0.004155920126695441 0.04847206280898847 -0.012742018571582631 0.061990136474581903 0.077155217088050787
leaf_weight=33.25824799016118 3.6688714697957066 17.168880596756935 49.921695195138454 685.17506437003613 54.551943905651569 32.456383638083935 25.245847415179014 96.348129484802485 17.696937173604965 23.0670385658741 138.34135259687901 120.49516316875815 12.267426885664465 929.79682243987918 472.69237232208252 6.3061998896300819 14.858408894389873 280.39071968570352 89.92745278403163 15.416029717773197 16.915900900959969 4.8361247032880774 16.497456151992083 3.850273970514535 36.061867650598288 6.0416162312030783 10.3198573179543 5.370094150304797 15.551912166178225 4.02824418619275
leaf_count=232 35 105 373 4353 352 242 152 599 122 48 875 775 86 6108 3105 43 114 1802 607 89 132 18 91 35 228 33 72 31 109 34
internal_value=-0.000190375 -0.0245852 0.0288866 0.0265025 0.0248855 0.0681875 -0.0286069 0.0200775 -0.0299673 0.0138564 0.0423134 -0.0344233 -0.020121 -0.0367771 -0.0216189 0.0782558 0.0337046 0.0317728 0.0497612 0.00731845 0.10286 0.0565967 0.0183852 0.0395277 -0.0199441 0.0497313 0.0694149 0.0252459 0.0428085 0.0249567
internal_weight=3238.52 1761.05 1477.47 1427.55 1384.3 73.1701 1687.88 1084.98 1626.3 708.242 299.318 1119.61 506.685 963.055 490.389 43.2524 40.7137 376.739 228.269 61.5839 23.2221 23.5448 71.0494 18.7087 156.557 20.0303 13.9887 36.338 20.922 16.2957
internal_count=21000 11585 9415 9042 8727 514 11071 6802 10690 4401 1925 7343 3347 6340 3227 315 272 2401 1482 381 175 167 443 149 1003 140 107 229 140 120
is_linear=0
shrinkage=0.05


Tree=9
num_leaves=31
num_cat=0
split_feature=3 10 10 8 9 13 9 8 14 0 14 2 2 14 2 8 8 14 9 5 8 5 0 12 0 0 8 5 0 5
split_gain=831.215 238.44 84.6908 40.1723 39.5699 33.6493 30.8258 27.4801 24.465 17.5677 16.6042 14.335 11.3659 11.191 11.1073 9.49719 9.2043 10.2736 9.04113 9.01845 8.74034 7.07458 6.50116 6.15432 5.67233 5.65501 5.64927 5.31879 5.30157 4.99397
threshold=1.0000000180025095e-35 2.5000000000000004 2.5000000000000004 0.099150002002716078 3.5000000000000004 0.2650000005960465 3.5000000000000004 0.30394999682903295 0.18714999407529834 2.5000000000000004 0.11935000121593477 4604.5700683593759 7735.0351562500009 0.16104999929666522 10212.334960937502 0.37344999611377722 0.60834997892379772 0.053950000554323203 3.5000000000000004 34.45000076293946 0.36325000226497656 79.350002288818374 1.5000000000000002 36.649999618530281 2.5000000000000004 2.5000000000000004 0.073650002479553237 39.549999237060554 2.5000000000000004 44.149999618530281
decision_type=2 2 2 2 2 2 2 2 2 2 2 2 2 2 2 2 2 2 2 2 2 2 2 2 2 2 2 2 2 2
left_child=2 6 3 8 15 9 7 13 18 12 14 21 -5 24 -7 29 22 -18 23 -12 -11 -10 -9 -1 -2 -15 -8 -20 -28 -3
right_child=1 4 -4 5 -6 10 26 16 11 20 19 -13 -14 25 -16 -17 17 -19 27 -21 -22 -23 -24 -25 -26 -27 28 -29 -30 -31
leaf_value=0.02625405268908021 -0.038305838674911906 -0.0067668544426078558 0.090530438008369185 0.0090809415667598477 0.10503931864325292 0.028685688482993594 -0.02525340621174332 -0.026794037271091101 0.03914795097080561 0.036960456577239793 0.064846641498459923 0.090754265249864755 0.067644136113415951 -0.027162737328724249 0.089620761015682768 0.077610472850982756 -0.029115234623087922 0.013523064003952626 0.016938911665204504 0.040615030045661249 0.10546652628072686 -0.00065084764540091899 -0.014955300807217728 6.1917843739926501e-05 -0.024996579135220229 -0.0025193531378258044 0.0078140270638996888 0.10141320832329853 0.05619326008655167 0.033869097579712841
leaf_weight=24.604027900844812 701.81525537371635 11.910221602767704 50.822711702436209 250.80504373833537 32.7059191390872 525.50231826677918 11.173936478793619 312.41571260243654 37.868584532290697 15.763051297515632 45.924330942332745 10.714318662881849 8.5680803060531598 216.3803227506578 7.5864732265472403 8.7814926393330079 22.100132998079062 39.161306332796812 3.8182188048958769 234.29332097619772 6.607699327170848 15.835348546504973 184.41476453468204 253.51128330081701 90.36366767808795 26.085905931890011 44.068696901202202 3.6396156549453735 6.4976779595017424 20.703684888780117
leaf_count=158 4692 64 373 1554 242 3327 65 2052 280 105 314 34 17 1485 14 62 152 299 20 1511 52 105 1247 1519 593 170 278 32 38 146
internal_value=-0.000197769 -0.0238135 0.0270919 0.0248607 0.0639336 0.0295738 -0.0277435 -0.0290872 0.0101145 0.0146822 0.0347325 0.037948 0.0110155 -0.0339108 0.0295529 0.0314565 -0.0201449 -0.00185875 0.00383591 0.0445863 0.0571952 0.0274127 -0.0223997 0.00237906 -0.0367877 -0.0245115 0.00692092 0.0581645 0.0140307 0.0190293
internal_weight=3224.44 1728.58 1495.86 1445.04 74.1013 1095.05 1654.48 1592.74 349.991 281.744 813.306 64.4183 259.373 1034.65 533.089 41.3954 558.092 61.2614 285.573 280.218 22.3708 53.7039 496.83 278.115 792.179 242.466 61.7403 7.45783 50.5664 32.6139
internal_count=21000 11585 9415 9042 514 6894 11071 10690 2148 1728 5166 419 1571 6940 3341 272 3750 451 1729 1825 157 385 3299 1677 5285 1655 381 52 316 210
is_linear=0
shrinkage=0.05


Tree=10
num_leaves=31
num_cat=0
split_feature=3 10 10 15 1 9 9 8 8 14 15 9 8 6 1 6 1 8 1 6 1 1 1 1 14 8 8 8 14 1
split_gain=752.328 216.648 75.3393 44.1448 38.475 36.3644 28.8018 26.3768 23.444 23.2747 21.1216 20.2574 16.3731 14.6673 13.8891 12.7252 11.2304 10.9712 12.4102 10.4159 12.0288 10.0468 10.0417 8.50216 8.13731 7.78637 8.03895 7.64025 7.55399 5.78356
threshold=1.0000000180025095e-35 2.5000000000000004 2.5000000000000004 0.45000000298023229 0.14705000072717669 3.5000000000000004 3.5000000000000004 0.30394999682903295 0.49304999411106115 0.25355000793933874 0.45000000298023229 3.5000000000000004 0.082750000059604659 0.49670000374317175 0.37064999341964727 0.45065000653266912 0.33200000226497656 0.25045000016689306 0.099849998950958266 0.6521500051021577 0.32619999349117285 0.20914999395608905 0.13554999977350238 0.38244999945163732 0.20154999941587451 0.34544999897480017 0.24145000427961352 0.073650002479553237 0.12155000120401384 0.15505000203847888
decision_type=2 2 2 2 2 2 2 2 2 2 2 2 2 2 2 2 2 2 2 2 2 2 2 2 2 2 2 2 2 2
left_child=2 6 3 4 11 22 7 14 9 -6 16 12 -1 -5 15 -2 -9 21 -19 -8 27 -15 -3 -10 -16 26 -24 -21 -13 -12
right_child=1 5 -4 13 8 -7 19 10 23 -11 29 28 -14 17 24 -17 -18 18 -20 20 -22 -23 25 -25 -26 -27 -28 -29 -30 -31
leaf_value=-0.0058538927457023717 -0.0040165007154422516 0.00047739838153357098 0.08488545642476078 0.15085741514375606 0.022554099111829227 0.099616589365540145 -0.029059619095630471 -0.025592259492057942 0.045286618491145091 0.056096011268314531 -0.0028789665913594277 0.038631768748952786 0.014337412683211967 0.019805781944732356 -0.023830739313987062 -0.03656276331562594 -0.005269949115743312 0.025036685082904894 0.081859015757611869 -0.041079895498633556 0.074414272285837177 0.064055588815420436 0.059372377944921555 0.083742389170825465 0.0084899859892791762 0.098605912489674929 -0.0088977248736366345 0.01716024237698012 0.099833512976501393 0.033117854144465719
leaf_weight=126.35352033749223 31.151811573654413 17.542572438716888 51.474153138697147 3.7526410073041907 573.21422692015767 32.759784899652004 15.422344177961348 424.43747980892658 63.087974369525909 56.847967106848955 24.685214694589376 16.764771733433012 488.83432403206825 36.921374671161175 119.30649523437023 836.4365172944963 80.945811338722706 12.929480068385599 37.416726484894753 6.8465077951550475 7.9366252757608882 19.656966008245945 11.463897861540323 18.613570600748062 23.272945936769247 6.1712481155991545 6.9117623865604392 31.724460862576962 7.2102471478283396 20.363479036837816
leaf_count=733 221 105 373 37 3559 242 87 2876 410 367 162 97 2955 234 796 5778 566 82 261 39 53 129 87 125 145 45 35 202 53 146
internal_value=-0.000202975 -0.0230553 0.0254329 0.0233392 0.020852 0.0601135 -0.026892 -0.0282191 0.0288481 0.0255805 -0.0194131 0.0119476 0.0101903 0.0536978 -0.0330174 -0.0353942 -0.0223373 0.0502878 0.0672664 0.00654895 0.0183571 0.0351795 0.0293669 0.0540478 -0.0185551 0.0500129 0.0336935 0.00682238 0.0570376 0.0133928
internal_weight=3210.46 1697.38 1513.08 1461.6 1350.93 74.8493 1622.53 1560.6 711.764 630.062 550.432 639.163 615.188 110.677 1010.17 867.588 505.383 106.925 50.3462 61.9299 46.5076 56.5783 42.0895 81.7015 142.579 24.5469 18.3757 38.571 23.975 45.0487
internal_count=21000 11585 9415 9042 8299 514 11071 10690 4461 3926 3750 3838 3688 743 6940 5999 3442 706 343 381 294 363 272 535 941 167 122 241 150 308
is_linear=0
shrinkage=0.05


Tree=11
num_leaves=31
num_cat=0
split_feature=4 10 10 6 1 9 8 8 2 14 1 15 6 8 1 15 14 9 1 6 9 1 14 2 2 5 12 14 12 1
split_gain=681.548 197.245 67.5001 40.1613 36.5315 33.6673 29.8995 27.3697 23.799 21.4977 17.4606 14.8806 12.7227 12.4532 12.078 9.99174 9.70553 9.2712 9.02782 9.01133 8.78591 8.67676 8.02604 11.0503 8.01434 6.34504 6.52023 6.14136 6.27043 5.99548
threshold=1.0000000180025095e-35 2.5000000000000004 2.5000000000000004 0.45065000653266912 0.3213499933481217 3.5000000000000004 0.15795000642538073 0.32524999976158148 8219.7949218750018 0.17314999550580981 0.37064999341964727 0.45000000298023229 0.45065000653266912 0.37054999172687536 0.32619999349117285 0.45000000298023229 0.078549999743700041 3.5000000000000004 0.23785000294446948 0.45065000653266912 2.5000000000000004 0.11425000056624414 0.16825000196695331 5763.5000000000009 6236.8850097656259 44.149999618530281 83.549999237060561 0.05894999951124192 161.65000152587893 0.15984999388456347
decision_type=2 2 2 2 2 2 2 2 2 2 2 2 2 2 2 2 2 2 2 2 2 2 2 2 2 2 2 2 2 2
left_child=1 7 3 16 6 18 9 10 -8 -5 12 14 -1 15 19 -6 27 -14 25 -9 -16 -18 -12 -24 -15 -3 -27 28 -2 -13
right_child=2 5 -4 4 13 -7 8 11 -10 -11 22 29 17 24 20 -17 21 -19 -20 -21 -22 -23 23 -25 -26 26 -28 -29 -30 -31
leaf_value=-0.0028289575947015397 0.017892406542846077 -0.019850320688876363 0.07994438581306873 0.00066525953092813487 0.028422628120751078 0.094968769590249177 0.021220531492658665 0.017307182461933988 0.069965439095877449 0.028083188694337815 -0.021218444107342534 -0.00470499815992316 -0.035292908908056461 0.052605194755200958 -0.0063177185997767117 0.074032050783471776 0.040284375665208767 -0.00852251497078221 0.061410536858924829 -0.023980397003833764 0.050118393976350109 0.10759658910553327 -0.0043637610192236642 0.08278180570510825 0.1171984657410228 -0.029379135357707722 0.043713421496176713 0.001388632347108119 0.085805334551918119 0.033198188884199849
leaf_weight=33.339378211647272 5.3737668506801155 10.227178014814855 51.91045904904604 340.99626759439707 161.18961345404387 32.647171288728714 740.59522746503353 13.697112806141375 25.916658133268356 90.45847973972559 123.98526598885655 23.787343848496675 860.62888652458787 54.075614418834448 64.956252448260784 12.974602766335009 6.5293222218751934 33.60483193397522 13.443789131939409 376.00446039438248 7.7153633274137965 17.946404609829187 31.118824187666178 4.1191816031932822 5.2701269686222068 3.8198201842606094 15.161113779991863 6.1778157092630854 9.2483407557010633 18.583953808993101
leaf_count=239 37 51 373 2023 982 242 4623 98 54 571 830 155 6108 371 455 88 43 206 87 2575 59 132 207 13 15 22 112 33 70 126
internal_value=-0.000207273 -0.0223208 0.0239051 0.0219352 0.0204688 0.0567545 0.0169423 -0.026062 0.0228687 0.00641368 -0.0305305 -0.0164407 -0.0331562 0.0385606 -0.0190395 0.0318204 0.0682991 -0.0342869 0.027504 -0.0225292 -0.000326038 0.0896399 -0.0152338 0.00582321 0.0583413 0.0118977 0.0290039 0.043187 0.0608467 0.0119193
internal_weight=3195.5 1666.84 1528.66 1476.75 1431.48 75.2991 1197.97 1591.54 766.512 431.455 1086.8 504.744 927.573 233.51 462.373 174.164 45.2757 894.234 42.6519 389.702 72.6716 24.4757 159.223 35.238 59.3457 29.2081 18.9809 20.7999 14.6221 42.3713
internal_count=21000 11585 9415 9042 8727 514 7271 11071 4677 2594 7603 3468 6553 1456 3187 1070 315 6314 272 2673 514 175 1050 220 386 185 134 140 107 281
is_linear=0
shrinkage=0.05


Tree=12
num_leaves=31
num_cat=0
split_feature=3 10 10 15 2 8 8 6 6 0 10 0 15 6 15 8 8 8 8 8 12 12 8 13 14 5 2 13 12 5
split_gain=617.906 179.752 60.8193 37.4392 31.8617 29.3812 26.6909 24.5757 17.544 16.8907 16.6566 16.2103 12.96 11.6739 11.4156 11.0583 8.95295 9.00626 8.60458 11.8952 7.51482 7.35847 7.02538 6.69216 6.52307 7.28273 6.07898 4.99152 4.54402 4.37924
threshold=1.0000000180025095e-35 2.5000000000000004 2.5000000000000004 0.45000000298023229 8219.7949218750018 0.3189499974250794 0.48389999568462377 0.45065000653266912 0.45065000653266912 2.5000000000000004 3.5000000000000004 2.5000000000000004 0.45000000298023229 0.49670000374317175 0.45000000298023229 0.37344999611377722 0.25045000016689306 0.43594999611377722 0.28264999389648443 0.12625000625848773 613.45001220703136 1091.0000000000002 0.078850001096725478 0.50000000000000011 0.028849999420344833 65.250000000000014 4842.0000000000009 0.50000000000000011 178.75000000000003 21.550000190734867
decision_type=2 2 2 2 2 2 2 2 2 2 2 2 2 2 2 2 2 2 2 2 2 2 2 2 2 2 2 2 2 2
left_child=2 6 3 4 5 7 8 -1 26 12 15 -7 -10 -5 20 29 27 -18 19 -6 23 -22 -11 -8 -16 -26 -2 -15 -17 -3
right_child=1 10 -4 13 18 11 14 -9 9 22 -12 -13 -14 16 24 28 17 -19 -20 -21 21 -23 -24 -25 25 -27 -28 -29 -30 -31
leaf_value=0.057817344513411063 -0.0059835945031270254 -0.039802035686471858 0.075570909040841516 0.13221201512386424 0.046659697745111466 0.024293420933572809 -0.021552876796631905 0.010224200958390094 -0.032407345703984507 -0.03189592013706951 0.082548801229515772 0.055967905725588879 -0.013189479137114372 0.022775924785283817 -0.018832110740727392 0.043328013852444572 0.078325713437002287 0.036372312989196874 0.033796114384290768 0.11104618152186321 0.028740555139236474 -0.028417326406834028 -0.0074743941176851894 0.0048149139415584958 0.087628297862129778 0.0073497895284711642 0.042526446758179716 0.05605598844391111 0.10877340836796326 0.026113175397767335
leaf_weight=27.998572759330273 42.512941058725119 2.7348676621913901 52.161581382155418 3.9890226721763602 16.452686488628391 382.42760372161865 112.09816327691078 868.50963426753879 1070.8017797768116 39.019616886973381 30.110600627958775 45.163957174867392 95.556073270738125 42.510773934423923 4.386786922812461 4.8582852855324727 29.560461722314358 22.551580291241407 22.924879014492035 12.718711256980894 19.878937080502514 7.8561967313289633 120.05680185183883 30.641053311526775 6.5168782472610456 4.9870224818587303 7.6149295121431342 15.32988105714321 5.8411979414522648 32.043702077120543
leaf_count=196 325 11 373 37 32 2381 757 5321 7649 260 221 297 676 262 25 27 208 135 42 30 166 52 813 239 50 34 25 101 44 211
internal_value=-0.000209605 -0.0216002 0.0225015 0.0206439 0.0183634 0.0168543 -0.0252444 0.0117106 -0.0276503 -0.0287484 0.0537034 0.027639 -0.0308329 0.0481873 -0.00748703 0.0346052 0.045139 0.0601703 0.0567183 0.0747322 -0.0112652 0.0125501 -0.0134647 -0.0158926 0.0330448 0.052827 0.00138557 0.0315964 0.0790568 0.0209298
internal_weight=3179.82 1637.52 1542.3 1490.14 1376.2 1324.1 1561.93 896.508 1375.56 1325.43 75.5887 427.592 1166.36 113.942 186.365 45.4781 109.953 52.112 52.0963 29.1714 170.474 27.7351 159.076 142.739 15.8907 11.5039 50.1279 57.8407 10.6995 34.7786
internal_count=21000 11585 9415 9042 8299 8195 11071 5517 9748 9398 514 2678 8325 743 1323 293 706 343 104 62 1214 218 1073 996 109 84 350 363 71 222
is_linear=0
shrinkage=0.05


Tree=13
num_leaves=31
num_cat=0
split_feature=4 10 9 1 9 9 8 8 14 15 6 1 6 8 2 7 2 2 14 1 1 1 2 7 13 6 8 16 5 9
split_gain=560.341 163.572 61.2043 35.3951 31.1598 26.7807 23.842 21.1259 21.6885 17.9213 16.8226 16.0742 15.1558 13.8476 18.2384 12.5824 12.1851 11.6996 10.7002 10.3313 10.0395 8.00681 8.6622 7.61863 6.9387 6.63537 7.362 6.33566 6.1352 6.02526
threshold=1.0000000180025095e-35 2.5000000000000004 3.5000000000000004 0.14705000072717669 3.5000000000000004 3.5000000000000004 0.44734999537467962 0.49304999411106115 0.31269998848438268 0.45000000298023229 0.45065000653266912 0.42084999382495886 0.45065000653266912 0.20175000280141833 8219.7949218750018 4.5000000000000009 5017.0549316406259 5763.5000000000009 0.13704999536275866 0.39955000579357153 0.11874999850988389 0.134150005877018 4388.5549316406259 3.5000000000000004 0.50000000000000011 0.71985000371932995 0.10435000061988832 2.5000000000000004 76.850002288818374 1.5000000000000002
decision_type=2 2 2 2 2 2 2 2 2 2 2 2 2 2 2 2 2 2 2 2 2 2 2 2 2 2 2 2 2 2
left_child=1 5 3 9 21 6 11 8 10 13 -5 12 -1 14 -2 -15 -10 -9 24 -20 -7 -3 27 -13 -8 28 -27 -23 -22 -11
right_child=2 4 -4 7 -6 20 18 17 16 29 -12 23 -14 15 -16 -17 -18 -19 19 -21 25 22 -24 -25 -26 26 -28 -29 -30 -31
leaf_value=-0.0015855295802157223 -0.0015593508190059329 -0.0024335838121950976 0.067025067370335367 0.065189206898465857 0.088124550206038058 -0.027184247004926023 -0.02368953893235258 0.041804997809946995 0.051647719400113104 0.051267293302072407 0.01998950105846807 -0.017359255888218069 -0.031436370830422798 0.012041880825003541 0.071965281425885486 0.043199794319064629 0.14311759215293232 0.093846331031314151 -0.00071890970252401877 0.065606735168557626 -0.018545476124952633 0.012115845208177378 0.097916531167400289 0.01414074672624873 0.0010601909737167911 -0.0034376592676385398 0.053763090318498657 0.079643782072745209 0.047066987161200967 0.016596100370014296
leaf_weight=44.246378283947706 288.65127201750875 17.887085653841496 69.59348151832819 21.262226432561874 32.096533663570881 15.147685792297123 123.96123488247395 78.085246808826923 27.497532740235332 34.062083058059216 646.80975047126412 83.938200000673532 1090.4910368677229 307.4849545955658 8.6883998811244947 36.218205887824297 4.1966062933206549 12.53313574194908 62.303256317973137 6.482121665030717 14.565536461770536 16.392481032758958 5.3208247423171988 24.886478539556265 36.703948087990284 8.1379587836563605 18.217325892299414 4.4073826931416979 4.71653739362955 19.823433842509985
leaf_count=308 1721 103 482 145 242 96 861 529 198 233 3891 562 7988 1779 19 245 15 38 455 55 79 112 18 187 274 47 124 39 35 120
internal_value=-0.000210896 -0.0208873 0.0211968 0.0190495 0.0506619 -0.0244374 -0.0257796 0.026287 0.0233453 0.010818 0.021428 -0.028512 -0.0302724 0.00849003 0.000589072 0.0153252 0.0637592 0.0490027 -0.0109705 0.00553141 0.00808643 0.023339 0.0409877 -0.0101557 -0.0180355 0.0197933 0.0361007 0.0264247 -0.00249618 0.0385124
internal_weight=3164.81 1609.9 1554.91 1485.31 76.1043 1533.8 1473.01 790.384 699.766 694.928 668.072 1243.56 1134.74 641.043 297.34 343.703 31.6941 90.6184 229.451 68.7854 60.785 44.0078 26.1207 108.825 160.665 45.6374 26.3553 20.7999 19.2821 53.8855
internal_count=21000 11585 9415 8933 514 11071 10690 4816 4249 4117 4036 9045 8296 3764 1740 2024 213 567 1645 510 381 272 169 749 1135 285 171 151 114 353
is_linear=0
shrinkage=0.05


Tree=14
num_leaves=31
num_cat=0
split_feature=3 10 9 15 9 1 9 15 1 6 6 6 6 1 1 13 6 11 1 7 1 13 1 10 6 14 6 9 1 6
split_gain=508.314 149.368 54.2885 32.6824 29.3215 29.1559 24.8829 21.6266 20.4881 17.9574 17.3534 17.1554 10.4919 9.07574 8.90654 8.78254 8.72641 8.17008 7.81136 9.82089 7.65342 8.96513 7.09853 6.51379 7.08874 6.68333 6.4683 6.14423 6.10868 5.83753
threshold=1.0000000180025095e-35 2.5000000000000004 3.5000000000000004 0.45000000298023229 3.5000000000000004 0.14705000072717669 3.5000000000000004 0.45000000298023229 0.33749999105930334 0.45065000653266912 0.9770999848842622 0.45065000653266912 0.44134999811649328 0.11874999850988389 0.11484999954700471 0.2650000005960465 0.49670000374317175 1.5000000000000002 0.14774999767541888 1.5000000000000002 0.20914999395608905 0.2650000005960465 0.23785000294446948 2.5000000000000004 0.78734999895095836 0.051950000226497657 0.80914998054504406 1.0000000180025095e-35 0.12664999812841418 0.71985000371932995
decision_type=2 2 2 2 2 2 2 2 2 2 2 2 2 2 2 2 2 2 2 2 2 2 2 2 2 2 2 2 2 2
left_child=2 6 3 5 22 12 7 8 11 27 -11 -2 14 -8 -1 -14 -5 -10 -9 -20 21 -18 -3 24 25 28 -26 -7 -4 -15
right_child=1 4 23 16 -6 9 13 18 17 10 -12 -13 15 29 -16 -17 20 -19 19 -21 -22 -23 -24 -25 26 -27 -28 -29 -30 -31
leaf_value=0.018915812091964447 0.0011213188177470568 0.0082791761989993006 0.0058394994424765803 0.11807047631650035 0.084949301684731526 0.031329810195255534 -0.026295640834191517 -0.017568131715486993 0.019694390156819869 0.020426488029309825 0.10612798861119764 -0.03088375520577584 -0.0029942353645032935 -0.0023862215561093712 0.093458537073775744 0.010493139509375452 0.004611232684790423 -0.015801584260029138 -0.019144139787878156 0.022750511254437781 0.058076575592003313 0.042953076945752171 0.0511764715267021 0.086160979336568536 -0.01977525149766746 0.094435411795900842 0.04614429671928659 0.08312396894860824 0.080569774797547788 0.033706269713022138
leaf_weight=10.789551563560964 43.595411162823439 30.238870866596699 5.5986222289502638 3.7897777408361426 31.642717204988003 8.964619494974615 14.883427269756792 59.797621201723814 17.599230952560902 706.5838387273252 5.9565432630479327 1057.9692341908813 163.26609560847282 19.251076772809029 6.3747080117464057 462.94772683084011 22.167662996798754 205.50472482293844 21.704610403627157 39.348879735916853 41.176973234862089 48.825765673071146 14.159616038203238 21.038857266306877 4.5809249468147781 14.074150606989859 19.832417327910662 15.849242981523274 5.3456362672150135 26.797799039632082
leaf_count=68 307 185 24 34 242 54 96 418 133 4217 46 7931 950 114 47 2699 123 1444 153 304 256 327 87 171 21 104 124 112 38 171
internal_value=-0.000211888 -0.0202009 0.0199726 0.0179533 0.0481715 0.0158121 -0.0236521 -0.0249714 -0.0268187 0.022599 0.0211429 -0.0296171 0.00803382 0.00764697 0.0466006 0.00697672 0.0434487 -0.0130015 -0.00472351 0.0078569 0.0409275 0.0309809 0.02196 0.06286 0.0529427 0.0716468 0.0337751 0.0644121 0.0423409 0.0186175
internal_weight=3149.66 1582.49 1567.16 1496.69 76.0412 1380.73 1506.45 1445.52 1324.67 737.354 712.54 1101.56 643.378 60.9323 17.1643 626.214 115.96 223.104 120.851 61.0535 112.17 70.9934 44.3985 70.4706 49.4318 25.0184 24.4133 24.8139 10.9443 46.0489
internal_count=21000 11585 9415 8933 514 8193 11071 10690 9815 4429 4263 8238 3764 381 115 3649 740 1577 875 457 706 450 272 482 311 166 145 166 62 285
is_linear=0
shrinkage=0.05


Tree=15
num_leaves=31
num_cat=0
split_feature=3 10 10 1 9 14 8 8 2 1 9 6 1 6 6 9 2 14 2 2 8 9 14 2 12 3 1 2 12 13
split_gain=461.324 136.459 51.6451 27.8651 27.7467 27.2381 25.5091 21.331 21.3176 15.2603 14.6917 14.2798 11.973 10.4264 10.33 9.32028 8.48506 14.1636 12.6165 10.397 11.198 7.82882 7.54943 9.41341 6.93349 6.75165 6.55055 7.41175 5.7495 4.78902
threshold=1.0000000180025095e-35 2.5000000000000004 2.5000000000000004 0.3213499933481217 3.5000000000000004 0.11935000121593477 0.32524999976158148 0.1025499999523163 7735.0351562500009 0.37064999341964727 3.5000000000000004 0.44134999811649328 0.46375000476837164 0.45065000653266912 0.45065000653266912 3.5000000000000004 4201.7800292968759 0.065949998795986189 6457.9150390625009 3971.8400878906255 0.093949999660253539 3.5000000000000004 0.16565000265836718 5763.5000000000009 107.64999771118165 1.5000000000000002 0.134150005877018 4388.5549316406259 230.84999847412112 0.50000000000000011
decision_type=2 2 2 2 2 2 2 2 2 2 2 2 2 2 2 2 2 2 2 2 2 2 2 2 2 2 2 2 2 2
left_child=2 6 3 5 26 7 9 24 10 13 -7 -9 14 -2 25 -16 19 -18 -19 20 -5 -15 -11 -24 -1 -8 -3 28 -28 -14
right_child=1 4 -4 16 -6 8 12 11 -10 22 -12 -13 29 21 15 -17 17 18 -20 -21 -22 -23 23 -25 -26 -27 27 -29 -30 -31
leaf_value=0.010295264491319105 -0.0025627364366008574 -0.0027170363450812799 0.067931953326330161 0.0094456740217477679 0.082138784115472097 0.020142578764517281 0.0059458431052297912 0.059618761868234907 0.074371276021538826 -0.018978755785786984 0.075573051815205586 0.012125228141241298 0.012198829273489493 -0.03214238648089289 -0.017848640539519706 0.019495047856127615 0.019324122190879613 0.10092138239442827 0.037651191907014325 -0.030147005367476089 0.037169975697002554 -0.0072690976020011238 -0.0021361356359382768 0.077299613767753572 -0.010832769864098304 0.079874352502949914 -0.0029253110439062821 0.087971996388082924 0.048986983005519763 0.072911316912901911
leaf_weight=52.48029176145792 33.217728484421968 17.948497179895639 51.808069489896297 49.335458528250456 31.10269833356142 417.05864642187953 13.800967402756216 16.249024741351604 20.134975403547287 117.26203681528568 12.306791659444569 609.05216395109892 12.442408040165903 784.17201992869377 425.03867693990469 17.392066027969122 22.10519777238369 16.930950403213505 14.737729281187056 7.4921651035547248 139.14241852983832 32.965039845556021 31.303976334631443 4.2339723259210578 149.29503329843283 3.9786892943084231 10.703089073300367 5.5145298391580573 10.632015645503996 4.3955806493759146
leaf_count=310 239 103 373 328 242 2594 87 106 44 822 87 3556 89 6108 3105 114 61 68 33 22 999 206 215 13 834 37 68 18 83 36
internal_value=-0.000211372 -0.0195293 0.0188369 0.0171705 0.0458574 0.0141823 -0.0228821 0.00879805 0.0240893 -0.0274085 0.0217314 0.0133594 -0.0133638 -0.0300227 -0.014879 -0.0163807 0.0324445 0.0500383 0.0714772 0.0276168 0.0299129 -0.0311389 -0.0128604 0.0073278 -0.00533752 0.0224894 0.0206678 0.0363001 0.0229444 0.0280479
internal_weight=3134.23 1556.1 1578.13 1526.32 75.9008 1276.58 1480.2 827.077 449.5 1003.15 429.365 625.301 477.048 850.355 460.21 442.431 249.744 53.7739 31.6687 195.97 188.478 817.137 152.8 35.5379 201.775 17.7797 44.7981 26.8496 21.3351 16.838
internal_count=21000 11585 9415 9042 514 7531 11071 4806 2725 7603 2681 3662 3468 6553 3343 3219 1511 162 101 1349 1327 6314 1050 228 1144 124 272 169 151 125
is_linear=0
shrinkage=0.05


Tree=16
num_leaves=31
num_cat=0
split_feature=3 10 10 15 9 8 1 6 14 1 15 9 8 9 6 1 6 15 14 8 12 14 9 8 11 6 8 9 1 1
split_gain=418.879 124.754 47.1134 26.9397 26.3162 24.1856 22.96 15.7793 14.7178 14.5522 12.2389 12.2027 11.4948 9.90368 9.88898 8.79543 8.42043 8.04679 7.75201 9.54846 8.03545 6.92644 7.3793 6.09983 5.79893 5.53386 5.13479 5.8312 4.46563 4.20734
threshold=1.0000000180025095e-35 2.5000000000000004 2.5000000000000004 0.45000000298023229 3.5000000000000004 0.32524999976158148 0.14705000072717669 0.9770999848842622 0.31269998848438268 0.37064999341964727 0.45000000298023229 3.5000000000000004 0.082750000059604659 3.5000000000000004 0.45065000653266912 0.33200000226497656 0.49670000374317175 0.45000000298023229 0.06515000015497209 0.2808500081300736 46.250000000000007 0.16565000265836718 2.5000000000000004 0.37344999611377722 6.5000000000000009 0.6545500159263612 0.53154999017715465 1.0000000180025095e-35 0.50634998083114635 0.134150005877018
decision_type=2 2 2 2 2 2 2 2 2 2 2 2 2 2 2 2 2 2 2 2 2 2 2 2 2 2 2 2 2 2
left_child=2 5 3 6 23 9 11 8 -8 14 13 12 -1 15 -2 -7 -5 -16 20 -20 -18 28 -23 29 -13 -15 27 -12 -11 -3
right_child=1 4 -4 16 -6 10 7 -9 -10 21 26 24 -14 25 17 -17 18 -19 19 -21 -22 22 -24 -25 -26 -27 -28 -29 -30 -31
leaf_value=-0.0072661666940009393 -0.0024387661016784406 -0.012269308292751899 0.064763759449255096 0.10806045324579328 0.079636029465996697 -0.020117035389260421 0.018047194103468261 0.097183066350197966 0.051877319128082446 -0.021043579852918919 0.04407875616880122 0.0033897088393459169 0.0094935807574853138 -0.032483076154820621 -0.031826108353731973 -0.00046885322840564355 0.08380519484640106 -0.013745800133263342 0.031982927437780945 0.07085289362445564 0.015046320092789861 -0.0028846499736184458 0.059646391187980589 0.054217464224012239 0.055858465235605573 0.036908979466444419 0.046158225864202478 -0.0073223988876217122 0.016566560693680125 0.023318758071731675
leaf_weight=128.05024907365441 33.162436723709106 13.419499605894087 51.629554644227028 4.2578162774443618 30.491564951837063 345.3009528927505 713.34666480496526 6.6069934032857409 33.666882310062647 107.21002024039626 7.0306687951087943 7.3340460583567646 508.89418438076973 3.6582799851894405 730.97452746145427 68.208799544721842 4.6928903125226489 67.196183290332556 38.959871541708708 26.577761229127645 44.92767946049571 30.064999762922525 5.5962800793349734 9.8780308663845044 18.675998002290726 13.385965660214422 9.1274339668452722 25.638725187629461 8.5196690671145898 21.790692996233702
leaf_count=733 239 77 373 37 242 2579 4200 49 212 755 54 34 2955 23 5799 494 32 515 241 181 252 195 33 62 116 91 71 156 67 133
internal_value=-0.000210129 -0.0188736 0.0177836 0.0162045 0.0437587 -0.0221268 0.0142819 0.0202523 0.0195719 -0.026596 -0.0128288 0.00749503 0.00612423 -0.0153365 -0.0291924 -0.0168761 0.0390111 -0.030304 0.0364581 0.047746 0.0215492 -0.0123381 0.00692827 0.0194961 0.0410639 0.0220151 0.0130027 0.00373947 -0.0182748 0.00975524
internal_weight=3118.28 1530.65 1587.62 1535.99 75.5798 1455.07 1416.58 753.621 747.014 982.724 472.351 662.954 636.944 430.554 831.333 413.51 119.416 798.171 115.158 65.5376 49.6206 151.391 35.6613 45.0882 26.01 17.0442 41.7968 32.6694 115.73 35.2102
internal_count=21000 11585 9415 9042 514 11071 8299 4461 4412 7603 3468 3838 3688 3187 6553 3073 743 6314 706 422 284 1050 228 272 150 114 281 210 822 210
is_linear=0
shrinkage=0.05


Tree=17
num_leaves=31
num_cat=0
split_feature=3 10 10 13 15 8 8 2 1 1 0 14 10 15 2 15 8 1 14 14 12 12 8 1 14 8 12 13 14 1
split_gain=380.36 114.055 43.1085 25.5458 23.4155 22.9741 20.6339 19.363 17.8048 16.5337 13.2104 13.079 12.6465 11.5764 9.3115 8.86154 8.43198 8.18035 7.90677 7.18015 7.09516 6.83977 6.7365 6.77116 6.59532 8.63092 7.96347 6.11553 5.47132 6.58308
threshold=1.0000000180025095e-35 2.5000000000000004 2.5000000000000004 0.2650000005960465 0.45000000298023229 0.48389999568462377 0.099150002002716078 8219.7949218750018 0.37454999983310705 0.24685000628232959 2.5000000000000004 0.17314999550580981 3.5000000000000004 0.45000000298023229 7735.0351562500009 0.45000000298023229 0.37344999611377722 0.42424999177455908 0.14835000038146975 0.18714999407529834 613.45001220703136 1091.0000000000002 0.082750000059604659 0.49780000746250158 0.06515000015497209 0.041650000959634788 249.44999694824222 0.50000000000000011 0.028849999420344833 0.18394999951124194
decision_type=2 2 2 2 2 2 2 2 2 2 2 2 2 2 2 2 2 2 2 2 2 2 2 2 2 2 2 2 2 2
left_child=2 5 3 7 6 8 11 10 13 -8 18 -5 16 19 -15 20 -3 -12 -1 -2 27 -22 -10 -24 25 -6 -26 -7 -17 -30
right_child=1 12 -4 4 24 15 9 -9 22 -11 17 -13 -14 14 -16 28 -18 -19 -20 -21 21 -23 23 -25 26 -27 -28 -29 29 -31
leaf_value=-0.0049770387974195961 -0.029864289963560605 0.014007292806963445 0.061859847330974251 -0.0012372549988598422 -0.032233759785101963 -0.018424123375353995 0.016599675250263801 0.069181211669125373 -0.026308574309177681 0.032688626163506034 0.068459654559140701 0.026288016692140589 0.06807798613592389 -0.012641160902427021 0.065532174783074548 -0.017657112333691497 0.063995967927115815 0.015175734537199058 0.011874263626165641 -0.018675153759082273 0.030965018711397913 -0.025636347223474382 -0.0075172181706707241 0.031527634946991984 0.036956685453709608 0.037958718552940807 0.077623208035332111 0.007297016396867354 0.021926235006271472 0.10088834214314198
leaf_weight=255.53818447887897 800.56959258019924 35.766322307288647 51.357256893068552 201.13416268676519 5.0648934096097937 105.12692619115114 590.01647871732712 11.180718243122099 45.36197392269969 218.93381482362747 10.82420067861676 54.946878150105476 28.427792146801949 87.119223557412624 3.9834497272968283 4.297331444919112 11.039579980075358 21.531549498438835 95.671588525176048 174.65750550292432 19.419233072549108 7.3603779673576346 129.45137716457248 12.145713500678537 25.139933343976736 32.358831234276295 23.099860873073339 29.621204420924187 7.9428952150046808 3.9533179774880409
leaf_count=1458 6343 222 373 1171 25 757 3453 22 320 1285 82 325 221 673 12 25 71 131 576 1413 166 52 896 91 155 196 163 239 52 32
internal_value=-0.00020827 -0.0182323 0.0167936 0.015296 0.0190611 -0.021387 0.0170383 0.00432045 -0.0237727 0.020954 0.00242979 0.0046688 0.0417736 -0.0262681 -0.00922304 -0.0045632 0.0257976 0.0330012 -0.000386646 -0.0278604 -0.00809831 0.0154081 -0.00954004 -0.00416808 0.0442103 0.0284589 0.05643 -0.0127699 0.0306988 0.0481667
internal_weight=3103.04 1506.24 1596.8 1545.44 1150.69 1431.01 1065.03 394.746 1253.29 808.95 383.566 256.081 75.2337 1066.33 91.1027 177.721 46.8059 32.3558 351.21 975.227 161.528 26.7796 186.959 141.597 85.6635 37.4237 48.2398 134.748 16.1935 11.8962
internal_count=21000 11585 9415 9042 6773 11071 6234 2269 9748 4738 2247 1496 514 8441 685 1323 293 213 2034 7756 1214 218 1307 987 539 221 318 996 109 84
is_linear=0
shrinkage=0.05


Tree=18
num_leaves=31
num_cat=0
split_feature=3 10 9 9 13 8 15 8 9 14 14 13 0 15 9 15 8 14 9 5 12 8 5 0 10 16 5 11 14 15
split_gain=345.419 104.028 42.6133 25.0747 23.2711 22.2953 21.0807 18.2826 13.5835 12.5575 10.4665 10.2284 10.2247 10.2157 9.17471 7.45134 7.13848 6.78255 6.68744 9.77677 6.17473 7.2582 6.42001 6.10027 6.06687 6.33009 5.83704 5.36117 6.26345 5.25125
threshold=1.0000000180025095e-35 2.5000000000000004 3.5000000000000004 3.5000000000000004 0.2650000005960465 0.32524999976158148 0.45000000298023229 0.099150002002716078 3.5000000000000004 0.26395000517368322 0.16104999929666522 0.50000000000000011 2.5000000000000004 0.45000000298023229 3.5000000000000004 0.10000000335276128 0.36325000226497656 0.13935000449419024 1.5000000000000002 63.45000076293946 19.349999427795414 0.50624999403953563 61.45000076293946 2.5000000000000004 2.5000000000000004 2.5000000000000004 64.549999237060561 6.5000000000000009 0.12615000456571582 0.45000000298023229
decision_type=2 2 2 2 2 2 2 2 2 2 2 2 2 2 2 2 2 2 2 2 2 2 2 2 2 2 2 2 2 2
left_child=2 5 4 -3 12 8 7 9 10 -6 23 -9 20 14 17 16 -14 -7 26 -20 22 -22 -1 -2 25 -4 -8 -10 -29 -12
right_child=1 3 24 -5 6 13 18 11 27 -11 29 -13 15 -15 -16 -17 -18 -19 19 -21 21 -23 -24 -25 -26 -27 -28 28 -30 -31
leaf_value=0.057880360860373598 -0.031138912388507946 0.016656174250656394 0.056132369570757984 0.075863125034073747 0.0005987163551259355 -0.019778529035883077 0.039641303485864289 0.015527636063699508 -0.022851505404997294 0.039077187768110179 -0.019037299445617297 0.027523110848722915 0.00085306797945989556 0.011755619954392154 0.021924088180441812 0.068464439305265898 0.067776547815470739 -0.0056155251284949479 0.051112545387236356 -0.0039104917638029604 -0.0027659539494895198 0.022451881786919935 -0.0026369693017983505 -0.01688709629686767 0.077340252279007454 0.017616139643486531 0.073810924953298232 -0.00052295675842478249 0.050557221653079888 0.009852658838127179
leaf_weight=9.4892161190509814 601.77256820350885 45.980267286300659 35.929850641638041 29.2638780772686 231.83504955843091 282.29524640366435 33.373745929449797 539.65404154732823 13.591212917119263 23.337945830076933 199.81763233803213 264.96428267657757 18.374647624790672 42.320332266390324 17.035024531185627 9.1968584954738599 5.0879938602447501 120.66470635123551 16.151395134627819 16.141453646123409 306.57644295692444 31.461560938507318 8.1432815939187986 85.788207795470953 19.728884566575289 15.172039002180098 19.981249414384365 19.20923770591617 8.7282102070748788 17.073267251253128
leaf_count=64 4956 272 229 242 1352 2149 212 3098 71 136 1613 1584 104 281 114 65 36 924 102 86 1729 184 44 634 171 82 137 130 59 140
internal_value=-0.00020627 -0.0175974 0.0158728 0.0396829 0.0141218 -0.0206579 0.0177078 0.0157795 -0.0250559 0.00411793 -0.0263397 0.0194778 0.00354425 -0.0116587 -0.014018 0.0303183 0.0153658 -0.0155375 0.0415683 0.0236095 0.00108573 -0.000418903 0.0299314 -0.0293607 0.0537893 0.044697 0.0524377 0.00290519 0.0154355 -0.0167631
internal_weight=3088.14 1483.54 1604.6 75.2441 1533.77 1408.3 1145.44 1059.79 945.98 255.173 904.452 804.618 388.33 462.315 419.995 32.6595 23.4626 402.96 85.6478 32.2928 355.671 338.038 17.6325 687.561 70.8308 51.1019 53.355 41.5287 27.9374 216.891
internal_count=21000 11585 9415 514 8933 11071 6707 6170 7603 1488 7343 4682 2226 3468 3187 205 140 3073 537 188 2021 1913 108 5590 482 311 349 260 189 1753
is_linear=0
shrinkage=0.05


Tree=19
num_leaves=31
num_cat=0
split_feature=3 9 9 6 8 13 15 2 9 8 15 6 6 15 14 8 2 14 14 12 14 6 14 8 9 2 8 11 14 11
split_gain=313.71 81.5947 38.5423 23.9721 22.7693 20.9823 17.9882 16.8282 16.0458 15.7434 12.7824 11.5757 9.00905 8.89066 8.66378 8.25811 7.11674 6.99863 6.75323 6.57846 5.82361 5.62222 8.69074 8.22626 5.41638 5.66077 6.51345 6.26074 4.58907 5.13401
threshold=1.0000000180025095e-35 3.5000000000000004 3.5000000000000004 0.45065000653266912 0.31695000827312475 0.2650000005960465 0.45000000298023229 8219.7949218750018 6.5000000000000009 0.19974999874830249 0.45000000298023229 0.45065000653266912 0.45960000157356268 0.45000000298023229 0.078549999743700041 0.37344999611377722 4928.7099609375009 0.19315000623464587 0.29635000228881841 38.149999618530281 0.095949999988079085 0.6521500051021577 0.23505000025033954 0.070150002837181105 5.5000000000000009 5611.1398925781259 0.58610001206398021 5.5000000000000009 0.05894999951124192 8.5000000000000018
decision_type=2 2 2 2 2 2 2 2 2 2 2 2 2 2 2 2 2 2 2 2 2 2 2 2 2 2 2 2 2 2
left_child=2 4 3 14 11 7 9 15 21 -7 12 16 -6 18 28 -5 -2 -14 -13 -8 -15 -3 23 -23 25 26 27 -4 29 -1
right_child=1 8 24 5 10 6 19 -9 -10 -11 -12 13 17 20 -16 -17 -18 -19 -20 -21 -22 22 -24 -25 -26 -27 -28 -29 -30 -31
leaf_value=0.08839307746419349 -0.0059475873747537149 -0.0058092910341619453 0.094127704530842363 -0.004029369950135797 0.021451759122401839 0.007015033572254574 0.083069859745458538 0.063277686388616861 0.072403206479653814 0.019431431130484407 0.014540671969153913 -0.028544802370864087 -0.018265723434395146 -0.021318410381934841 0.067188484583653563 0.013549895783375327 0.057856074710937858 -0.0012388640801890732 -0.0087733654903420551 0.033565818222409692 0.0069701806214840165 -0.024614209316003617 0.094321761527357093 0.030064836916238222 0.077641592093314879 0.0053606099623839856 -0.0047579541887392924 0.046898717565448 -0.0096009160658087969 0.022763941542908641
leaf_weight=4.0275302380323437 31.301228780299425 17.339672066271305 8.8391382284462434 277.98306579887867 17.440030977129936 463.70742255821824 7.3534320779144755 10.886692553758619 17.490578155964613 568.03367573395371 44.018129497766495 741.64232008717954 339.20673513226211 42.897682704031467 26.476530514657497 87.941140484064817 5.0797614306211463 73.412275409325957 45.859793592244387 76.8067517131567 31.59138460084796 8.2563491277396661 4.3930954150855532 41.221243917942047 15.075010724365709 8.1512599885463697 4.8043884225189677 34.037961475551128 6.7369035929441443 11.45612161234021
leaf_count=34 253 112 75 1612 124 2676 54 21 153 3273 296 6119 2620 327 177 517 17 555 396 464 255 52 35 271 137 18 24 228 34 71
internal_value=-0.000203321 -0.0169835 0.0150036 0.0133456 -0.0199873 0.0122193 0.0156641 0.00201794 0.0294934 0.013851 -0.0111219 -0.0246657 -0.0137485 -0.0258317 0.047868 0.000195387 0.00296111 -0.0152363 -0.0273934 0.0378912 -0.009321 0.018954 0.0269247 0.0209405 0.051047 0.0438664 0.050449 0.056635 0.0248469 0.0398351
internal_weight=3073.47 1461.15 1612.32 1541.41 1372.45 1492.71 1115.9 376.811 88.7009 1031.74 474.077 898.372 430.059 861.991 48.6971 365.924 36.381 412.619 787.502 84.1602 74.4891 71.2104 53.8707 49.4776 70.9078 55.8327 47.6815 42.8771 22.2206 15.4837
internal_count=21000 11585 9415 8933 10962 8617 6467 2150 623 5949 3595 7367 3299 7097 316 2129 270 3175 6515 518 582 470 358 323 482 345 327 303 139 105
is_linear=0
shrinkage=0.05


Tree=20
num_leaves=31
num_cat=0
split_feature=3 10 10 2 9 13 8 8 9 6 14 15 8 7 14 14 13 8 14 7 2 2 6 2 2 6 9 8 8 0
split_gain=284.914 92.1659 37.0303 22.8626 21.8404 20.7017 20.2593 18.7822 16.136 13.4209 13.2478 10.4186 7.86353 8.87528 8.20082 7.59813 8.78898 7.27016 6.50916 6.14214 7.5981 5.82109 5.0856 6.60341 5.07063 4.74275 6.08545 4.63487 4.44554 4.33726
threshold=1.0000000180025095e-35 2.5000000000000004 2.5000000000000004 7735.0351562500009 3.5000000000000004 0.50000000000000011 0.48389999568462377 0.37555000185966497 3.5000000000000004 0.45065000653266912 0.23795000463724139 0.45000000298023229 0.075149998068809523 3.5000000000000004 0.1131500005722046 0.14314999431371692 0.50000000000000011 0.61695000529289257 0.18924999982118609 4.5000000000000009 5919.9299316406259 4842.0000000000009 0.6521500051021577 5239.1000976562509 4842.0000000000009 0.53834998607635509 1.0000000180025095e-35 0.50624999403953563 0.37054999172687536 1.5000000000000002
decision_type=2 2 2 2 2 2 2 2 2 2 2 2 2 2 2 2 2 2 2 2 2 2 2 2 2 2 2 2 2 2
left_child=2 6 3 5 28 7 8 10 9 24 -1 -11 13 -7 -14 16 21 -9 29 20 -17 -8 -10 -24 -2 -4 -27 -18 -3 -5
right_child=1 4 25 18 -6 12 15 17 22 11 -12 -13 14 -15 -16 19 27 -19 -20 -21 -22 -23 23 -25 -26 26 -28 -29 -30 -31
leaf_value=0.0023172038222634105 -0.0040480298955694683 0.0081573562204561856 0.0097617154717088948 0.022353247080633083 0.072917140214600218 0.016168542823999692 -0.011386084119814486 0.015896981032464799 -0.021936904851137699 -0.025543322887830896 0.022644675228618242 -0.0084215374389436954 0.019037711854133044 -0.026417076111374671 0.036238775057638818 0.011855305939775664 0.065490856051851967 0.037897023005038416 0.070339751968319833 -0.037435696919292903 0.078390334373606166 -0.042663135837733332 0.0075122021384242607 0.075134316435130938 0.040163031941323139 0.025170670907296817 0.070870472070440158 0.0061576485160410865 0.044767976415178712 0.050736053368498304
leaf_weight=760.21462512388825 39.366186995059252 35.005416579544544 4.8867810294032088 36.532062262296677 27.921574488282204 56.63451400026679 75.57439324632287 231.69830913096666 12.738833781331776 995.39077593944967 89.599502585828304 97.556604096665978 188.67033001407981 15.606183819472788 109.5133344233036 40.592307588085532 3.7771759144961861 44.815803039819002 14.437753409147261 5.4180418998002997 4.7980399355292311 18.522169962525368 35.467952389270067 4.0193127244710913 7.7646491825580588 9.1337010115385038 35.981881935149431 25.593087434768677 10.865580707788466 21.312397330999374
leaf_count=4455 315 207 29 68 242 360 643 1362 78 8334 552 743 1128 79 684 341 34 279 32 35 17 56 240 13 25 55 289 197 65 43
internal_value=-0.000199948 -0.016377 0.0141919 0.012842 0.0380518 0.0115157 -0.019316 0.00814346 -0.0216435 -0.0228885 0.00446042 -0.024015 0.0217694 0.00696876 0.0253551 -0.00339245 -0.0100897 0.0194626 0.0403068 0.0128822 0.0188885 -0.0175427 0.00553325 0.0143953 0.0032356 0.0565505 0.0616185 0.0137882 0.0168294 0.0328107
internal_weight=3059.41 1440.37 1619.04 1569.03 73.7926 1496.75 1366.58 1126.33 1192.3 1140.08 849.814 1092.95 370.424 72.2407 298.184 174.275 123.467 276.514 72.2822 50.8084 45.3903 94.0966 52.2261 39.4873 47.1308 50.0024 45.1156 29.3703 45.871 57.8445
internal_count=21000 11585 9415 9042 514 8899 11071 6648 9748 9417 5007 9077 2251 439 1812 1323 930 1641 143 393 358 699 331 253 340 373 344 231 272 111
is_linear=0
shrinkage=0.05


Tree=21
num_leaves=31
num_cat=0
split_feature=3 10 10 6 9 1 8 2 13 12 1 6 1 8 9 5 6 8 2 1 9 9 2 5 1 5 6 6 9 12
split_gain=258.847 84.2509 34.1592 22.3682 21.022 20.9532 19.8501 18.3201 16.8993 15.7371 11.7921 11.262 10.3515 7.96782 7.72555 10.318 7.4524 6.98211 7.50628 6.60467 5.62291 5.59942 5.58149 7.11531 5.3882 5.34129 5.29034 5.26755 5.64643 5.25713
threshold=1.0000000180025095e-35 2.5000000000000004 2.5000000000000004 0.45065000653266912 3.5000000000000004 0.3213499933481217 0.24894999712705615 7735.0351562500009 0.2650000005960465 148.44999694824222 0.33749999105930334 0.45065000653266912 0.44274999201297766 0.60834997892379772 2.5000000000000004 87.649997711181655 0.45065000653266912 0.5263500213623048 2265.3649902343755 0.079450000077486052 3.5000000000000004 3.5000000000000004 2265.3649902343755 73.649997711181655 0.23785000294446948 44.149999618530281 0.8346499800682069 0.53249999880790722 1.0000000180025095e-35 83.549999237060561
decision_type=2 2 2 2 2 2 2 2 2 2 2 2 2 2 2 2 2 2 2 2 2 2 2 2 2 2 2 2 2 2
left_child=2 6 3 19 24 7 10 8 -5 -9 16 -8 13 -13 -12 -16 -2 21 -19 -1 -18 -7 23 -21 25 -3 -14 -4 -29 -27
right_child=1 4 27 5 -6 17 11 9 -10 -11 14 12 26 -15 15 -17 20 18 -20 22 -22 -23 -24 -25 -26 29 -28 28 -30 -31
leaf_value=-0.0076223916141490381 -0.0014270846704983503 -0.024272218444623322 0.0028119075816803759 -0.0028095410010378955 0.071332099783617597 0.020383594039621863 0.021737700128471805 0.076729681496510729 0.010646402429033702 0.019373851415170975 -0.015735300816195952 -0.017031847032073159 0.03007434794809485 0.0033963041917647973 -0.0014349517237261516 0.086411885628649487 -0.029667589545244552 0.026294868775506498 0.08560064765955 0.054894607582827673 -0.0055857531085363177 0.067345218423291803 0.071300178403333039 -0.0027152352496514556 0.040763080859789295 -0.032428386664518076 -0.0078059444757091791 0.024619765697852507 0.068519732713879719 0.031521950740861192
leaf_weight=5.2529556006193152 26.47246765717864 10.824918765574695 4.5059059150516978 314.50239038839936 27.134851064532995 221.32684794068336 23.602162193506956 16.770204395055771 904.12148855254054 41.689503759145737 112.84129119291902 514.97539259679615 19.494632411748171 52.609685184434056 14.450945377349855 4.348383702337741 534.66762422025204 12.653875611722471 9.2252070307731611 15.893487736582758 25.39050006121397 6.5348312705755225 19.873417645692825 8.0867785736918432 14.787168849259613 3.9867237918078926 17.48339531198144 9.2138320207595807 35.722851648926735 16.573540911078453
leaf_count=32 193 51 25 1815 242 1272 173 38 5342 76 871 4127 164 425 95 31 4711 97 41 139 165 46 89 55 87 22 116 56 292 112
internal_value=-0.000196399 -0.0157949 0.0134278 0.0121439 0.0364051 0.0110756 -0.0186372 0.00848534 0.00717369 0.0358274 -0.0243152 -0.0121456 -0.0134684 -0.0151384 -0.0107913 0.0188845 -0.0273505 0.024321 0.0513009 0.0453594 -0.0285758 0.0217304 0.0517057 0.035467 0.015879 0.00415491 0.0121644 0.0543506 0.0595185 0.0191217
internal_weight=3045.02 1419.64 1625.37 1575.93 73.3072 1526.82 1346.34 1277.08 1218.62 58.4597 718.171 628.165 604.563 567.585 131.641 18.7993 586.531 249.741 21.8791 49.1066 560.058 227.862 43.8537 23.9803 46.1724 31.3852 36.978 49.4426 44.9367 20.5603
internal_count=21000 11585 9415 9042 514 8727 11071 7271 7157 114 6066 5005 4832 4552 997 126 5069 1456 138 315 4876 1318 283 194 272 185 280 373 348 134
is_linear=0
shrinkage=0.05


Tree=22
num_leaves=31
num_cat=0
split_feature=3 9 9 1 8 8 14 9 1 15 15 2 8 2 6 6 6 8 15 6 11 5 1 1 5 9 2 8 11 14
split_gain=235.237 64.2181 32.7157 20.5839 19.7748 14.2639 16.5019 13.7495 12.9461 11.3059 10.9558 10.8818 11.4836 9.61598 9.35602 9.3058 8.66123 8.36106 7.25963 7.18728 6.93396 10.4601 6.36073 6.1672 5.63446 5.1326 5.16142 5.85168 5.50998 4.55796
threshold=1.0000000180025095e-35 3.5000000000000004 3.5000000000000004 0.14705000072717669 0.31695000827312475 0.49304999411106115 0.093450002372264876 6.5000000000000009 0.33749999105930334 0.45000000298023229 0.10000000335276128 8996.6650390625018 0.30394999682903295 6078.9050292968759 0.45065000653266912 0.950850009918213 0.44134999811649328 0.10854999721050264 0.45000000298023229 0.45960000157356268 1.5000000000000002 86.450000762939467 0.2112499997019768 0.14265000075101855 100.04999923706056 5.5000000000000009 5611.1398925781259 0.58610001206398021 5.5000000000000009 0.23505000025033954
decision_type=2 2 2 2 2 2 2 2 2 2 2 2 2 2 2 2 2 2 2 2 2 2 2 2 2 2 2 2 2 2
left_child=2 4 3 11 8 6 17 23 14 19 -8 12 16 24 -2 -14 -1 -5 -16 -6 21 -10 -21 -3 -7 26 27 28 -4 -25
right_child=1 7 25 5 9 13 10 -9 20 -11 -12 -13 15 -15 18 -17 -18 -19 -20 22 -22 -23 -24 29 -26 -27 -28 -29 -30 -31
leaf_value=0.042056074723938387 0.0015713584159203109 -0.0013144696812869175 0.086587226771834003 -0.0038959234888433177 0.018844710963502462 0.034783451528991462 0.016476900989311403 0.068453050527973291 0.0016363114434836429 0.01446051215898593 0.036233819375223505 0.043168506180706293 0.015035152255027887 0.081294833292182192 -0.028288209463149395 -0.027146719555471585 -0.0017566944005667903 0.011978670615331772 -0.0098022964115904668 -0.01828429954313858 -0.012891651367517895 0.10576697671380197 -0.0051214629047613563 0.023480211369604282 -0.0004109093156203004 0.073238528565102295 0.0025852433350574051 -0.0065366241993214938 0.042379028454882374 0.078008548886221871
leaf_weight=11.573320914059876 30.683111507445574 27.89346157386899 8.8680196516215783 115.89166784659028 17.861755084246397 73.047481022775173 230.65362445265055 15.89239666238427 11.647350905463098 44.006364915519953 100.84949679300189 18.248181581497192 235.49062551930547 9.9127676934003812 606.28321714885533 13.843635242432354 445.42645156756043 291.77786340564489 58.208521014079452 256.4567105434835 141.77986192516983 3.0414155367761841 142.93200426921248 38.791506931185722 13.469153061509131 13.968021877110003 8.1520545035600644 4.8376928791403762 34.348305534571409 4.2524730749428263
leaf_count=79 228 187 75 651 124 466 1328 153 83 296 611 33 1383 28 5459 66 2556 1659 476 2052 1094 27 1123 253 73 137 18 24 228 30
internal_value=-0.000192177 -0.0152276 0.0127163 0.0112142 -0.0179818 0.0165622 0.0142027 0.026417 -0.0224978 -0.00964365 0.0224873 0.00504681 0.00406193 0.0346488 -0.0254224 0.0126931 -0.000647155 0.00746587 -0.0266689 -0.0121859 -0.00950374 0.0231973 -0.0135736 0.0169994 0.0293043 0.0461132 0.0393722 0.0456129 0.0514506 0.0288673
internal_weight=3030.09 1399.73 1630.36 1560.18 1312.9 835.602 739.173 86.8298 851.643 461.257 331.503 724.582 706.334 96.4294 695.175 249.334 457 407.67 664.492 417.25 156.469 14.6888 399.389 70.9374 86.5166 70.1741 56.2061 48.054 43.2163 43.044
internal_count=21000 11585 9415 8933 10962 4816 4249 623 7367 3595 1939 4117 4084 567 6163 1449 2635 2310 5935 3299 1204 110 3175 470 539 482 345 327 303 283
is_linear=0
shrinkage=0.05


Tree=23
num_leaves=31
num_cat=0
split_feature=3 10 10 6 9 1 14 1 15 2 6 7 1 14 6 5 9 15 14 2 14 6 1 6 9 9 1 1 2 16
split_gain=213.677 74.8244 30.6824 19.3867 18.6034 17.903 18.4985 17.6867 15.6424 15.321 12.3137 10.1921 9.77464 8.53302 9.45685 8.6686 8.40473 8.17593 9.95839 9.4306 7.24419 6.59588 5.95523 5.43208 5.37301 5.22669 5.17715 5.07775 8.92785 6.70701
threshold=1.0000000180025095e-35 2.5000000000000004 2.5000000000000004 0.45065000653266912 3.5000000000000004 0.3213499933481217 0.11935000121593477 0.33200000226497656 0.45000000298023229 7735.0351562500009 0.45065000653266912 1.0000000180025095e-35 0.14774999767541888 0.16565000265836718 0.53834998607635509 78.149997711181655 3.5000000000000004 0.10000000335276128 0.26395000517368322 4526.3251953125009 0.078549999743700041 0.5976499915122987 0.11425000056624414 0.50984999537467968 3.5000000000000004 1.0000000180025095e-35 0.47175000607967382 0.10774999856948854 4388.5549316406259 2.5000000000000004
decision_type=2 2 2 2 2 2 2 2 2 2 2 2 2 2 2 2 2 2 2 2 2 2 2 2 2 2 2 2 2 2
left_child=2 7 3 20 27 6 11 8 10 -8 -2 -5 -10 24 -15 -16 -12 19 -19 -7 -1 -14 -22 -4 26 -25 -9 -3 29 -29
right_child=1 4 23 5 -6 17 9 13 12 -11 16 -13 21 14 15 -17 -18 18 -20 -21 22 -23 -24 25 -26 -27 -28 28 -30 -31
leaf_value=0.021158848543719369 0.0038449879719314249 -0.010744430896589956 -0.0026818197818876603 -0.015773263480193683 0.06911724272390439 0.011088206157857682 0.013586073760608698 -0.01667437980113582 -0.01439677972396074 0.057948605863259853 -0.024354410746868952 0.004661085738927203 0.064210553361515196 0.084530485316588633 -0.0063517419417100365 0.038147694884227881 -0.0019159386211184074 0.030839116384850714 0.10134245066724357 0.042150433058968921 0.020397684568550251 0.0088885125009016894 0.073898326465367259 0.022997013913635556 0.027045102076001939 0.065377841821691929 0.0054667838316349417 0.00063286484536031638 0.08182987389628732 0.059553034547786834
leaf_weight=23.054593928158283 43.768735308200121 12.793132949620484 4.2480222918093196 66.31359152123332 25.723221924155951 148.1688181348145 434.50634431093931 139.28439936973155 57.973449183627963 20.374891430139542 883.36534831486642 764.5938747599721 6.3850670754909506 4.1131794080138198 39.6805125400424 15.112094413489102 43.802096504718065 69.031488992273808 5.4003440216183654 29.260589674115181 7.1160399466753033 34.498195312917233 19.331775672733784 9.1960784718394262 9.0523247830569726 34.823120605200529 32.576483603566885 20.955170240253214 5.9481202661991111 6.2766171842813483
leaf_count=140 315 66 24 366 242 921 2582 1098 430 43 7890 4280 54 37 273 115 278 417 37 81 43 269 132 56 54 293 258 136 19 51
internal_value=-0.000188333 -0.0146677 0.0120413 0.0108469 0.0350681 0.00985544 0.00746762 -0.0173906 -0.0201417 0.0155731 -0.0220709 0.00303025 -0.00119369 -0.00511816 0.0114104 0.00592144 -0.0232944 0.0220456 0.0359544 0.0162108 0.0416454 0.0175286 0.0595035 0.0513133 -0.0104999 0.056524 -0.0124775 0.0160166 0.0263348 0.0142133
internal_weight=3016.73 1381.31 1635.42 1587.15 71.6963 1537.65 1285.79 1309.61 1069.79 454.881 970.936 830.907 98.8567 239.819 58.9058 54.7926 927.167 251.861 74.4318 177.429 49.5024 40.8833 26.4478 48.2672 180.913 44.0192 171.861 45.973 33.1799 27.2318
internal_count=21000 11585 9415 9042 514 8727 7271 11071 9236 2625 8483 4646 753 1835 425 388 8168 1456 454 1002 315 323 175 373 1410 349 1356 272 206 187
is_linear=0
shrinkage=0.05


Tree=24
num_leaves=31
num_cat=0
split_feature=4 10 9 15 8 9 2 8 15 1 6 8 6 6 16 2 1 5 1 1 6 6 10 6 6 1 9 5 1 2
split_gain=194.214 68.4034 29.0641 18.8858 18.4679 17.9811 17.0348 17.3632 14.6642 13.0568 12.8172 8.71731 9.73439 8.6223 8.17647 12.7042 8.72896 7.76268 7.05844 6.96653 6.16259 6.00392 5.6398 5.72442 5.32708 5.2793 9.07817 6.06254 4.53707 7.89303
threshold=1.0000000180025095e-35 2.5000000000000004 3.5000000000000004 0.45000000298023229 0.19115000218153003 3.5000000000000004 8219.7949218750018 0.48810000717639929 0.45000000298023229 0.39955000579357153 0.45065000653266912 0.28264999389648443 0.74755001068115245 0.3445000052452088 3.5000000000000004 3922.0500488281255 0.12465000152587892 22.849999427795414 0.33200000226497656 0.20285000652074817 0.49670000374317175 0.45065000653266912 2.5000000000000004 0.78734999895095836 0.80914998054504406 0.12314999848604204 1.5000000000000002 105.95000076293947 0.10774999856948854 4388.5549316406259
decision_type=2 2 2 2 2 2 2 2 2 2 2 2 2 2 2 2 2 2 2 2 2 2 2 2 2 2 2 2 2 2
left_child=1 4 3 6 18 28 7 10 9 13 -2 12 -8 -6 16 -16 -10 -11 21 -9 -5 -1 23 -4 -25 26 -22 -27 -3 -30
right_child=2 5 22 20 8 -7 11 19 14 17 -12 -13 -14 -15 15 -17 -18 -19 -20 -21 25 -23 -24 24 -26 27 -28 -29 29 -31
leaf_value=-0.00086054272036667316 0.033209983115191417 -0.010272161903645882 0.051285218010168589 0.090628538388931854 0.047672132160951577 0.067865989299747284 0.028705014985944372 0.014830294472085831 -0.021612196093768701 -0.045145044653027468 0.0043923174320397475 0.01294851105666503 0.085629602784430603 -0.017065088717879744 0.011671936284860756 0.13055935026784823 0.017578089115387243 0.0095726674618945538 -0.012094654918665076 0.036358704388486811 0.030499570083855173 -0.027902892352265309 0.068241426943796285 -0.028902400429059994 0.029150616615174485 0.02995358927491365 -0.018641648770213928 0.078405228756110765 0.013414868521633911 0.076578165395180031
leaf_weight=21.589066956192255 39.875405628234148 12.714301124215124 26.659436713904142 3.906288467347621 5.1885738037526599 24.908275615423918 17.173030555248264 102.00414183735847 22.575037501752377 7.0989658236503592 1191.9797494746745 23.222925424575806 13.347183704376219 591.53941307403147 6.6723664067685586 3.3880623579025269 38.337542850524187 74.557362291961908 104.2531967535615 59.495943486690521 24.995161294937134 416.4952012617141 16.828334454447031 4.8568351417779949 21.203102551400661 71.75434747710824 15.061338249593971 7.0945546030998221 27.392651718109846 6.0358287096023551
leaf_count=153 256 66 166 34 47 242 32 587 153 41 6886 40 30 5129 58 16 282 562 817 362 158 3813 171 21 124 423 79 46 187 19
internal_value=-0.000184018 -0.0141327 0.0114104 0.0100092 -0.01676 0.0336308 0.00841154 0.00734613 -0.0116738 -0.0139362 0.00532515 0.0360338 0.0535994 -0.0165022 0.00995065 0.0517098 0.00305363 0.00481567 -0.0237876 0.0227613 0.0288339 -0.0265702 0.04304 0.0349956 0.0183312 0.0268039 0.0120224 0.0343131 0.0151503 0.0248196
internal_weight=3002.2 1362.75 1639.46 1569.91 1291.69 71.0511 1447.1 1393.36 749.357 678.384 1231.86 53.7431 30.5202 596.728 70.973 10.0604 60.9126 81.6563 542.337 161.5 122.812 438.084 69.5477 52.7194 26.0599 118.905 40.0565 78.8489 46.1428 33.4285
internal_count=21000 11585 9415 8933 11071 514 8193 8091 6288 5779 7142 102 62 5176 509 74 435 603 4783 949 740 3966 482 311 145 706 237 469 272 206
is_linear=0
shrinkage=0.05


Tree=25
num_leaves=31
num_cat=0
split_feature=3 9 9 8 1 14 6 8 9 1 7 2 8 6 6 12 13 1 14 14 2 14 1 9 8 12 8 14 16 2
split_gain=176.473 51.7388 26.4593 18.2165 16.9564 12.8541 12.1254 11.7113 11.6685 10.9177 9.3867 8.66394 9.86433 8.34542 7.89278 7.1646 6.93369 9.07718 8.31617 6.59682 6.56708 5.53983 5.32508 5.15154 5.11377 5.07545 5.50817 5.31013 4.96289 5.65794
threshold=1.0000000180025095e-35 3.5000000000000004 3.5000000000000004 0.31695000827312475 0.14705000072717669 0.31269998848438268 0.9770999848842622 0.11044999957084657 6.5000000000000009 0.33749999105930334 4.5000000000000009 8996.6650390625018 0.30394999682903295 0.950850009918213 0.45065000653266912 63.049999237060554 0.50000000000000011 0.17324999719858172 0.022450000047683719 0.29635000228881841 5017.0549316406259 0.16104999929666522 0.14265000075101855 5.5000000000000009 0.7150000035762788 588.54998779296886 0.60834997892379772 0.13334999978542331 2.5000000000000004 4842.0000000000009
decision_type=2 2 2 2 2 2 2 2 2 2 2 2 2 2 2 2 2 2 2 2 2 2 2 2 2 2 2 2 2 2
left_child=2 3 4 9 11 6 7 -6 22 14 20 12 15 -14 -2 -1 25 24 -19 -11 -7 -16 -3 28 -18 27 -27 -5 -4 -30
right_child=1 8 23 16 5 10 -8 -9 -10 19 -12 -13 13 -15 21 -17 17 18 -20 -21 -22 -23 -24 -25 -26 26 -28 -29 29 -31
leaf_value=0.013352391275938342 0.0013138920136803647 -0.0013694428616376694 0.044187795347114429 -0.019184417260711052 0.0022203216705071224 0.042777183270345825 0.07776489347595561 0.015985641179752732 0.065460767790352078 -0.01130346723280635 -0.026347010900009071 0.037784471629219447 0.013156653131200549 -0.026860565274038378 -0.027258967481807273 -0.0039939558846490064 -0.013632531371090009 -0.025446968416756983 0.028497462660319037 0.031233429434576396 0.10747461994276644 -0.016272467958151581 0.026874525580073434 0.069719453353090752 0.050849914668375774 -0.0036718242807436637 0.045387906497200613 -0.0043418521996575208 0.029726554372637926 -0.035216961815291166
leaf_weight=70.284596651792526 30.780518259853125 27.314167521893978 39.751066334545612 189.06990582309663 209.44370091706514 29.692295167595148 7.1531377136707297 589.17367626354098 14.284980885684488 144.06110516563058 4.3889460861682883 18.38942939043045 238.37890140712261 13.781732119619845 477.3007402792573 388.92837971448898 56.553589133545756 8.687681205570696 40.220678674057126 9.7303504869341833 4.5192571878433219 151.05322569608688 42.898461356759071 12.782016295939682 3.2514402866363517 55.208549454808235 6.3827844075858584 88.450317464768887 12.107434757053854 4.6385976821184149
leaf_count=422 228 187 253 1511 1186 199 49 3344 153 1133 23 33 1383 66 4515 2213 464 65 327 71 15 1420 283 137 28 453 61 686 82 10
internal_value=-0.000179639 -0.0136086 0.0108129 -0.0161472 0.00948195 0.0143063 0.0129561 0.0123756 0.0242679 -0.020608 0.0424923 0.00389993 0.00302399 0.0109695 -0.0234069 -0.00133902 -0.00804951 0.00293873 0.0189152 -0.00861217 0.0513235 -0.0246179 0.015887 0.0410545 -0.0101268 -0.0115721 0.00141229 -0.0144538 0.0345693 0.0117374
internal_weight=2988.66 1345.25 1643.41 1260.75 1574.13 844.371 805.771 798.617 84.4976 812.926 38.6005 729.763 711.374 252.161 659.134 459.213 447.825 108.713 48.9084 153.791 34.2116 628.354 70.2126 69.2791 59.805 339.112 61.5913 277.52 56.4971 16.746
internal_count=21000 11585 9415 10962 8933 4816 4579 4530 623 7367 237 4117 4084 1449 6163 2635 3595 884 392 1204 214 5935 470 482 492 2711 514 2197 345 92
is_linear=0
shrinkage=0.05


Tree=26
num_leaves=31
num_cat=0
split_feature=3 10 10 8 13 9 1 8 1 14 6 14 5 12 13 6 5 1 8 1 8 6 1 14 7 6 6 9 5 6
split_gain=160.265 60.8878 26.9254 16.869 16.1038 16.1027 13.7838 16.0486 13.4921 10.9148 10.1283 9.40192 9.38001 9.1059 9.0549 7.44397 6.70177 6.30886 8.93162 6.23053 6.1989 5.69055 6.85515 6.56688 5.47318 5.11375 5.04555 4.76781 4.36193 5.52977
threshold=1.0000000180025095e-35 2.5000000000000004 2.5000000000000004 0.16935000568628314 0.50000000000000011 3.5000000000000004 0.12314999848604204 0.54794999957084667 0.40365000069141393 0.26395000517368322 0.3445000052452088 0.11214999854564668 69.049999237060561 97.850002288818374 0.50000000000000011 0.44134999811649328 22.849999427795414 0.45945000648498541 0.095449998974800124 0.24685000628232959 0.075149998068809523 0.84555000066757213 0.10594999790191652 0.14715000241994861 5.5000000000000009 0.50984999537467968 0.93655002117156994 1.0000000180025095e-35 44.149999618530281 0.77345001697540294
decision_type=2 2 2 2 2 2 2 2 2 2 2 2 2 2 2 2 2 2 2 2 2 2 2 2 2 2 2 2 2 2
left_child=2 3 4 11 6 28 21 9 10 -8 -5 -2 -9 20 -12 -15 -10 -13 -19 -17 -6 23 -23 -1 -18 -4 -22 -27 29 -3
right_child=1 5 25 8 13 -7 7 12 16 -11 14 17 -14 15 -16 19 24 18 -20 -21 26 22 -24 -25 -26 27 -28 -29 -30 -31
leaf_value=-0.0018598394205769459 -0.028647145994996438 0.023600199975417888 -0.0048517975602283729 0.052469605991432959 0.004515754167186109 0.066152844939561195 0.0064162592553097982 0.053516962608541066 -0.041428650802745985 0.029075516696942277 -0.017387035550236778 -0.01643650823468527 0.011244852580648439 0.0608551819693577 -0.0042356130437811047 0.007994060491395295 0.0075109282191156562 -0.0086038115603011521 0.08839877772560148 0.024121308602559392 0.042136646510508649 -0.0020434980240678952 -0.027209278561257502 0.015404188313759696 0.062374506656014045 0.02108222248360192 -0.0031094077992322097 0.061828170315079346 0.026259537171069092 -0.03615763489363262
leaf_weight=208.49428187683225 291.38831683620811 7.7274775393307191 4.200631406158208 5.7661083266139022 16.993752297013998 23.504896618425846 683.52911321818829 32.256647881120443 6.6713645011186591 57.625659640878439 519.2327343262732 165.58590256050229 22.123752001672983 8.1651355326175672 174.99105694890022 215.95631180331111 80.589865792542696 7.2839038819074613 3.5197309218347073 82.870021287351847 67.345923449844122 84.091055389493704 39.900505479425192 74.860081225633621 4.8175552859902373 9.1675928160548192 6.7819936648011199 33.105081297457218 30.431368947029114 7.7577878721058369
leaf_count=1162 2634 43 24 53 96 242 3813 211 41 340 4523 1534 122 54 1570 1220 603 54 22 468 415 464 200 441 37 56 36 293 193 36
internal_value=-0.000175511 -0.0130913 0.0102457 -0.0156033 0.00915663 0.0324956 0.00627173 0.0101017 -0.0111571 0.00817804 -0.0135239 -0.023132 0.0363193 0.0178732 -0.014072 0.0137535 0.00683558 -0.0140211 0.0229988 0.0124664 0.031753 -0.00120809 -0.0101419 0.00270119 0.0106056 0.0477633 0.0379971 0.0529917 0.0152664 -0.0063372
internal_weight=2976.74 1329.27 1647.47 1259.85 1600.99 69.4215 1202.88 795.535 792.069 741.155 699.99 467.778 54.3804 398.113 694.224 306.991 92.0788 176.39 10.8036 298.826 91.1217 407.346 123.992 283.354 85.4074 46.4733 74.1279 42.2727 45.9166 15.4853
internal_count=21000 11585 9415 11071 9042 514 6753 4486 6827 4153 6146 4244 333 2289 6093 1742 681 1610 76 1688 547 2267 664 1603 640 373 451 349 272 79
is_linear=0
shrinkage=0.05


Tree=27
num_leaves=31
num_cat=0
split_feature=3 10 10 15 9 2 13 1 15 1 6 1 14 14 7 6 6 14 1 11 6 1 9 14 11 3 6 9 9 14
split_gain=145.567 55.5805 24.9212 15.9559 15.6661 15.4862 15.0844 14.0472 14.3342 11.5959 10.4127 8.45076 7.97578 7.06251 8.22733 8.49323 6.94551 10.4701 6.55076 6.29304 6.27641 5.40292 8.15186 5.81781 5.2057 8.49446 4.75651 4.56233 4.55554 4.45258
threshold=1.0000000180025095e-35 2.5000000000000004 2.5000000000000004 0.45000000298023229 3.5000000000000004 8219.7949218750018 0.2650000005960465 0.33200000226497656 0.45000000298023229 0.45945000648498541 0.45065000653266912 0.14774999767541888 0.14434999972581866 0.16565000265836718 5.5000000000000009 0.54285001754760753 0.80914998054504406 0.066749997437000289 0.36214999854564672 2.5000000000000004 0.49670000374317175 0.12314999848604204 1.5000000000000002 0.056150000542402274 5.5000000000000009 1.5000000000000002 0.50984999537467968 2.5000000000000004 1.0000000180025095e-35 0.016950000077486042
decision_type=2 2 2 2 2 2 2 2 2 2 2 2 2 2 2 2 2 2 2 2 2 2 2 2 2 2 2 2 2 2
left_child=2 7 3 5 -3 6 18 8 10 -8 -2 29 -12 24 15 -15 17 -7 -1 -13 -5 22 -22 -23 25 -9 -4 -26 -28 -10
right_child=1 4 26 20 -6 16 9 13 11 -11 12 19 -14 14 -16 -17 -18 -19 -20 -21 21 23 -24 -25 27 -27 28 -29 -30 -31
leaf_value=-0.0051282746782212946 0.0043760605799071251 0.014411194404702272 -0.0046073947270731724 0.085570260637993334 0.065142737067874684 -0.0057385091794727432 0.0081678651520341872 -0.0067759489062859642 -0.048749454649156948 0.035506871294834756 -0.023677526480954891 0.075554113833508615 -0.013003455770816448 0.073176298924980648 0.086304934760290164 0.00062559248805519046 0.062920288998743537 0.045551893333158532 0.015842801859725739 0.011402842738843242 0.027153208737038692 0.014778240868052663 -0.018301438168093116 0.042291800243150386 -0.017831282077344246 0.043926554487756918 0.020061080465520228 0.0086436946085680765 0.060005451486876027 -0.0064280565118692888
leaf_weight=316.03314942121506 43.46629386767745 46.181659799069166 4.2022421471774569 4.2436058409512034 22.696394015103579 18.004576474428177 1026.5629895925522 33.286276457831264 7.1335680969059458 40.309511937201023 627.38749482296407 4.2738793268799773 242.70795890875161 4.3783681616187087 3.4132655933499327 51.279910188168287 14.545143395662306 22.240813881158829 42.212184343487024 36.226726930588484 24.658560536801815 32.046001054346561 16.439827844500542 47.98077728971839 112.74619992822409 10.987482905387877 9.1529038548469526 19.017293572425842 32.422574814409018 48.257028928026557
leaf_count=1787 315 272 24 37 242 28 5897 278 51 253 5921 38 2247 38 22 365 30 46 258 285 152 174 85 295 908 95 56 129 293 379
internal_value=-0.000171063 -0.0125934 0.00971106 0.00867371 0.031128 0.00722283 0.00621994 -0.015013 -0.0175766 0.00920081 -0.019507 0.000813843 -0.0207001 -0.00400614 0.0109537 0.00633281 0.0333082 0.0226061 -0.00265724 0.0181725 0.0258006 0.0237066 0.00897083 0.0312742 -0.00902612 0.00580696 0.0460876 -0.0140102 0.0512116 -0.0118785
internal_weight=2964.49 1313.44 1651.05 1605.28 68.8781 1479.91 1425.12 1244.56 1009.45 1066.87 913.562 95.8912 870.095 235.109 59.0715 55.6583 54.7905 40.2454 358.245 40.5006 125.369 121.125 41.0984 80.0268 176.037 44.2738 45.7777 131.763 41.5755 55.3906
internal_count=21000 11585 9415 9042 514 8299 8195 11071 9236 6150 8483 753 8168 1835 425 403 104 74 2045 323 743 706 237 469 1410 373 373 1037 349 430
is_linear=0
shrinkage=0.05


Tree=28
num_leaves=31
num_cat=0
split_feature=3 10 10 8 6 15 14 2 13 2 8 1 8 6 8 10 15 14 14 13 14 1 2 1 1 8 1 2 11 14
split_gain=132.257 50.7342 23.0727 16.9229 15.3369 15.6918 14.8833 18.0253 12.1133 13.3056 11.9691 11.77 8.8748 8.19559 8.40431 7.2963 6.76621 6.50358 6.46429 7.71806 6.12355 7.08392 5.82214 5.55581 5.47018 5.14869 5.08458 7.28706 5.24223 4.65935
threshold=1.0000000180025095e-35 2.5000000000000004 2.5000000000000004 0.48389999568462377 0.45065000653266912 0.10000000335276128 0.26395000517368322 2711.7700195312505 0.2650000005960465 8219.7949218750018 0.20175000280141833 0.33200000226497656 0.6585499942302705 0.45065000653266912 0.16135000437498095 3.5000000000000004 0.45000000298023229 0.078549999743700041 0.14314999431371692 0.50000000000000011 0.15824999660253528 0.16534999758005145 4842.0000000000009 0.40365000069141393 0.11425000056624414 0.37344999611377722 0.51650002598762523 2557.3898925781255 12.500000000000002 0.05894999951124192
decision_type=2 2 2 2 2 2 2 2 2 2 2 2 2 2 2 2 2 2 2 2 2 2 2 2 2 2 2 2 2 2
left_child=2 3 4 11 17 8 12 -8 9 -6 -10 13 -7 -2 -15 16 25 29 19 22 21 -20 -5 -22 -19 -3 28 -28 -13 -1
right_child=1 15 -4 18 5 6 7 -9 10 -11 -12 26 -14 14 -16 -17 -18 24 20 -21 23 -23 -24 -25 -26 -27 27 -29 -30 -31
leaf_value=0.030834672557625672 0.0023326288038684703 0.002754315464151343 0.044494574413595847 -0.0070497984546260802 -0.0070152602191649862 0.01130797626054501 0.01916854445123068 0.093430123372083188 0.0004312703550551812 0.059637914548712548 0.012591020096696909 -6.5073004289546601e-05 0.057340847191503619 -0.026631017198561327 -0.016282682499472553 0.053184607933041333 0.080308878505812656 0.015351178529583315 0.10654777493039183 0.016696045956880137 0.0024186948028756382 -0.0029195487538703998 -0.039942109579642289 0.058093697286461965 0.066435548718346282 0.044136167899566682 -0.0072021678010888851 0.089195341558120964 -0.016354034487331054 -0.01798461946839602
leaf_weight=16.446991387754682 41.584851149469614 32.089179128408432 45.069302670657635 70.007066205143929 263.06724854931235 425.21483964473009 22.450646467506886 12.847390435636042 369.83885103091598 7.7067630589008322 446.92756946012378 106.60713260248303 10.734707098454235 326.99139413051307 490.52555389888585 22.433062609285116 4.0260729342699042 7.2026956453919437 3.6659640464931718 28.318417692556977 37.727165127173066 2.4761266373097897 16.653863675892353 5.0848504528403273 19.235332403331995 9.8157505393028242 4.7159738764166814 3.3552997186779976 92.03540863096714 6.9538932293653479
leaf_count=107 299 202 373 643 1469 2405 169 57 2064 16 2477 843 70 3216 4612 221 26 43 37 231 297 19 56 40 132 65 44 20 714 33
internal_value=-0.000166504 -0.0121121 0.00921048 -0.0144427 0.00822192 0.00734894 0.0149699 0.0461975 0.00404666 -0.00511818 0.00708498 -0.016743 0.0124415 -0.0193204 -0.0204218 0.0298115 0.0183959 0.0355255 0.000513006 -0.0059656 0.0157294 0.062417 -0.0133708 0.0090313 0.0525183 0.0124475 -0.00603141 0.0328711 -0.0076121 0.0163274
internal_weight=2951.81 1298.11 1653.7 1229.75 1608.63 1558.79 471.248 35.298 1087.54 270.774 816.766 1065.82 435.95 859.102 817.517 68.3641 45.931 49.8389 163.933 114.979 48.9541 6.14209 86.6609 42.812 26.438 41.9049 206.714 8.07127 198.643 23.4009
internal_count=21000 11585 9415 11071 9042 8727 2701 226 6026 1485 4541 9748 2475 8127 7828 514 293 315 1323 930 393 56 699 337 175 267 1621 64 1557 140
is_linear=0
shrinkage=0.05


Tree=29
num_leaves=31
num_cat=0
split_feature=3 10 10 8 14 15 8 11 6 1 15 14 12 8 6 8 1 1 1 10 1 6 14 5 15 14 13 1 14 1
split_gain=120.125 46.1971 21.2712 15.6374 14.3055 14.6068 14.4419 14.1452 14.1445 11.197 10.3946 8.14348 8.80594 7.82012 8.9763 7.52679 7.44009 7.12898 7.0455 6.9048 6.72845 6.5178 6.51074 6.18486 5.97128 5.78687 6.98194 5.78016 5.15774 5.49723
threshold=1.0000000180025095e-35 2.5000000000000004 2.5000000000000004 0.48389999568462377 0.099950000643730177 0.10000000335276128 0.1025499999523163 12.500000000000002 0.56545001268386852 0.14774999767541888 0.45000000298023229 0.37730000913143164 246.29999542236331 0.60834997892379772 0.6521500051021577 0.10854999721050264 0.26334999501705175 0.48555000126361852 0.3213499933481217 3.5000000000000004 0.38244999945163732 0.45065000653266912 0.17985000461339953 31.250000000000004 0.45000000298023229 0.14314999431371692 0.50000000000000011 0.27365000545978552 0.15824999660253528 0.15984999388456347
decision_type=2 2 2 2 2 2 2 2 2 2 2 2 2 2 2 2 2 2 2 2 2 2 2 2 2 2 2 2 2 2
left_child=2 3 4 9 6 8 20 27 23 11 22 21 -13 18 -15 -12 -9 -10 -8 24 -1 -2 -11 -6 -3 26 -5 -7 29 -27
right_child=1 19 -4 25 5 7 13 16 17 10 15 12 -14 14 -16 -17 -18 -19 -20 -21 -22 -23 -24 -25 -26 28 -28 -29 -30 -31
leaf_value=-0.010461968485711504 0.0052849054360332342 0.011799231954906234 0.042845376784715471 -0.012834575839506843 0.079495698956442179 0.030502995287256973 0.0035793193063100403 0.0031125766794423324 0.0049475772160769808 -0.016429115941647025 -0.020401374223902622 -0.016994358274141894 0.077804840111752982 -0.0092940270505496841 0.042120357264527147 0.021509210652655788 0.036406722953998737 0.063057227289922246 0.017382241212198054 0.05143993403521914 0.018435686890823245 -0.024143052640728895 -0.0027413799661215742 0.027382082263581093 0.075098809676586345 0.095545763918825855 0.015671926838051378 0.058143935961590898 0.0085278927458243576 0.0017177489826951248
leaf_weight=196.07814491167665 19.661524701863527 41.991897635161877 44.479105271399021 85.8107581846416 6.6883172541856757 86.58317544311285 554.251634567976 76.205854456871748 426.62357710674405 422.51302714273334 14.941879490390418 5.8695183582603914 4.2043748497962952 11.708577539771793 30.874783053994179 37.849573310464621 21.517547894269228 5.3441334404051295 110.95873340964317 22.044259030371904 22.449506670236588 437.39496098831296 109.36515917442739 38.271332956850529 4.0884205177426329 3.7557407319545737 28.651638308539987 24.199956655502319 43.04343868419528 2.6714191287755966
leaf_count=1070 150 267 373 699 44 528 3044 417 2361 3894 128 57 47 53 189 295 132 33 629 221 140 4242 935 238 26 35 231 164 337 21
internal_value=-0.000162463 -0.0116416 0.00873579 -0.0138868 0.00779448 0.0132706 0.00374244 0.0243096 0.00844443 -0.0161255 -0.0115143 -0.021897 0.0225704 0.00721141 0.0279836 0.00964701 0.0104436 0.00566649 0.00588168 0.0284253 -0.00749329 -0.0228771 -0.0136146 0.0351346 0.0174154 0.000476936 -0.00569897 0.036541 0.0147664 0.0565466
internal_weight=2940.09 1283.86 1656.23 1215.73 1611.76 685.434 926.321 208.507 476.927 1051.8 584.67 467.13 10.0739 707.794 42.5834 52.7915 97.7234 431.968 665.21 68.1246 218.528 457.056 531.878 44.9597 46.0803 163.933 114.462 110.783 49.4706 6.42716
internal_count=21000 11585 9415 11071 9042 3917 5125 1241 2676 9748 5252 4496 104 3915 242 423 549 2394 3673 514 1210 4392 4829 282 293 1323 930 692 393 56
is_linear=0
shrinkage=0.05


Tree=30
num_leaves=31
num_cat=0
split_feature=3 10 9 9 8 15 2 8 14 14 8 6 8 8 15 5 14 16 14 15 8 12 0 6 6 10 6 14 6 9
split_gain=109.086 42.0389 22.4356 15.5268 15.0228 14.2308 12.7033 12.7756 12.4059 8.63355 8.61622 10.3955 8.09706 8.95 7.54814 7.30348 6.47689 6.10241 5.68292 5.40265 8.27868 5.31135 5.19209 6.29188 5.17111 5.08244 4.96733 4.9857 4.72712 4.34145
threshold=1.0000000180025095e-35 2.5000000000000004 3.5000000000000004 3.5000000000000004 0.24894999712705615 0.45000000298023229 8219.7949218750018 0.48810000717639929 0.099950000643730177 0.16254999488592151 0.7150000035762788 0.74755001068115245 0.28264999389648443 0.12625000625848773 0.45000000298023229 64.149997711181655 0.19135000556707385 3.5000000000000004 0.073249999433755889 0.45000000298023229 0.03914999961853028 844.14999389648449 1.5000000000000002 0.41915000975131994 0.49670000374317175 2.5000000000000004 0.78734999895095836 0.19575000554323199 0.80914998054504406 3.5000000000000004
decision_type=2 2 2 2 2 2 2 2 2 2 2 2 2 2 2 2 2 2 2 2 2 2 2 2 2 2 2 2 2 2
left_child=2 4 5 -3 9 6 7 8 -1 22 14 15 13 -8 16 -12 -6 -16 -13 29 -21 -9 23 -2 -7 26 27 -4 -28 -11
right_child=1 3 25 -5 10 24 12 21 -10 19 11 18 -14 -15 17 -17 -18 -19 -20 20 -22 -23 -24 -25 -26 -27 28 -29 -30 -31
leaf_value=-0.0012220503794844971 0.01497657052629698 0.011211861046369457 0.035256284496056257 0.063082012632142567 -0.013145148879147722 0.080646394082161843 0.023543521095299877 0.015228945793655416 0.0088596936471578135 -0.013101925604082985 0.11536067621546731 -0.052845671965309496 0.0073893800645695651 0.078470187292124252 0.0017343008244418976 0.0094368158088563338 0.0015649961862764631 0.047066680366773597 0.027704301869980914 -0.047279038918568911 0.04986710907701785 0.048256131669770864 -0.015683347597580968 -0.02770946940041609 0.021503611119940945 0.063221696554124782 -0.030372195977906108 0.094232050379736615 0.024143983960822887 0.026385805763591064
leaf_weight=716.02492420002818 8.9145186282694322 47.1786949634552 22.653471473604444 20.782743625342846 413.38888957165182 3.8125776797533026 17.724556714296344 151.7917040400207 531.7412180788815 134.0817824807018 4.266943121328949 3.8240307532250863 23.334116011857986 12.75245353579521 47.112365178763866 2.6306477002799511 91.368461610749364 8.8123909346759302 5.1233926266431808 2.9600549507886162 8.4636009000241739 13.234463259577749 190.97188710048795 273.10694913007319 120.77001043409109 14.117262948304413 4.8808544278144863 4.2570243179798117 21.457398012280464 7.3417957387864581
leaf_count=4040 70 272 133 242 3704 34 33 866 3102 1276 40 30 40 29 326 22 772 61 50 26 83 83 1793 2773 706 171 21 33 124 45
internal_value=-0.000158578 -0.0111844 0.00828636 0.0270739 -0.0133468 0.0070898 0.00571165 0.00480348 0.00307433 -0.018711 -0.00752379 0.0288368 0.0295554 0.0465264 -0.00855135 0.0749628 -0.0104824 0.00887759 -0.00672187 -0.00838029 0.024695 0.0178776 -0.0220494 -0.0263602 0.0233135 0.0365491 0.0294777 0.0445858 0.0140414 -0.011052
internal_weight=2928.88 1270.33 1658.55 67.9614 1202.37 1591.19 1466.6 1412.79 1247.77 625.841 576.527 15.845 53.8111 30.477 560.682 6.89759 504.757 55.9248 8.94742 152.847 11.4237 165.026 472.993 282.021 124.583 67.366 53.2487 26.9105 26.3383 141.424
internal_count=21000 11585 9415 514 11071 8933 8193 8091 7142 6066 5005 142 102 62 4863 62 4476 387 80 1430 109 949 4636 2843 740 482 311 166 145 1321
is_linear=0
shrinkage=0.05


Tree=31
num_leaves=31
num_cat=0
split_feature=3 9 9 10 8 15 6 15 1 6 8 1 14 6 7 1 1 14 1 8 1 8 7 6 5 10 16 1 11 10
split_gain=99.0717 39.2259 20.4777 16.1814 14.9373 13.4015 13.0332 12.4149 10.8339 10.8434 10.1824 10.1567 8.47663 7.44183 6.56685 6.36216 5.92907 5.99177 5.88888 5.74921 5.35451 6.94525 5.24499 5.18108 7.05599 5.14878 4.6247 4.70822 4.39271 4.37118
threshold=1.0000000180025095e-35 3.5000000000000004 3.5000000000000004 2.5000000000000004 0.16935000568628314 0.45000000298023229 0.45065000653266912 0.45000000298023229 0.14705000072717669 0.9770999848842622 0.17085000127553943 0.39955000579357153 0.11514999717473985 0.6521500051021577 4.5000000000000009 0.12465000152587892 0.079450000077486052 0.078549999743700041 0.32619999349117285 0.073650002479553237 0.45945000648498541 0.095449998974800124 1.5000000000000002 0.41915000975131994 56.350000381469734 2.5000000000000004 2.5000000000000004 0.12535000592470172 1.5000000000000002 2.5000000000000004
decision_type=2 2 2 2 2 2 2 2 2 2 2 2 2 2 2 2 2 2 2 2 2 2 2 2 2 2 2 2 2 2
left_child=2 4 6 13 12 10 16 8 14 -10 -6 -12 23 -3 -8 -7 -1 -18 19 -15 29 -22 -17 24 -2 26 27 -4 -9 -14
right_child=1 3 25 -5 5 15 7 28 9 -11 11 -13 20 18 -16 22 17 -19 -20 -21 21 -23 -24 -25 -26 -27 -28 -29 -30 -31
leaf_value=-0.015995063918629173 0.061037565230088187 -0.022315710157698804 0.016576456243348605 0.062300580711650372 0.078649509063763723 -0.0086297381854026876 -0.0017734949086850042 0.058561728345999813 0.0080743016843338941 0.071124780885558209 -0.01373097886778505 0.004899216466783137 -0.015349940078339765 -0.034473144725423288 0.014942227151942581 -0.0026782658079858015 0.018237005672643591 0.055241051882485452 0.057660484240699021 0.019904112804022427 -0.0038662616374937476 0.087617815225413176 0.032863150101284308 -0.027224932357898957 -0.024794812869897792 0.062418665163484356 0.0052586119142293899 0.052484358711973156 0.018783626488242309 0.029193296081804595
leaf_weight=5.7144830003380767 3.9863936081528646 13.520896613597868 15.664607014507054 20.010807208716869 3.1529303006827822 26.096039028838277 591.66664532199502 7.3854007236659518 757.71882693096995 6.8810574896633616 588.48219944909215 83.542661223560572 143.396250853315 5.7758422233164302 65.233205873519182 14.977058701217173 20.338231787085533 23.672300063073635 8.4298418834805471 30.684367172420025 6.6184743419289571 3.0218270868062973 33.822193495929241 259.72538859769702 5.9956017211079597 13.597119361162184 15.800846830010412 21.879636887460947 115.18708897382021 5.7277619615197173
leaf_count=33 29 87 87 242 39 186 3241 48 4217 46 5545 635 1434 39 395 104 123 160 53 202 51 20 264 2578 41 171 82 142 670 36
internal_value=-0.000154024 -0.0107444 0.00786156 0.0234968 -0.0130229 -0.00876845 0.00672369 0.00591229 0.00459576 0.00864173 -0.0109944 -0.011415 -0.0204706 0.0102031 -0.000113546 0.0112983 0.0319193 0.0381407 0.0199978 0.0112899 -0.0113044 0.0248101 0.0219551 -0.0258664 0.00948307 0.0349526 0.0279518 0.0375025 0.0211804 -0.0136391
internal_weight=2917.71 1256.97 1660.74 78.4218 1178.54 750.073 1593.8 1544.07 1421.5 764.6 675.178 672.025 428.472 58.4109 656.9 74.8953 49.725 44.0105 44.8901 36.4602 158.764 9.6403 48.7993 269.707 9.982 66.9422 53.3451 37.5442 122.572 149.124
internal_count=21000 11585 9415 623 10962 6773 8933 8617 7899 4263 6219 6180 4189 381 3636 554 316 283 294 241 1541 71 368 2648 70 482 311 229 718 1470
is_linear=0
shrinkage=0.05


Tree=32
num_leaves=31
num_cat=0
split_feature=3 10 9 9 8 13 1 9 14 14 8 1 8 12 1 0 15 15 8 7 10 14 13 7 10 11 13 12 12 14
split_gain=89.9742 36.3696 18.6863 13.9792 13.582 12.4783 10.9918 10.5598 9.13871 8.41718 8.74617 8.23755 7.51511 9.28929 6.95233 6.40152 6.07868 5.39475 5.50334 5.26729 5.20077 5.01368 6.30875 5.70244 5.60599 4.76312 4.70155 4.37216 4.36309 4.30588
threshold=1.0000000180025095e-35 2.5000000000000004 3.5000000000000004 3.5000000000000004 0.48389999568462377 0.2650000005960465 0.15505000203847888 3.5000000000000004 0.16104999929666522 0.068350002169609084 0.48389999568462377 0.49780000746250158 0.050550000742077834 310.34999084472662 0.14414999634027484 2.5000000000000004 0.10000000335276128 0.10000000335276128 0.36325000226497656 4.5000000000000009 2.5000000000000004 0.14314999431371692 0.50000000000000011 4.5000000000000009 1.5000000000000002 1.0000000180025095e-35 0.50000000000000011 604.54998779296886 46.250000000000007 0.18384999781847003
decision_type=2 2 2 2 2 2 2 2 2 2 2 2 2 2 2 2 2 2 2 2 2 2 2 2 2 2 2 2 2 2
left_child=2 4 5 -3 7 15 12 8 11 10 -8 -2 13 -7 -9 19 -11 18 -17 -1 29 22 27 24 -23 -10 -14 -6 -21 -4
right_child=1 3 20 -5 21 6 9 14 25 16 -12 -13 26 -15 -16 17 -18 -19 -20 28 -22 23 -24 -25 -26 -27 -28 -29 -30 -31
leaf_value=-0.0052341315043136901 -0.019180545307765456 0.011021517729965425 0.019841654618904435 0.061574104583550039 -0.016492703589056888 0.0051650880669569096 0.0038040279169225272 -0.015947268003314651 0.028312915447930839 0.014541191678591976 0.031222627681802534 0.023356960140384086 0.0030809831570408892 -0.02813125196972506 0.022367686247891996 -0.0053192428777946339 0.029245925486820552 0.051831238111994277 0.05289119675833194 0.061530999504114697 0.061673498811161548 0.013992608814917706 0.015496021601374393 -0.03576706403387285 0.072002884775961021 -0.0086789079395247683 0.013316344791292657 0.015353246572666519 0.0083817292588245339 0.056735431126943292
leaf_weight=327.57137142494321 708.75803402811289 47.198793977499008 43.790134489536285 19.253735024482012 71.222610546275973 47.014618024230003 237.69249686971307 19.071400934830308 9.0357113461941463 229.33630485087633 33.140034634619951 11.567104283720253 345.95050068572164 37.780496500432491 31.222279191017151 18.990790106356148 101.33462440222502 9.3647718317806703 5.1645818129181853 4.3818944990634909 13.086275815963743 39.923514503985643 28.662865299731493 5.1004892401397219 4.6497351415455332 235.62754546664655 166.04547183588147 12.699474988505242 32.50476536154747 9.6516202315688115
leaf_count=1807 7064 272 245 242 580 278 1300 132 86 1295 199 98 1905 202 199 104 589 65 36 27 171 317 231 35 41 2169 939 119 187 66
internal_value=-0.000149635 -0.0103199 0.00745907 0.0256685 -0.0123509 0.00637699 0.00892465 -0.0144976 -0.0156617 0.0136946 0.00715907 -0.0184975 0.00411703 -0.00967011 0.00783863 -0.00129392 0.0190475 0.019616 0.00712654 -0.00321706 0.0334225 0.00108151 -0.00475654 0.0143134 0.0200441 -0.00731275 0.00640041 -0.0116736 0.0146955 0.0265047
internal_weight=2906.79 1243.99 1662.8 66.4525 1177.54 1596.27 1198.29 1015.28 964.988 601.503 270.833 720.325 596.791 84.7951 50.2937 397.978 330.671 33.5201 24.1554 364.458 66.528 162.259 112.585 49.6737 44.5732 244.663 511.996 83.9221 36.8867 53.4418
internal_count=21000 11585 9415 514 11071 8933 6707 9748 9417 3383 1499 7162 3324 480 331 2226 1884 205 140 2021 482 1323 930 393 358 2255 2844 699 214 311
is_linear=0
shrinkage=0.05


Tree=33
num_leaves=31
num_cat=0
split_feature=3 10 10 9 8 13 2 8 15 2 1 13 12 2 2 5 8 5 1 16 2 1 9 13 1 8 6 6 1 8
split_gain=81.6881 33.1694 17.937 13.5685 13.1951 12.2199 12.6121 11.5261 10.2231 9.27231 8.85911 7.85968 7.78122 8.9895 8.49357 10.9702 6.67047 6.63892 6.41298 6.05124 10.0541 6.21128 5.20099 6.94165 5.90788 4.91859 4.82225 4.68535 4.65065 7.87013
threshold=1.0000000180025095e-35 2.5000000000000004 2.5000000000000004 3.5000000000000004 0.19115000218153003 0.50000000000000011 7735.0351562500009 0.16305000334978106 0.45000000298023229 7332.6101074218759 0.39955000579357153 0.50000000000000011 97.850002288818374 6078.9050292968759 3263.7099609375005 36.850000381469734 0.28695000708103185 22.849999427795414 0.3213499933481217 3.5000000000000004 3922.0500488281255 0.12465000152587892 3.5000000000000004 0.2650000005960465 0.11675000190734865 0.076949998736381545 0.74755001068115245 0.50984999537467968 0.45945000648498541 0.12274999916553499
decision_type=2 2 2 2 2 2 2 2 2 2 2 2 2 2 2 2 2 2 2 2 2 2 2 2 2 2 2 2 2 2
left_child=2 4 5 -3 22 6 7 18 10 -9 11 -6 13 -7 25 -16 26 -12 -1 21 -21 -10 28 -24 -25 -14 -8 -4 -2 -30
right_child=1 3 27 -5 8 12 16 9 19 -11 17 -13 14 -15 15 -17 -18 -19 -20 20 -22 -23 23 24 -26 -27 -28 -29 29 -31
leaf_value=-0.0067621764428649894 -0.020778767528361528 0.010422377374072971 -0.011614143085493861 0.060897759706029952 -0.015300966899110979 0.021947534370994282 0.021182671940051773 0.0070120686237443823 -0.017550474959379444 -0.044438627582966295 -0.042674189290025366 -0.0014636496740474134 0.00082323182143255848 0.080075794916952547 0.02905505109895706 -0.0084588670687925152 0.0054379465073255782 0.010294441947944988 0.0095619765086043737 0.0094735871298046379 0.11169626605851063 0.016318391259469999 -0.03743139459442045 -0.032589937953352389 0.03481620427712423 0.020460734509416618 0.059302451253697853 0.044713814752382022 -0.019089650462145627 0.04038180371308437
leaf_weight=349.89945446699858 423.16586934775114 47.410848047584295 4.0876680873334399 18.512953881174326 404.3695533759892 85.85031009465456 15.789288699626921 730.94470268860459 20.818919213488698 8.8629764616489393 6.4328817911446086 137.5231365468353 40.200867041945457 7.2097910791635504 24.641065984964371 93.189110398292542 21.418023705482483 73.568319171667099 72.657505631446838 6.8068665936589223 3.7199470177292824 38.701509777456522 7.4409125111997154 4.1919117160141495 14.477144956588743 154.17743754386902 17.482411682605743 38.116867054253817 15.972035763785245 8.5359611175954324
leaf_count=2023 4412 272 24 242 3849 526 29 4186 153 15 41 1327 288 21 82 264 37 562 424 58 16 282 42 32 95 1108 39 349 127 75
internal_value=-0.000145193 -0.0099072 0.00707809 0.0245971 -0.0118585 0.00624093 0.00373683 0.00263277 -0.00745663 0.00639568 -0.00949632 -0.0117893 0.013761 0.026451 0.00997843 -0.000613823 0.0272022 0.00603524 -0.00395528 0.0106522 0.0455969 0.00447182 -0.0182872 0.00340488 0.019681 0.0163994 0.0412125 0.0392582 -0.0195523 0.00162383
internal_weight=2896.18 1231.65 1664.53 65.9238 1165.72 1622.32 1217.05 1162.36 691.941 739.808 621.894 541.893 405.269 93.0601 312.208 117.83 54.6897 80.0012 422.557 70.0472 10.5268 59.5204 473.784 26.11 18.6691 194.378 33.2717 42.2045 447.674 24.508
internal_count=21000 11585 9415 514 11071 9042 6753 6648 6288 4201 5779 5176 2289 547 1742 346 105 603 2447 509 74 435 4783 169 127 1396 68 373 4614 202
is_linear=0
shrinkage=0.05


Tree=34
num_leaves=31
num_cat=0
split_feature=3 9 9 10 8 6 15 8 12 2 14 6 10 2 6 2 6 12 8 8 14 10 2 8 8 8 11 2 11 14
split_gain=74.162 30.9221 16.7014 14.081 12.9402 11.8876 10.9581 9.58244 10.062 7.49926 7.12312 6.62029 6.20731 7.72368 6.24373 6.07978 5.6583 5.7376 5.4995 5.40545 5.19221 5.11764 4.91854 5.29697 5.1328 4.87966 4.74871 4.59527 3.99012 4.2358
threshold=1.0000000180025095e-35 3.5000000000000004 3.5000000000000004 2.5000000000000004 0.31695000827312475 0.45065000653266912 0.45000000298023229 0.11744999885559083 59.95000076293946 8219.7949218750018 0.16104999929666522 0.6521500051021577 2.5000000000000004 3584.299926757813 0.3445000052452088 5360.7849121093759 0.41915000975131994 500.55000305175787 0.60834997892379772 0.070150002837181105 0.078549999743700041 2.5000000000000004 5611.1398925781259 0.56435000896453869 0.44024999439716345 0.16935000568628314 17.500000000000004 2657.059936523438 1.5000000000000002 0.2718500047922135
decision_type=2 2 2 2 2 2 2 2 2 2 2 2 2 2 2 2 2 2 2 2 2 2 2 2 2 2 2 2 2 2
left_child=2 4 5 11 10 20 7 8 -7 -9 16 -3 14 -14 -6 19 17 -2 -16 -13 -1 22 23 24 -4 -18 -12 -22 -8 -30
right_child=1 3 21 -5 12 6 28 9 -10 -11 26 15 13 -15 18 -17 25 -19 -20 -21 27 -23 -24 -25 -26 -27 -28 -29 29 -31
leaf_value=0.012449127843520152 -0.0059585096764168382 -0.021548905714464994 0.031381267268583021 0.060267257040850689 0.058349726999301688 0.016355688133794909 0.054784963865188101 0.0053763175360461374 -0.0063580860494532269 0.028112338250714103 -0.0022037464794878413 -0.026860016077305884 0.0019997293186950764 0.073928261342088228 -0.0087134392416954552 0.075054258136733706 -0.023638476819804854 0.063830222607199782 0.0087519085148318309 0.021003443330069087 0.027628771157654976 0.06056635159965007 -0.012430706977860842 -0.015192451268638541 0.09196531351678261 -0.013888811525409182 -0.020269019204710425 0.069967755615226168 0.014545268703855533 0.054785470047466839
leaf_weight=23.095055535435677 12.580701231956484 13.294369908049701 36.54002433642745 17.78961618244648 3.7524323351681224 57.189728230237961 7.4226772375404826 1002.1820970475674 330.71746061742306 37.630303412675858 133.74330488219857 7.1488390378653994 11.779804389923813 5.4630132913589469 347.62738973274827 4.3125114589929572 296.92269940301776 3.8452570028603068 51.786654260009527 33.734742317348719 15.74001006036997 12.248118177056311 7.6312918066978446 5.4836140125989905 3.8659352622926226 226.03306063450873 49.967707715928555 10.810186520218847 108.65215061232448 6.9584755077958098
leaf_count=139 93 87 238 242 31 334 48 5639 1855 71 1297 47 80 19 3017 14 3116 31 448 233 124 171 16 28 29 2364 466 53 621 49
internal_value=-0.000141137 -0.00950887 0.00671687 0.0213142 -0.011565 0.00570207 0.00493104 0.00369721 -0.00300936 0.00619912 -0.0156207 0.00946686 -0.00458938 0.0247887 -0.00584583 0.0185901 -0.0185168 0.0103788 -0.00644894 0.0126341 0.0297864 0.0314108 0.0247386 0.0309198 0.0371778 -0.0194245 -0.00711733 0.0448675 0.0192488 0.0169673
internal_weight=2885.95 1219.78 1666.17 76.2801 1143.5 1600.4 1550.75 1427.72 387.907 1039.81 723.093 58.4905 420.409 17.2428 403.166 45.1961 539.382 16.426 399.414 40.8836 49.6453 65.769 53.5209 45.8896 40.406 522.956 183.711 26.5502 123.033 115.611
internal_count=21000 11585 9415 623 10962 8933 8617 7899 2189 5710 7367 381 3595 99 3496 294 5604 124 3465 280 316 482 311 295 267 5480 1763 177 718 670
is_linear=0
shrinkage=0.05


Tree=35
num_leaves=31
num_cat=0
split_feature=3 10 10 9 8 6 13 14 1 2 8 6 14 1 14 10 1 14 16 2 1 2 14 1 2 8 6 9 2 6
split_gain=67.3245 28.3424 16.0677 12.4245 11.596 11.1591 10.5365 8.9474 12.1528 7.63287 7.19086 8.79923 7.09581 6.6708 8.15683 6.50059 6.28727 6.21809 6.21354 5.87239 5.78445 6.87698 5.20168 4.9657 5.09895 4.8789 4.41892 4.49709 4.34971 4.18084
threshold=1.0000000180025095e-35 2.5000000000000004 2.5000000000000004 3.5000000000000004 0.24894999712705615 0.45065000653266912 0.2650000005960465 0.11935000121593477 0.32619999349117285 8219.7949218750018 0.7150000035762788 0.74755001068115245 0.16254999488592151 0.16874999552965167 0.19135000556707385 1.5000000000000002 0.40365000069141393 0.12615000456571582 3.5000000000000004 5239.1000976562509 0.11425000056624414 10212.334960937502 0.073249999433755889 0.079450000077486052 2265.3649902343755 0.18590000271797183 0.50984999537467968 1.0000000180025095e-35 5360.7849121093759 0.65904998779296886
decision_type=2 2 2 2 2 2 2 2 2 2 2 2 2 2 2 2 2 2 2 2 2 2 2 2 2 2 2 2 2 2
left_child=2 4 5 -3 12 23 9 8 -8 19 13 29 20 15 -15 -6 28 -9 -18 -7 -2 -22 -13 -1 -25 -26 -4 -28 -14 -12
right_child=1 3 26 -5 10 6 7 17 -10 -11 11 22 16 14 -16 -17 18 -19 -20 -21 21 -23 -24 24 25 -27 27 -29 -30 -31
leaf_value=-0.01595982239713372 -0.028599115495743184 0.0099516456637631853 -0.012223936772104642 0.059678770760365055 -0.014709487885957868 -0.0010969528686024606 0.0012973566804873361 0.036957043378093045 0.018481085613177135 0.039546993960957982 0.03057443745184828 -0.052193035284433323 -0.0065851403256173141 -0.0051417194080959558 0.017872326225224482 0.0083168628791413859 0.0057458130465967054 0.011570491390747275 0.075743670642279076 -0.020143684829826446 -0.016233991854694096 0.067613449200161352 0.025752997598161631 0.019352862098067202 0.02780320590192506 0.077780414092704711 0.011845973343273204 0.052547198409765829 -0.032884200241961523 0.10670218931329585
leaf_weight=5.4726878292858592 116.34967858716846 47.443030964583158 4.0643990747630587 17.084633208811283 254.87023616582155 337.00061618536711 646.86455937474966 25.718955811113119 122.3543937727809 10.641057610511778 3.6525636967271593 3.6305406279861909 109.27776149660349 205.17091991007328 47.395283056423068 34.840831724926829 15.296872714534404 388.13859852775931 3.9992325864732257 45.990981370210648 319.80291215144098 2.4642885327339163 5.2148438505828381 24.523241858929396 9.4667314440011996 10.086317062377928 8.9527275115251523 28.050530400127172 18.364654265344143 3.5625859685242176
leaf_count=32 1282 272 24 242 2349 2064 3510 161 699 21 31 30 1220 1790 377 347 106 2165 29 107 3346 8 50 194 40 49 56 293 75 31
internal_value=-0.00013634 -0.00912267 0.00637665 0.0231176 -0.0109414 0.00559665 0.00486242 0.00722008 0.00403065 -0.0022236 -0.00578591 0.0271859 -0.0158572 -0.00676243 -0.000823021 -0.0119403 -0.0063476 0.0131481 0.0202533 -0.00338415 -0.0190429 -0.0155928 -0.00623953 0.0289607 0.0345383 0.0535836 0.0372641 0.0426998 -0.0103689 0.0681636
internal_weight=2875.75 1208.42 1667.33 64.5277 1143.89 1626.26 1576.71 1183.08 769.219 393.633 558.338 16.0605 585.555 542.277 252.566 289.711 146.939 413.858 19.2961 382.992 438.617 322.267 8.84538 49.549 44.0763 19.553 41.0677 37.0033 127.642 7.21515
internal_count=21000 11585 9415 514 11071 9042 8727 6535 4209 2192 5005 142 6066 4863 2167 2696 1430 2326 135 2171 4636 3354 80 315 283 89 373 349 1295 62
is_linear=0
shrinkage=0.05


Tree=36
num_leaves=31
num_cat=0
split_feature=4 9 9 15 10 1 14 8 15 1 11 6 11 6 8 1 8 1 2 6 10 1 2 14 10 8 8 1 9 14
split_gain=61.1114 27.1817 15.0331 12.9138 12.5642 10.6123 10.3407 11.7404 9.53337 13.1252 9.86209 9.20513 8.95086 8.84533 7.87307 7.34123 6.9993 6.53737 6.37164 5.97624 5.94201 5.3603 5.35353 5.29614 4.92818 4.82392 4.78979 4.59386 5.98089 4.58959
threshold=1.0000000180025095e-35 3.5000000000000004 3.5000000000000004 0.45000000298023229 2.5000000000000004 0.33749999105930334 0.099950000643730177 0.078850001096725478 0.10000000335276128 0.27535000443458563 12.500000000000002 0.46635000407695776 1.5000000000000002 0.45065000653266912 0.31695000827312475 0.45945000648498541 0.60834997892379772 0.48555000126361852 1765.7249755859377 0.6521500051021577 2.5000000000000004 0.41404999792575842 5360.7849121093759 0.016950000077486042 2.5000000000000004 0.070150002837181105 0.20914999395608905 0.38244999945163732 1.0000000180025095e-35 0.011950000189244749
decision_type=2 2 2 2 2 2 2 2 2 2 2 2 2 2 2 2 2 2 2 2 2 2 2 2 2 2 2 2 2 2
left_child=1 3 6 5 19 13 7 27 11 10 -10 -8 -7 29 -15 16 -9 -13 -17 -3 23 -11 25 -5 -4 -21 -25 -2 -29 -1
right_child=2 4 24 20 -6 12 8 15 9 21 -12 17 -14 14 -16 18 -18 -19 -20 22 -22 -23 -24 26 -26 -27 -28 28 -30 -31
leaf_value=0.064873763438830195 -0.013012413033089336 -0.020300893120771199 0.023288906138455363 -0.027340495057630643 0.059128875482676993 0.032705008969564194 0.041305118066312319 0.0021092805207091137 0.023908247988290946 0.060534039639578874 -0.00057965616155317048 0.0038498994609539629 -0.0052868151952967356 -0.020081009759714136 -0.0096828419110560303 0.00045241714854994398 0.023648460543052544 0.058407724046664458 0.046622517715251971 -0.025399852445643595 0.065804343083627079 0.024476739400618425 0.070641514717427273 -0.0061253846574132256 0.059518018142417174 0.020311544368749677 0.016813907208051707 0.048731056141025637 -0.009593380075022289 0.0026280656993570503
leaf_weight=3.2056921012699595 152.8743802793324 12.996242223307489 53.558778062462807 12.439970809966324 16.398704949766397 16.982541197910905 17.650823224335909 677.41947480663657 87.588571760803461 22.313284877687693 77.491159919649363 453.80462124571204 177.98757406510413 483.97231403365731 291.79902980662882 12.471317466348411 39.94070341438055 5.5579606443643561 18.643156737089157 6.955486010760068 3.9455573111772528 19.156087893992662 4.3890856951475135 38.663258630782366 11.381335478276013 33.906528744846582 55.309722160920501 7.2630835846066502 11.132807102054356 38.858734142035246
leaf_count=22 836 87 311 102 242 140 119 3711 525 158 421 2495 1476 5459 2675 101 225 35 85 47 23 112 14 364 171 233 409 46 64 292
internal_value=-0.000132114 -0.00874849 0.00605449 -0.0106903 0.0204683 -0.01246 0.00509925 0.00163753 0.00975706 0.0187305 0.0124132 0.00587153 -0.0019776 -0.014959 -0.0161698 0.00433981 0.00330852 0.00451001 0.0281166 0.00958399 0.00555159 0.043878 0.018167 0.00331755 0.0296384 0.0125306 0.00737601 -0.0101718 0.0134343 0.00737175
internal_weight=2866.06 1197.81 1668.25 1123.16 74.646 1012.81 1603.31 919.745 683.563 206.549 165.08 477.013 194.97 817.836 775.771 748.475 717.36 459.363 31.1145 58.2473 110.359 41.4694 45.2511 106.413 64.9401 40.862 93.973 171.27 18.3959 42.0644
internal_count=21000 11585 9415 10962 623 10064 8933 5068 3865 1216 946 2649 1616 8448 8134 4122 3936 2530 186 381 898 270 294 875 482 280 773 946 110 314
is_linear=0
shrinkage=0.05


Tree=37
num_leaves=31
num_cat=0
split_feature=3 9 10 10 15 13 2 1 8 1 6 8 2 12 2 2 2 8 6 10 13 6 16 2 7 6 8 2 12 2
split_gain=55.4681 24.7542 14.4138 12.1666 11.8166 10.4355 10.5374 9.81798 9.35627 8.59744 8.13645 7.45467 6.92533 6.73708 8.04557 7.71237 9.92617 6.25891 5.38618 5.26787 5.0547 5.89995 5.16371 4.70163 4.5544 4.38052 4.34343 4.19005 4.44735 4.13673
threshold=1.0000000180025095e-35 3.5000000000000004 2.5000000000000004 2.5000000000000004 0.45000000298023229 0.50000000000000011 7735.0351562500009 0.33749999105930334 0.37054999172687536 0.15984999388456347 0.45065000653266912 0.24894999712705615 1375.8249511718752 97.850002288818374 6078.9050292968759 3263.7099609375005 4149.6547851562509 0.28695000708103185 0.6521500051021577 2.5000000000000004 0.2650000005960465 0.83184999227523815 3.5000000000000004 5360.7849121093759 1.5000000000000002 0.74755001068115245 0.070150002837181105 7735.0351562500009 764.30001831054699 7735.0351562500009
decision_type=2 2 2 2 2 2 2 2 2 2 2 2 2 2 2 2 2 2 2 2 2 2 2 2 2 2 2 2 2 2
left_child=2 4 5 18 7 6 8 10 9 -1 -2 -12 -10 14 24 -15 -17 25 -3 29 21 -9 -22 26 -7 -8 -20 28 -4 -6
right_child=1 3 27 -5 19 13 17 20 12 -11 11 -13 -14 15 -16 16 -18 -19 23 -21 22 -23 -24 -25 -26 -27 -28 -29 -30 -31
leaf_value=-0.0056233427728883713 0.0069672120435613806 -0.019550081056454768 0.046616028071487112 0.058614496934150578 0.00065776019904111266 0.00040725785523447895 0.018668585606641117 -0.0024174363982718931 0.021828023650096329 0.0043348089624572544 -0.020484992003280921 -0.010617288410427729 0.0046876236903417847 0.0145134681059689 0.074328605533087427 -0.022162604167992164 0.0085868939639670693 0.0031212018628024494 -0.024531648481006016 0.061546240693821912 -0.0013025693263327926 -0.038457640661473169 0.024503774178658802 0.065807219126575056 0.026355099026897089 0.05504420743303149 0.019097758915510337 -0.020952869790296019 -0.0062513240738115627 0.042195727716457056
leaf_weight=458.2896059975028 42.25266807153821 12.825037064030765 32.299541775137186 15.732346076518295 100.22367821447551 23.026282746344805 15.758596420288084 30.445407029241323 81.050685200840235 411.24137840047479 384.36690820194781 381.23561755754054 215.92427213490009 195.96757967025042 7.2400503903627387 39.364924497902393 78.744843855500221 21.454783350229263 6.8444428890943518 4.0059654563665381 123.10217004083097 18.110725574195385 23.007028518244624 4.4736444056034079 63.675949301570654 17.431551903486252 34.249310839921236 3.0418376773595801 4.5367616750299922 6.3751300722360602
leaf_count=2604 314 87 326 242 858 126 29 250 747 2364 4434 3700 933 1396 21 131 215 37 47 23 1018 137 211 14 400 39 233 7 40 17
internal_value=-0.000127974 -0.00838937 0.00574863 0.0195885 -0.0102525 0.00502167 0.00270855 -0.0119636 0.00170328 -0.000913673 -0.0143925 -0.0155713 0.0093656 0.0119446 0.0236923 0.00843077 -0.00166164 0.024168 0.0090739 0.00525726 -0.00188367 -0.0158599 0.00276102 0.0171302 0.0194639 0.0377732 0.011831 0.0354475 0.0401049 0.00314193
internal_weight=2856.3 1187.25 1669.05 74.1248 1113.13 1629.17 1221.15 1002.52 1166.51 869.531 807.855 765.603 296.975 408.02 93.9423 314.077 118.11 54.6449 58.3924 110.605 194.665 48.5561 146.109 45.5674 86.7022 33.1901 41.0938 39.8781 36.8363 106.599
internal_count=21000 11585 9415 623 10962 9042 6753 10064 6648 4968 8448 8134 1680 2289 547 1742 346 105 381 898 1616 387 1229 294 526 68 280 373 366 875
is_linear=0
shrinkage=0.05


Tree=38
num_leaves=31
num_cat=0
split_feature=3 10 10 9 8 6 15 14 1 9 13 6 7 14 15 8 1 6 6 1 14 14 13 8 1 1 8 1 1 1
split_gain=50.3315 23.3692 13.5591 10.5308 10.4477 9.90037 10.1431 11.3855 8.84701 8.69553 8.47387 9.24859 8.33377 7.57133 7.39198 6.69363 6.12388 5.35196 5.04068 4.63657 4.88146 4.43037 5.0412 4.28836 4.08516 4.41754 3.9298 3.66184 5.12337 5.15578
threshold=1.0000000180025095e-35 2.5000000000000004 3.5000000000000004 3.5000000000000004 0.48389999568462377 0.45065000653266912 0.10000000335276128 0.23795000463724139 0.14774999767541888 3.5000000000000004 0.2650000005960465 0.9770999848842622 4.5000000000000009 0.37730000913143164 0.45000000298023229 0.6585499942302705 0.14864999800920489 0.45065000653266912 0.80234998464584362 0.079450000077486052 0.078549999743700041 0.13704999536275866 0.50000000000000011 0.50624999403953563 0.40365000069141393 0.081450000405311598 0.1009500026702881 0.134150005877018 0.15505000203847888 0.18225000053644183
decision_type=2 2 2 2 2 2 2 2 2 2 2 2 2 2 2 2 2 2 2 2 2 2 2 2 2 2 2 2 2 2
left_child=2 4 5 27 8 19 10 15 13 14 12 -12 -7 17 -10 -8 -9 -2 -15 -1 26 22 -6 -24 25 -23 -21 -3 -29 -30
right_child=1 3 -4 -5 21 6 7 16 9 -11 11 -13 -14 18 -16 -17 -18 -19 -20 20 -22 24 23 -25 -26 -27 -28 28 29 -31
leaf_value=-0.01532233969586725 0.0076546953614263329 -0.0070882075688476695 0.055878779870876208 0.058132867658971105 -0.010061928407274594 -0.0086692893219195346 0.0068423473021668657 0.01645742256127404 -0.011001912185241413 0.018312513806935958 0.0037445379113176455 0.059724830099955523 0.020908925153184332 0.0036315743852082267 0.0093179851402450369 0.046019228012057559 0.051949829058388054 -0.019469615311056846 0.083579599226850779 -0.020264707156046318 0.047836520595399702 0.050564533202463235 0.063953685032897278 0.0068485511141719857 0.053702659001025589 0.0033727112060190872 0.02798083425856572 0.072983609728194496 -0.035996571694248254 0.023543161443521768
leaf_weight=5.790127880871295 19.081573352217674 18.64847581461072 13.227898085489867 15.08590974844992 79.517962547019124 249.93593493103981 426.33389519527555 25.577057857066393 459.1195822916925 30.861881226301193 836.03732739947736 7.4438033998012534 26.322321824729443 6.8197176121175271 49.59098070114851 11.189043827354906 23.156559009104967 387.44271185994148 2.7733476608991623 5.799177564680579 23.679255336523056 5.654196983203291 3.8048432916402843 24.184305660426617 5.8009959980845442 40.327556913718581 15.508044995367525 4.1192008703947094 4.4456266090273884 19.964235693216324
leaf_count=34 150 103 170 242 682 1362 2382 147 4652 193 4595 48 160 68 407 71 154 4242 36 32 165 54 34 190 44 319 95 32 19 118
internal_value=-0.000123861 -0.00804163 0.00545766 0.0217693 -0.00970635 0.00505509 0.00436782 0.0103977 -0.0116823 -0.00745766 0.0017493 0.00423857 -0.00585103 -0.0171604 -0.00902105 0.00784424 0.0333222 -0.0181964 0.0267445 0.0267923 0.0322128 0.00214892 -0.0036383 0.0146114 0.0141639 0.00917571 0.0148499 0.0101413 0.0214037 0.0126995
internal_weight=2847.24 1177.24 1670 62.2634 1114.98 1656.77 1606 486.257 955.69 539.572 1119.74 843.481 276.258 416.117 508.711 437.523 48.7336 406.524 9.59307 50.7766 44.9865 159.29 107.507 27.9891 51.7827 45.9818 21.3072 47.1775 28.5291 24.4099
internal_count=21000 11585 9415 514 11071 9245 8919 2754 9748 5252 6165 4643 1522 4496 5059 2453 301 4392 104 326 292 1323 906 224 417 373 127 272 169 137
is_linear=0
shrinkage=0.05


Tree=39
num_leaves=31
num_cat=0
split_feature=3 10 10 8 14 8 15 11 14 1 15 13 5 11 14 14 1 2 14 2 14 2 12 12 14 1 14 10 15 5
split_gain=45.6713 21.2868 12.7425 10.1199 9.29291 10.5292 9.45058 10.9287 8.79805 8.70321 8.36187 7.90368 7.24366 11.7465 8.00896 6.76899 6.31602 7.05647 5.77019 5.25946 7.70973 5.09718 4.86292 7.50907 4.66267 4.65026 4.43639 4.34785 3.67595 3.8874
threshold=1.0000000180025095e-35 2.5000000000000004 3.5000000000000004 0.16135000437498095 0.099950000643730177 0.093949999660253539 0.10000000335276128 12.500000000000002 0.11214999854564668 0.44274999201297766 0.45000000298023229 0.50000000000000011 60.350000381469734 3.5000000000000004 0.3189499974250794 0.016950000077486042 0.44875000417232519 1684.0750122070315 0.17164999991655353 3263.7099609375005 0.040149999782443054 8219.7949218750018 391.15000915527349 369.55000305175787 0.25014999508857733 0.16225000470876697 0.035949999466538436 4.5000000000000009 0.45000000298023229 44.149999618530281
decision_type=2 2 2 2 2 2 2 2 2 2 2 2 2 2 2 2 2 2 2 2 2 2 2 2 2 2 2 2 2 2
left_child=2 3 4 8 5 -1 12 24 25 10 11 -5 13 -6 -14 -12 21 -18 -9 26 -21 -7 23 -10 -8 -2 -11 28 29 -3
right_child=1 27 -4 9 6 16 7 18 22 19 15 -13 14 -15 -16 -17 17 -19 -20 20 -22 -23 -24 -25 -26 -27 -28 -29 -30 -31
leaf_value=-0.0084309458816797765 -0.029209570813371295 -0.0089546417660701198 0.054854995291370369 -0.012639843620409969 -0.010618803096385432 0.0024702880165510376 0.023363286145674515 -0.0054547490631978871 -0.0026252856262906073 0.035594831718457558 -0.031067323155913141 0.00039491411904974582 -0.0039605876388967712 0.016638061758012496 0.025962223616415432 0.014554422793625033 -0.001780136540565722 0.042043175807252073 0.018623070350192311 -0.0092309096754377411 0.06106041789272957 0.025798955012863375 -0.01992765998728899 0.079182884793698491 0.048587346876921948 -0.01486262421262512 -0.0071883485854216909 0.052671392184577726 0.057398648583791158 0.021262877729747533
leaf_weight=206.10313934460282 115.59343753568828 15.97654492408037 12.811647318303583 453.7789371535182 49.209073308855295 682.94284662604332 92.585103888064623 53.363813143223524 97.055032175034285 7.861748442053794 9.3338744472712261 156.37073846533895 216.35718346759677 200.89886968396604 24.939734373241663 63.066734107211232 15.504437375813721 22.539819099009037 46.62131218239665 5.9931736290454891 11.174677170813082 24.246047705411911 45.852699773386121 2.8884785324335089 22.840509824454784 110.44546192511916 26.429081382229924 9.1519625745713693 4.7260292414575806 31.884729063138366
leaf_count=1149 1331 102 170 4519 253 3819 562 277 1013 86 67 1569 1160 1174 149 474 125 104 284 25 52 44 492 35 145 1176 232 143 34 235
internal_value=-0.000119892 -0.00770712 0.00518167 -0.00930232 0.00479787 0.00157146 0.00914045 0.0178728 -0.0160226 -0.00589796 -0.00739289 -0.00929926 0.00531256 0.0112752 -0.000867855 0.00867287 0.00433775 0.0241836 0.00577232 0.0139309 0.0365222 0.00327011 -0.00644609 -0.000260939 0.0283546 -0.0221995 0.00262041 0.0208653 0.01533 0.011176
internal_weight=2838.55 1167.58 1670.96 1105.84 1658.15 951.336 706.816 215.411 371.835 734.009 682.55 610.15 491.405 250.108 241.297 72.4006 745.233 38.0443 99.9851 51.4587 17.1679 707.189 145.796 99.9435 115.426 226.039 34.2908 61.7393 52.5873 47.8613
internal_count=21000 11585 9415 11071 9245 5241 4004 1268 4047 7024 6629 6088 2736 1427 1309 541 4092 229 561 395 77 3863 1540 1048 707 2507 318 514 371 337
is_linear=0
shrinkage=0.05


Tree=40
num_leaves=31
num_cat=0
split_feature=3 10 10 8 13 1 8 5 1 14 14 12 1 7 14 5 8 8 14 8 11 10 1 5 1 16 15 16 1 8
split_gain=41.4242 19.328 12.2172 9.40461 9.06211 8.35025 10.899 8.10649 8.04647 7.35473 6.75381 5.98502 5.05511 5.02738 4.72017 5.28002 4.3567 4.67014 6.65607 4.2782 4.26416 4.19684 4.1605 4.14465 10.7307 4.71739 4.07848 3.86767 6.53063 4.6318
threshold=1.0000000180025095e-35 2.5000000000000004 2.5000000000000004 0.48389999568462377 0.50000000000000011 0.12314999848604204 0.54794999957084667 69.049999237060561 0.11805000156164171 0.30110000073909765 0.1641499996185303 97.850002288818374 0.47175000607967382 1.5000000000000002 0.37730000913143164 57.350000381469734 0.48810000717639929 0.7150000035762788 0.055350000038743026 0.075149998068809523 10.500000000000002 4.5000000000000009 0.050049999728798873 19.44999980926514 0.15505000203847888 4.5000000000000009 0.10000000335276128 1.5000000000000002 0.10594999790191652 0.41764999926090246
decision_type=2 2 2 2 2 2 2 2 2 2 2 2 2 2 2 2 2 2 2 2 2 2 2 2 2 2 2 2 2 2
left_child=2 3 4 8 5 27 9 -8 14 -7 12 19 -10 -12 26 -16 -5 22 -19 -6 -4 -3 -18 24 -13 -25 -2 29 -29 -1
right_child=1 21 20 16 11 6 7 -9 10 -11 13 23 -14 -15 15 -17 17 18 -20 -21 -22 -23 -24 25 -26 -27 -28 28 -30 -31
leaf_value=-0.0023497719310618453 -0.02368293229107743 0.014523281169389283 0.050353005902389891 0.050936095959111007 -0.0005407274165863924 0.0023446272023852754 0.042108997588884943 0.0032837472356468849 -0.012069386468177148 0.024938905841138122 -0.012872465545683177 -0.010517741984865329 0.0093832446198608126 0.006104478943975449 -0.019161137752285361 0.07030571246034871 0.0562185862036641 -0.015169642244146093 0.051224082890987503 0.026810432794867944 0.016970217710564776 0.051708166944899152 -0.0033317143528172766 0.0083809913218623137 0.08799633213408023 -0.012297598758287407 -0.01015613933564119 -0.0023788467337528241 -0.020589327567648336 0.017229915825558297
leaf_weight=142.78056691586971 173.26290315948427 52.72461954317987 18.202972617000341 4.4833315107971421 17.55740537494421 717.07312853634357 33.18913796916604 22.599083561450243 476.89647452905774 37.921910271048546 48.917122850194573 5.6769105195999128 29.138428861275315 121.79846738278866 3.4617737773805848 3.1494512744247913 2.9981553405523291 6.0294014606624868 10.095430999994276 76.994006969034672 20.160795034840703 8.8636941872537118 135.04986434429884 273.76950267702341 5.3875029534101486 30.670145273208618 82.143956491723657 160.57851419597864 71.001170322299004 38.309200640767813
leaf_count=804 1961 371 187 44 96 3927 211 122 5004 226 451 34 242 1132 35 35 33 51 91 451 186 143 1104 1522 36 150 888 873 371 219
internal_value=-0.000116522 -0.00738081 0.00491939 -0.00891042 0.00426437 0.00210836 0.00505532 0.0263814 -0.0108133 0.00347949 -0.00793291 0.0106971 -0.0108341 0.000666794 -0.0182527 0.023459 0.00234868 0.000935767 0.0263981 0.0217316 0.0328098 0.0198749 -0.00203839 0.00739028 0.0374509 0.00629777 -0.0193324 -0.00368163 -0.00796209 0.00179227
internal_weight=2830.89 1159.01 1671.87 1097.42 1633.51 1223.45 810.783 55.7882 938.769 754.995 676.75 410.055 506.035 170.716 262.018 6.61123 158.656 154.173 16.1248 94.5514 38.3638 61.5883 138.048 315.504 11.0644 304.44 255.407 412.669 231.58 181.09
internal_count=21000 11585 9415 11071 9042 6753 4486 333 9748 4153 6829 2289 5246 1583 2919 70 1323 1279 142 547 373 514 1137 1742 70 1672 2849 2267 1244 1023
is_linear=0
shrinkage=0.05


Tree=41
num_leaves=31
num_cat=0
split_feature=4 9 9 10 8 8 13 15 2 13 8 5 14 8 6 6 6 2 2 6 9 2 2 8 11 2 8 2 11 2
split_gain=37.5603 20.1127 12.8182 10.1062 9.80884 10.1373 10.3835 9.36955 8.69416 9.24958 8.44834 7.94731 7.10028 7.07905 7.85897 6.77585 4.96388 4.90708 7.81617 4.85342 4.61282 4.17526 4.09852 4.88748 4.84837 4.04546 3.96403 3.94125 3.36552 3.39706
threshold=1.0000000180025095e-35 3.5000000000000004 3.5000000000000004 2.5000000000000004 0.16935000568628314 0.17085000127553943 0.50000000000000011 0.45000000298023229 8219.7949218750018 0.50000000000000011 0.54794999957084667 31.250000000000004 0.11214999854564668 0.28264999389648443 0.74755001068115245 0.93084999918937694 0.6521500051021577 6236.8850097656259 4526.3251953125009 0.49670000374317175 5.5000000000000009 5360.7849121093759 5611.1398925781259 0.58610001206398021 5.5000000000000009 7735.0351562500009 0.54794999957084667 3024.5700683593755 1.5000000000000002 5119.9750976562509
decision_type=2 2 2 2 2 2 2 2 2 2 2 2 2 2 2 2 2 2 2 2 2 2 2 2 2 2 2 2 2 2
left_child=1 4 7 16 12 -6 11 8 9 10 -2 -7 -1 14 -10 -11 27 18 -14 -9 22 26 23 24 -4 -8 -18 -3 -21 -30
right_child=2 3 20 -5 5 6 25 19 13 15 -12 -13 17 -15 -16 -17 21 -19 -20 28 -22 -23 -24 -25 -26 -27 -28 -29 29 -31
leaf_value=-0.020777825238727697 -0.0016510676820902584 0.0048819075854184798 0.067286224360634944 0.057204775881154614 0.07818181972055209 -0.024245801153477048 0.0030023720957053062 0.07396646582148389 0.016032633043065261 0.011098364896193848 0.015266123615110823 -0.0067353096500882281 -0.0081358751175884189 0.0018279904376300579 0.067577493724609569 -0.012038248798491882 0.0071612972043987857 -0.035048790395297423 0.029869160877751197 0.048334430226053535 0.062506230129553988 0.06286100370939364 -0.011815611245513717 -0.019433734576520593 0.024449014735488973 0.039400467740884487 0.061061378597629425 -0.052170261822339192 0.016567344544781315 -0.0083969006492362087
leaf_weight=229.30366890504956 988.49202511832118 7.4199561234563571 8.1810090988874418 13.707733955234287 3.6205105483531943 75.96496257185936 172.91555228084326 3.6194145306944838 16.934725195169452 327.01431170105934 79.754132948815823 440.81132283434272 119.63898589462042 23.312916904687881 13.127284348011015 35.035279825329781 37.079406626522541 13.890886440873144 15.253394566476343 7.2174794599413863 7.894143806770443 4.5010429769754401 7.8509464263916007 5.0277990475296965 34.294648967683315 7.9865727573633185 3.7567333877086631 5.1131151616573334 99.128657214343548 15.799078047275541
leaf_count=2599 5574 69 75 242 44 697 1704 34 32 1879 462 4303 1445 40 30 176 253 52 93 46 137 14 18 24 228 25 27 18 623 37
internal_value=-0.000113024 -0.00706495 0.00467056 0.0186019 -0.00876702 -0.00526729 -0.00570033 0.00380287 0.00269215 0.00195276 -0.000388048 -0.00930931 -0.0152585 0.0225056 0.0385409 0.00885945 0.00945804 -0.00675224 -0.00383833 0.0169062 0.02675 0.0171574 0.0216508 0.0271818 0.0326997 0.0046093 0.0121199 -0.0183937 0.0152154 0.0131355
internal_weight=2823.65 1150.96 1672.68 71.578 1079.39 701.299 697.678 1609.44 1483.67 1430.3 1068.25 516.776 378.087 53.3749 30.062 362.05 57.8703 148.783 134.892 125.765 63.2485 45.3372 55.3544 47.5035 42.4757 180.902 40.8361 12.5331 122.145 114.928
internal_count=21000 11585 9415 623 10962 6773 6729 8933 8193 8091 6036 5000 4189 102 62 2055 381 1590 1538 740 482 294 345 327 303 1729 280 87 706 660
is_linear=0
shrinkage=0.05


Tree=42
num_leaves=31
num_cat=0
split_feature=3 9 9 10 15 6 6 13 13 15 1 1 8 2 2 5 5 9 9 1 9 5 10 1 2 5 8 11 2 6
split_gain=34.0636 18.2833 11.6803 9.80824 9.54202 8.67817 8.46657 8.43887 8.23336 8.1311 6.64113 6.42878 6.29163 6.14019 7.21266 5.08076 7.64309 5.59693 4.97234 4.67444 4.55752 4.52605 6.21104 4.33646 4.33887 7.44247 4.72996 4.32669 8.08967 4.57538
threshold=1.0000000180025095e-35 3.5000000000000004 3.5000000000000004 2.5000000000000004 0.45000000298023229 0.45065000653266912 0.45065000653266912 0.50000000000000011 0.2650000005960465 0.45000000298023229 0.1949499994516373 0.15345000475645068 0.36595000326633459 8219.7949218750018 7332.6101074218759 72.049999237060561 91.549999237060561 2.5000000000000004 1.5000000000000002 0.11874999850988389 5.5000000000000009 38.149999618530281 1.5000000000000002 0.079450000077486052 2265.3649902343755 73.649997711181655 0.23384999483823779 12.500000000000002 7735.0351562500009 0.81814998388290416
decision_type=2 2 2 2 2 2 2 2 2 2 2 2 2 2 2 2 2 2 2 2 2 2 2 2 2 2 2 2 2 2
left_child=2 4 6 19 5 15 23 12 13 11 -9 -10 -7 14 -8 17 -17 -2 -11 -3 -4 -21 -23 -1 25 -25 -26 28 29 -6
right_child=1 3 20 -5 27 7 8 10 9 18 -12 -13 -14 -15 -16 16 -18 -19 -20 21 -22 22 -24 24 26 -27 -28 -29 -30 -31
leaf_value=-0.016867054273225626 0.032695276125871128 -0.018090824519209635 0.020597929734196149 0.056811213455103093 -0.00090645960392189489 -0.017012357716060796 -0.0033584898053602356 -0.009838631720458825 -6.4073236828773099e-05 0.028997763741958334 0.0072714040844616126 0.0076260619152599372 -0.0064338495474007568 0.034553038184425205 -0.049836350113361676 -0.041087996452858794 0.022732469533890562 -0.027340376295794989 0.0044110268734615455 -0.010249503419677803 0.061954721149894622 0.035260935454430764 -0.022625505177410524 0.03578765921899988 0.026086067582478015 -0.022080643225372541 0.076845107215843644 -0.0055464988988964022 0.077615622300987563 0.029283071146922208
leaf_weight=5.711828038096427 25.205308910459284 12.52914886921644 55.279630489647388 13.127240113914011 37.477454548701644 479.29529591277242 367.10216205567122 140.3393548168242 531.2254098020494 54.457239702343941 95.173132499679923 556.43654147535563 198.88143521361053 10.388317197561262 8.5414626002311689 9.557704087346794 9.213624954223631 4.5889325737953177 33.039753329008818 11.80066594481468 7.5742942113429299 28.149538297206163 5.5471016839146605 15.928459390997888 10.857447862625124 8.5324788391590101 7.950184002518653 48.591414259746671 4.6800900399684897 18.869133785367012
leaf_count=33 202 96 345 242 321 5381 2115 1562 2888 337 917 3061 1839 21 14 59 77 27 181 66 137 187 32 139 48 56 40 396 13 168
internal_value=-0.000109129 -0.00676214 0.00443627 0.0177817 -0.00839142 -0.00998368 0.00361085 -0.0110784 0.00296865 0.00504975 -0.00292428 0.00387012 -0.0139101 -0.00336665 -0.00441531 0.0106119 -0.00976268 0.0234485 0.0197136 0.00895211 0.0255817 0.0163993 0.0257317 0.0240802 0.0294856 0.015602 0.0475424 0.00558585 0.0144498 0.0092033
internal_weight=2816.05 1143.03 1673.03 71.1537 1071.87 962.255 1610.17 913.689 1561.19 1175.16 235.512 1087.66 678.177 386.032 375.644 48.5656 18.7713 29.7942 87.497 58.0265 62.8539 45.4973 33.6966 48.9804 43.2686 24.4609 18.8076 109.618 61.0267 56.3466
internal_count=21000 11585 9415 623 10962 10064 8933 9699 8617 6467 2479 5949 7220 2150 2129 365 136 229 518 381 482 285 219 316 283 195 88 898 502 489
is_linear=0
shrinkage=0.05


Tree=43
num_leaves=31
num_cat=0
split_feature=3 1 14 8 15 11 6 15 8 5 13 14 14 1 5 5 1 12 12 1 6 12 8 1 8 1 8 11 7 2
split_gain=30.8975 8.90259 8.29493 8.59642 7.88068 9.72985 8.3827 7.60441 7.01774 9.42241 7.13907 8.49413 6.457 6.07127 5.90024 7.31487 5.6953 7.00194 5.91772 5.60888 5.57493 5.53281 5.97507 8.39735 5.16603 9.96707 5.95521 5.01711 4.99727 7.64824
threshold=1.0000000180025095e-35 0.11805000156164171 0.099950000643730177 0.093949999660253539 0.10000000335276128 12.500000000000002 0.56545001268386852 0.10000000335276128 0.60834997892379772 92.450000762939467 0.50000000000000011 0.053950000554323203 0.19135000556707385 0.2112499997019768 71.649997711181655 84.450000762939467 0.3213499933481217 66.649997711181655 99.750000000000014 0.48555000126361852 0.48984999954700476 27.050000190734867 0.48065000772476202 0.074450001120567336 0.44379998743534094 0.21335000544786456 0.37555000185966497 4.5000000000000009 1.5000000000000002 1322.3900146484377
decision_type=2 2 2 2 2 2 2 2 2 2 2 2 2 2 2 2 2 2 2 2 2 2 2 2 2 2 2 2 2 2
left_child=2 7 3 -1 6 -6 14 20 12 10 -10 -12 -3 -11 -4 -16 -5 27 -19 -8 -2 -9 -23 -24 26 -26 -14 -18 29 -7
right_child=1 8 4 16 5 28 19 21 9 13 11 -13 24 -15 15 -17 17 18 -20 -21 -22 22 23 -25 25 -27 -28 -29 -30 -31
leaf_value=-0.0078187382349564852 0.013126642270489703 -0.0069786476979679119 0.038965784547044011 0.0017128937514136759 0.026058253951764032 -0.016810680087064708 0.0020856800250008837 -0.042279537406502837 -0.0068209383498030497 0.030727646624756522 -0.024022904113446517 0.077038199889723671 0.0046962760958442415 0.13676148185313783 -0.036862480346688709 0.02824479342009429 -0.0087905497216395675 -0.021400643696814541 0.013211478648944687 0.052132525525391264 -0.020944713504739185 -0.0044774775311514289 0.10323827113330031 0.010857835768032884 -0.0040281483986113935 0.068793440377271586 -0.030488728309750392 0.057526195572885491 -0.0022278074492056345 0.039318794509786134
leaf_weight=207.90653970651329 12.763745652511714 628.51668694987893 28.842080183327198 625.75138220191002 116.74487288855016 8.6839082166552561 443.18631674535573 8.0217222198843938 25.269518679007888 3.0514090880751601 3.0847414098680002 6.3782051037997007 115.95438640005887 2.4211380779743195 7.1329540573060539 10.916414674371479 3.6316519677639034 14.189143646508454 95.232167569920421 5.670009793713688 202.24832733906806 79.985327670350671 3.0967134442180386 11.962738111615179 10.361974803730847 8.5974509045481664 13.417596273124216 13.284367725253103 71.727478798478842 20.155093282461166
leaf_count=1173 124 6415 191 3442 720 69 2455 84 207 29 22 52 1109 32 32 70 22 60 548 36 2268 868 33 89 83 73 97 98 399 100
internal_value=-0.000105521 -0.00647275 0.00421451 0.00118027 0.00829952 0.0162387 0.00481936 -0.0135696 -0.00370997 0.0166591 0.00705102 0.0440942 -0.00476415 0.0776386 0.0249352 0.00251496 0.00366795 0.0133514 0.00872317 0.00271788 -0.0189221 -0.00240329 0.000962244 0.0298543 0.00461923 0.028994 0.00104712 0.0432888 0.00483955 0.0224173
internal_weight=2808.19 1135.13 1673.05 959.995 713.059 217.311 495.748 318.079 817.053 40.205 34.7325 9.46295 776.848 5.47255 46.8914 18.0494 752.089 126.337 109.421 448.856 215.012 103.067 95.0448 15.0595 148.331 18.9594 129.372 16.916 100.566 28.839
internal_count=21000 11585 9415 5343 4072 1288 2784 3466 8119 342 281 74 7777 61 293 102 4170 728 608 2491 2392 1074 990 122 1362 156 1206 120 568 169
is_linear=0
shrinkage=0.05


Tree=44
num_leaves=31
num_cat=0
split_feature=3 10 10 8 6 14 15 14 2 8 12 1 1 16 15 13 14 8 2 14 1 6 12 2 6 13 14 1 14 10
split_gain=27.9926 16.2947 10.9006 8.3142 7.90073 7.62457 7.31173 8.69733 10.5069 7.44696 9.98688 7.95072 7.30585 7.19915 6.76632 6.29789 6.07104 4.80166 4.70636 6.47784 4.38171 6.25524 4.37305 4.28927 4.02438 3.56285 3.55363 4.99248 4.33184 3.52981
threshold=1.0000000180025095e-35 2.5000000000000004 3.5000000000000004 0.16135000437498095 0.45065000653266912 0.11214999854564668 0.10000000335276128 0.2718500047922135 2711.7700195312505 0.20175000280141833 54.549999237060554 0.46375000476837164 0.44274999201297766 6.5000000000000009 0.45000000298023229 0.50000000000000011 0.016950000077486042 1.0000000180025095e-35 3263.7099609375005 0.040149999782443054 0.16225000470876697 0.68274998664855968 395.75000000000006 5119.9750976562509 0.6521500051021577 0.50000000000000011 0.078549999743700041 0.11425000056624414 0.05894999951124192 4.5000000000000009
decision_type=2 2 2 2 2 2 2 2 2 2 2 2 2 2 2 2 2 2 2 2 2 2 2 2 2 2 2 2 2 2
left_child=2 3 4 5 23 20 9 13 -9 10 -6 -11 14 -8 15 -5 -16 25 22 -20 21 -2 -14 26 -19 -7 28 -28 -1 -3
right_child=1 29 -4 12 6 17 7 8 -10 11 -12 -13 18 -15 16 -17 -18 24 19 -21 -22 -23 -24 -25 -26 -27 27 -29 -30 -31
leaf_value=0.017419002320063565 -0.0080193086949491253 0.014436760011789632 0.052466335902516086 -0.010750591811595987 0.013881346933266415 -0.032237548008389093 0.0054237829090904932 0.011740400384201485 0.069484894907675135 0.0034713077876794801 -0.0064424924276400841 0.034829416922712533 -0.0078598119125208518 0.049967713739635079 -0.029828363554336542 0.00098953308558849475 0.013986200077331038 -0.016714997138553102 -0.0080006885217799098 0.056539759746075884 -0.012608186638555913 -0.03465324749103154 0.03278581377661631 0.062946143309253758 0.0052597443201191554 0.0094005702888433768 -0.0038893312997509625 0.046886969656628613 -0.032563985815590425 0.050140237956073669
leaf_weight=15.100912738591434 30.99038876965642 51.857321161776781 11.522002832964061 436.62525791674852 70.110485166311264 22.799138614907864 445.86464309133589 21.953859608620405 12.286100015044211 593.47794813662767 438.43338977918029 20.926485177129507 25.137587519362569 9.2591397911310178 9.0337267294526082 154.70812513679266 63.342507358640432 27.659504884853959 5.8635350689291981 11.538301959633825 105.22495419159532 76.374415876343846 8.9821218065917474 5.9841596931219092 84.44203276745975 6.6319825872778884 6.9490358307957676 15.958022363483904 6.0801243335008612 7.9891169015318146
leaf_count=104 382 371 170 4519 395 250 2477 162 53 3218 2420 132 229 62 67 1569 474 275 25 52 1176 949 89 21 930 85 43 126 32 143
internal_value=-0.000102763 -0.00618624 0.00400109 -0.00760715 0.00366517 -0.0138728 0.00305772 0.0081583 0.0324605 0.000834968 -0.00364054 0.00453936 -0.00450492 0.00632999 -0.00591287 -0.00767907 0.00851743 -0.00488106 0.0136325 0.0347929 -0.0198591 -0.0269655 0.00284028 0.023225 -0.000162219 -0.0228549 0.0178335 0.0314836 0.00307113 0.0192029
internal_weight=2803.11 1129.2 1673.91 1069.35 1662.38 354.122 1612.31 489.364 34.24 1122.95 508.544 614.404 715.231 455.124 663.71 591.333 72.3762 141.533 51.5215 17.4018 212.59 107.365 34.1197 50.0723 112.102 29.4311 44.0881 22.9071 21.181 59.8464
internal_count=21000 11585 9415 11071 9245 4047 8919 2754 215 6165 2815 3350 7024 2539 6629 6088 541 1540 395 77 2507 1331 318 326 1205 335 305 169 136 514
is_linear=0
shrinkage=0.05


Tree=45
num_leaves=31
num_cat=0
split_feature=4 9 9 10 6 8 8 13 13 15 14 1 14 2 2 6 14 12 2 11 5 1 5 5 5 6 9 6 2 1
split_gain=25.3812 16.5427 10.5443 8.93146 8.43617 8.20456 10.5583 7.70505 7.29162 7.02238 6.75508 6.47455 7.91093 6.01599 6.90537 5.61364 5.11828 5.06055 5.73486 4.88149 4.72727 4.65452 4.44932 9.29426 7.8362 5.96046 5.39711 4.4059 4.24614 4.08697
threshold=1.0000000180025095e-35 3.5000000000000004 4.5000000000000009 2.5000000000000004 0.45065000653266912 0.16935000568628314 0.17085000127553943 0.2650000005960465 0.50000000000000011 0.45000000298023229 0.03655000030994416 0.14705000072717669 0.33235000073909765 8219.7949218750018 7332.6101074218759 0.85565000772476207 0.06515000015497209 38.149999618530281 6659.7651367187509 17.500000000000004 34.049999237060554 0.36214999854564672 72.049999237060561 91.549999237060561 62.049999237060554 0.38540001213550573 2.5000000000000004 0.6521500051021577 3971.8400878906255 0.32619999349117285
decision_type=2 2 2 2 2 2 2 2 2 2 2 2 2 2 2 2 2 2 2 2 2 2 2 2 2 2 2 2 2 2
left_child=1 4 7 27 22 10 -7 13 -8 11 28 15 -13 14 21 -9 20 -11 -19 -12 -4 -2 24 -24 26 -25 -1 -3 -6 -29
right_child=2 3 16 -5 5 6 8 9 -10 17 19 12 -14 -15 -16 -17 -18 18 -20 -21 -22 -23 23 25 -26 -27 -28 29 -30 -31
leaf_value=0.022654522265469573 -0.0045711331584839879 -0.017224077407323589 -0.049009974724268469 0.056298733002595136 -0.019618820739595394 0.08078900189559042 -0.0088829424141310728 0.0034550900150549986 0.0030778244680763457 0.057595404977379298 -0.0068600435905407531 0.0066756975578560959 0.037585843753567084 0.034513961227073627 -0.048384431064997048 -0.007952569204437189 0.068136239394204504 0.011839903204052865 0.067132924850781719 -0.023168065101903033 0.035566797139016837 0.012465321517810438 -0.039886619531733503 0.072131701598364323 0.088133249991404164 -0.005848199940940926 -0.04122372274056741 0.0093037509942147292 -0.043763851719995833 0.047598209077037518
leaf_weight=24.766793970018629 344.88775978982449 12.256676781922577 2.1855059806257504 12.306944957002996 61.056645831093192 3.5471443906426421 480.07878038659692 381.09048324637115 173.46291069686413 7.6400487869977942 195.47573320101947 601.50677864253521 21.437510993331671 10.654187917709349 8.4095816612243635 150.40546333789825 9.1237149368971568 79.489486984908581 4.9834456890821448 59.963142013177276 6.7698576971888542 45.365472763776779 10.252315353602173 4.3193857558071596 4.0884271077811709 5.6636024303734303 3.8162227086722842 36.757130837067962 25.946697752922773 8.59694119915366
leaf_count=189 1971 87 18 242 906 43 4825 2094 1668 54 2242 3335 133 22 14 789 128 484 13 722 79 281 65 43 42 41 21 241 155 53
internal_value=-9.95745e-05 -0.00591712 0.00380099 0.0176341 -0.00748172 -0.00851163 -0.00524138 0.00338634 -0.00570832 0.00534077 -0.0147867 0.0042807 0.00773941 -0.00256576 -0.0035567 0.000226892 0.041779 0.0186264 0.0151019 -0.0106883 0.0149263 -0.00259071 0.0119758 -0.0064485 0.023387 0.0278917 0.0141259 0.00937444 -0.0268195 0.0165625
internal_weight=2796.3 1122.36 1673.95 69.9177 1052.44 999.531 657.089 1655.87 653.542 1246.55 342.442 1154.44 622.944 409.317 398.663 531.496 18.0791 92.113 84.4729 255.439 8.95536 390.253 52.9067 20.2353 32.6714 9.98299 28.583 57.6107 87.0033 45.3541
internal_count=21000 11585 9415 623 10962 10561 6536 9190 6493 6902 4025 6351 3468 2288 2266 2883 225 551 497 2964 97 2252 401 149 252 84 210 381 1061 294
is_linear=0
shrinkage=0.05


Tree=46
num_leaves=31
num_cat=0
split_feature=3 9 10 10 15 1 11 5 2 2 1 6 8 12 6 8 5 8 6 14 6 9 11 2 1 8 2 8 14 1
split_gain=23.0131 15.0361 10.1248 8.67026 8.02148 7.71765 8.04487 8.40417 7.27315 8.66838 8.00744 8.0179 6.66725 6.37013 6.07649 5.571 5.29849 12.3753 4.10782 4.0919 3.97019 3.96778 3.80293 6.65359 4.50502 4.11167 3.72441 3.70205 4.0027 3.52547
threshold=1.0000000180025095e-35 3.5000000000000004 2.5000000000000004 2.5000000000000004 0.45000000298023229 0.33749999105930334 1.5000000000000002 88.649997711181655 7735.0351562500009 7332.6101074218759 0.45945000648498541 0.67225000262260448 0.082750000059604659 148.44999694824222 0.45065000653266912 0.19794999808073047 51.049999237060554 0.37555000185966497 0.50984999537467968 0.011950000189244749 0.6521500051021577 1.0000000180025095e-35 12.500000000000002 7735.0351562500009 0.15505000203847888 0.53665000200271618 3024.5700683593755 0.070150002837181105 0.011450000107288362 0.14195000380277636
decision_type=2 2 2 2 2 2 2 2 2 2 2 2 2 2 2 2 2 2 2 2 2 2 2 2 2 2 2 2 2 2
left_child=2 4 8 20 5 14 7 -7 9 10 12 -12 -1 -10 19 -16 -15 -18 -4 -2 26 -20 23 24 -6 -24 29 -22 -29 -3
right_child=1 3 18 -5 22 6 -8 -9 13 -11 11 -13 -14 16 15 -17 17 -19 21 -21 27 -23 25 -25 -26 -27 -28 28 -30 -31
leaf_value=-0.0047103733472877102 0.061437225006277379 -0.034603279801069024 -0.019073490335265092 0.055959735901946486 -0.0054614616578965514 0.012988563785874166 -0.0028238054645569914 0.094624816335624418 0.041570033108022639 -0.033219424942967736 0.056357258713495284 0.011067372538786618 0.0036706776599773777 -0.0080273088967054134 -0.017473914391077931 -0.0084094549496655027 0.055664679639839967 -0.011972326632194264 0.006662069524340457 0.0030550673764329688 -0.017626740092401446 0.046170075886532325 -0.0088241367308016152 0.0698004316147052 0.022825718591049354 0.049354973634043522 -0.050776732373489647 -0.022517744712563778 0.027605605211105777 0.035647621347933006
leaf_weight=296.019595567137 3.2544819675385943 3.0975063163787109 3.8486599922180167 11.775849886238573 27.410913376137614 12.571528755128385 170.52968526817858 4.2078033760190001 21.195649594068527 16.976178362965584 12.61150513216853 43.408379036933184 1196.1782209575176 24.194094598293304 281.45899414364249 426.16214755550027 14.511017814278604 12.665498822927473 8.6860675290226919 38.574252646416426 7.0667725913226596 23.680473068729043 44.724778085947037 4.9014173746109 28.931328222155571 3.2580851279199115 4.8009326383471489 4.5108805559575549 34.037472834810615 4.2175172679126263
leaf_count=1724 22 29 24 242 248 102 1476 38 46 32 93 258 6792 43 3611 4523 34 20 56 292 48 293 370 13 241 26 18 25 221 40
internal_value=-9.6453e-05 -0.00565983 0.00361083 0.0168594 -0.00715626 -0.00865141 0.0004266 0.0334607 0.00303259 0.00231514 0.00270478 0.0212633 0.00200806 0.0185073 -0.0109203 -0.0120149 0.00899157 0.0241427 0.0297607 0.00759749 0.00888379 0.0355675 0.00566658 0.0139246 0.0090638 -0.00487372 -0.0165579 0.0156414 0.0217402 0.00590027
internal_weight=2789.47 1115.49 1673.98 69.5069 1045.99 936.759 187.309 16.7793 1637.76 1565.19 1548.22 56.0199 1492.2 72.5663 749.45 707.621 51.3706 27.1765 36.2152 41.8287 57.7311 32.3665 109.227 61.2437 56.3422 47.9829 12.116 45.6151 38.5484 7.31502
internal_count=21000 11585 9415 623 10962 10064 1616 140 9042 8899 8867 351 8516 143 8448 8134 97 54 373 314 381 349 898 502 489 396 87 294 246 69
is_linear=0
shrinkage=0.05


Tree=47
num_leaves=31
num_cat=0
split_feature=3 10 9 9 14 1 2 2 5 8 8 1 2 2 8 1 8 11 1 6 1 8 6 5 5 2 14 6 9 14
split_gain=20.8675 13.7254 9.74826 7.83185 7.09949 7.6146 13.0657 10.4984 9.16815 7.44402 6.97619 6.61866 6.48141 11.64 6.19487 7.31973 5.91157 7.76295 8.74422 5.46808 5.30919 5.26289 7.7285 5.39984 4.69839 8.65057 4.34019 4.28756 4.25069 4.06093
threshold=1.0000000180025095e-35 2.5000000000000004 3.5000000000000004 3.5000000000000004 0.065949998795986189 0.24145000427961352 4604.5700683593759 3922.0500488281255 44.750000000000007 0.36834999918937689 0.32524999976158148 0.11805000156164171 8996.6650390625018 4526.3251953125009 0.37804999947547918 0.10384999960660936 0.33214999735355383 6.5000000000000009 0.15505000203847888 0.9770999848842622 0.51650002598762523 0.7150000035762788 0.74755001068115245 31.250000000000004 55.350000381469734 5239.1000976562509 0.37730000913143164 0.94615000486373912 5.5000000000000009 0.028849999420344833
decision_type=2 2 2 2 2 2 2 2 2 2 2 2 2 2 2 2 2 2 2 2 2 2 2 2 2 2 2 2 2 2
left_child=2 10 4 -3 9 12 7 -7 -8 24 11 26 13 -6 29 -16 17 -12 -19 20 -13 23 -23 -18 27 -26 -2 -1 -4 -11
right_child=1 3 28 -5 5 6 8 -9 -10 14 16 19 -14 -15 15 -17 21 18 -20 -21 -22 22 -24 -25 25 -27 -28 -29 -30 -31
leaf_value=-0.01105679173999655 -0.019112506615391232 0.0092295892287915064 0.018406947762671922 0.055640645078527708 0.0051574668034814145 0.010798401686823516 0.0074877042609914173 -0.02939355654829149 0.051639135693838524 0.010892270040940389 0.11192244142396988 -0.0078859894489086875 0.032958612305493816 -0.012042670913378656 -0.012715701301820526 0.011397966672498481 -0.018824859643296499 -0.048684875169437619 0.057559721988967721 0.050031315452936556 0.036663862877369426 0.062960187439397977 -0.0063718153684575521 -0.0011696690559522881 -0.0029899414623768346 0.024826957315796074 0.032368097803657729 0.019295687175422203 0.06085955019123343 0.086285264652766341
leaf_weight=220.96763336285949 178.40091525390744 47.093428511172533 54.907172301784158 11.264147430658339 529.20881598815322 183.99193450808525 18.460389867424965 17.821102306246758 32.384762227535248 3.2063808478415003 2.5340554602444154 472.34784214850515 17.31232587993145 120.81839227676392 41.248656965792179 132.76318455114961 50.412988549098372 3.4293064586818218 4.449267016723752 4.2020524032413951 6.7837310768663874 7.4379777703434256 8.7455048002302629 307.3274627123028 246.38797618821263 31.525126740336418 4.1902923732995978 12.281546153128145 6.6058501899242392 4.0321844816207886
leaf_count=1172 2237 272 345 242 3376 1220 48 52 104 20 31 5205 35 305 202 741 449 33 44 54 54 62 80 2769 1470 83 53 73 137 32
internal_value=-9.31584e-05 -0.00541376 0.00343061 0.0181878 0.00268534 0.00556363 0.0129564 0.00724925 0.035609 -0.001139 -0.00672517 -0.00982098 0.0027647 0.00196053 0.00756725 0.00568194 -0.00136119 0.0357989 0.0113146 -0.00675719 -0.00725524 -0.00239599 0.0254934 -0.00365765 -0.0042261 0.000165474 -0.0179311 -0.00945861 0.0229659 0.0528893
internal_weight=2782.54 1108.62 1673.92 58.3576 1612.41 919.998 252.658 201.813 50.8452 692.413 1050.26 665.925 667.34 650.027 181.25 174.012 384.337 10.4126 7.87857 483.334 479.132 373.924 16.1835 357.74 511.162 277.913 182.591 233.249 61.513 7.23857
internal_count=21000 11585 9415 514 8933 5140 1424 1272 152 3793 11071 7603 3716 3681 995 943 3468 108 77 5313 5259 3360 142 3218 2798 1553 2290 1245 482 52
is_linear=0
shrinkage=0.05


Tree=48
num_leaves=31
num_cat=0
split_feature=9 3 10 6 14 13 14 6 13 5 5 2 6 7 2 6 6 5 11 2 5 5 5 6 9 2 5 14 12 0
split_gain=19.5305 21.0233 11.7292 7.11024 7.03354 6.81009 7.80195 6.74841 6.67528 6.59724 5.61057 10.406 5.94546 4.99204 7.61684 4.93568 6.15908 5.52522 5.22416 4.08381 3.92453 8.57419 6.5328 5.0285 4.8312 3.51186 5.55097 3.54242 3.47775 3.29539
threshold=3.5000000000000004 1.0000000180025095e-35 2.5000000000000004 0.45065000653266912 0.024249999783933166 0.50000000000000011 0.025850000791251663 0.45065000653266912 0.2650000005960465 31.250000000000004 34.850000381469734 1202.1799926757815 0.9770999848842622 4.5000000000000009 2604.184936523438 0.950850009918213 0.92084997892379772 124.45000076293947 8.5000000000000018 4257.0849609375009 72.049999237060561 91.549999237060561 62.049999237060554 0.38540001213550573 2.5000000000000004 1845.5050048828127 73.649997711181655 0.08155000209808351 1268.299987792969 2.5000000000000004
decision_type=2 2 2 2 2 2 2 2 2 2 2 2 2 2 2 2 2 2 2 2 2 2 2 2 2 2 2 2 2 2
left_child=1 7 15 20 19 9 -7 25 13 -6 11 -10 -12 28 -15 16 17 18 -2 29 22 -22 24 -23 -3 26 -1 -27 -9 -5
right_child=2 3 -4 4 5 6 -8 8 10 -11 12 -13 -14 14 -16 -17 -18 -19 -20 -21 21 23 -24 -25 -26 27 -28 -29 -30 -31
leaf_value=0.024775147585321941 -0.005020279508675788 0.021059102536114368 0.055607292876297093 -0.015666195964526362 -0.021623578217938238 0.082335355660666298 0.0010302993565494557 -0.0048433899807208379 -0.0066915858888409677 -0.0062333276759037109 0.0019387193256785798 0.01874624730823168 0.044209960915934647 -0.005706407956679465 0.038524795329617854 0.064905779193110247 -0.034772700915933423 0.059089318977931342 0.019595658986994873 -0.030430758490083032 -0.039062730958675462 0.065495338404930686 0.079199004370475612 -0.0053624312531268649 -0.040132468030968038 0.014045309141028237 -0.027876094119394464 0.050717078892274108 -0.036331641687732626 0.006795697402202143
leaf_weight=14.155509997159244 33.749034374952316 25.120240919291977 18.597869666293263 112.30804727785289 80.409824262373149 2.9936320874840012 205.19596653152257 336.5017903894186 56.124415177851915 519.51882128790021 972.53574092313647 141.72637793421745 8.3900719322264177 22.987480495125055 16.880823783576488 4.3505591489374629 6.9967550188302985 6.2970716767013064 59.647813146933913 41.266589317470789 9.9954009447246808 4.5150117054581624 4.3103967495262614 5.6209458820521832 3.7008197531104079 12.582727089524271 7.7449794970452777 13.816173814237116 9.0034524351358396 19.106756526976824
leaf_count=129 195 189 413 1511 865 41 2130 1876 484 5597 5286 644 53 166 67 29 36 45 387 217 65 43 42 41 21 53 54 80 41 200
internal_value=-9.02871e-05 -0.00101848 0.0188582 -0.00658332 -0.00754951 -0.00559223 0.00219941 0.00255026 0.00198185 -0.00829612 0.00384948 0.0115303 0.00230027 -0.00373084 0.0130217 0.0127032 0.0105745 0.0137571 0.0107007 -0.0167092 0.0112084 -0.00620313 0.0217879 0.0262008 0.0132017 0.0209578 0.00615535 0.0332379 -0.00566394 -0.0124004
internal_weight=2776.15 2646.51 129.639 1034.06 980.8 808.118 208.19 1612.45 1564.15 599.929 1178.78 197.851 980.926 385.374 39.8683 111.041 106.691 99.6939 93.3968 172.681 53.2628 20.1314 33.1315 10.136 28.8211 48.2994 21.9005 26.3989 345.505 131.415
internal_count=21000 19895 1105 10962 10561 8633 2171 8933 8617 6462 6467 1128 5339 2150 233 692 663 627 582 1928 401 149 252 84 210 316 183 133 1917 1711
is_linear=0
shrinkage=0.05


Tree=49
num_leaves=31
num_cat=0
split_feature=10 3 8 12 13 2 2 8 10 8 1 13 12 1 2 15 7 1 6 12 2 2 5 6 1 12 15 2 12 12
split_gain=17.6463 19.5316 6.60982 6.56616 6.54892 6.74053 7.37516 7.95738 6.44262 6.61154 6.04931 6.38087 6.03568 7.26556 5.48931 5.3553 8.39017 4.91708 11.6986 4.91661 7.05328 6.97369 9.58425 4.582 4.35002 4.14053 3.98927 6.43861 5.49803 3.94713
threshold=2.5000000000000004 1.0000000180025095e-35 0.48389999568462377 729.29998779296886 0.50000000000000011 7735.0351562500009 7332.6101074218759 0.54794999957084667 3.5000000000000004 0.044350000098347671 0.14774999767541888 0.2650000005960465 230.84999847412112 0.134150005877018 10212.334960937502 0.45000000298023229 3.5000000000000004 0.26084999740123754 0.77345001697540294 97.850002288818374 6078.9050292968759 3263.7099609375005 36.850000381469734 0.41915000975131994 0.51650002598762523 174.55000305175784 0.45000000298023229 3971.8400878906255 613.45001220703136 429.75000000000006
decision_type=2 2 2 2 2 2 2 2 2 2 2 2 2 2 2 2 2 2 2 2 2 2 2 2 2 2 2 2 2 2
left_child=1 4 10 8 5 6 7 -1 9 -2 11 -3 25 -14 26 24 -17 18 -7 20 -6 29 -23 -13 -12 -11 28 -28 -4 -21
right_child=3 2 14 -5 19 17 -8 -9 -10 12 15 23 13 -15 -16 16 -18 -19 -20 21 -22 22 -24 -25 -26 -27 27 -29 -30 -31
leaf_value=-0.00081254132383212904 -0.019705652205932123 -0.023733558435997865 -0.0027359158308669549 -0.012794976883725051 0.014097469316553049 -0.0094906138498044978 -0.037879920764103014 0.015031253709881901 0.050608782651301455 0.023773864294751888 -0.0066151935220139721 0.02510528188083111 0.010152100277898682 0.072553565823010008 -0.060551124895242427 0.0002488941099661641 0.048982468770340612 0.046709057259520154 0.045444810541651302 0.016752768432783016 0.065687080739931833 0.02282652185467509 -0.011924413078406065 -0.010044963547108916 0.034506173567528317 -0.016434425877884171 0.010029858357928075 0.083445108832409617 0.023541318931780447 0.002490138993035088
leaf_weight=1073.3622423820198 9.6249477416276914 96.811258097179234 112.22736975736916 12.184592951089142 88.206599991768599 27.208859503269196 12.749457314610479 85.566196765750647 20.720464186742902 21.274485483765606 450.07410183921456 9.6017995923757535 7.820631772279742 11.559175902977584 3.2937719523906699 40.027917794883251 11.332310112193225 11.694849401712416 15.052137345075606 115.25997950136662 7.1633701771497718 25.177463531494141 93.611478537321091 269.30808536894619 6.5244926363229743 9.1592727024108154 11.963531929999588 3.9800198376178733 24.198291856795549 83.761123076081276
leaf_count=6122 57 1133 992 94 526 45 24 502 355 159 4775 74 61 113 6 331 92 26 34 832 21 82 264 3289 54 48 92 15 218 564
internal_value=-8.74144e-05 -0.000828389 -0.00619014 0.0214024 0.00257205 0.000736872 -5.88322e-05 0.00035724 0.0266006 0.0182313 -0.00786366 -0.0126738 0.0255614 0.0473717 0.00331022 -0.00430575 0.0110016 0.018016 0.0100758 0.00801584 0.0179724 0.00502801 -0.00455891 -0.00883488 -0.0060276 0.0116729 0.00469072 0.0283567 0.00192497 0.0107501
internal_weight=2770.5 2678.16 1039.34 92.3436 1638.81 1225.63 1171.68 1158.93 80.159 59.4385 883.68 375.721 49.8136 19.3798 155.663 507.959 51.3602 53.9558 42.261 413.18 95.37 317.81 118.789 278.91 456.599 30.4338 152.369 15.9436 136.426 199.021
internal_count=21000 20113 11071 887 9042 6753 6648 6624 793 438 9748 4496 381 174 1323 5252 423 105 79 2289 547 1742 346 3363 4829 207 1317 107 1210 1396
is_linear=0
shrinkage=0.05


Tree=50
num_leaves=31
num_cat=0
split_feature=9 3 15 1 11 5 15 9 2 13 8 6 8 8 8 1 14 13 6 1 2 6 6 8 11 2 6 3 6 8
split_gain=17.4408 17.4571 6.84216 6.68558 7.16186 6.99284 6.68362 6.57952 5.75047 6.75166 6.5834 6.08544 5.85723 7.54456 5.10719 7.85128 4.78639 4.6214 4.56842 4.1688 9.54692 3.98761 5.71199 3.58089 3.48769 5.75208 4.13651 3.65073 3.33923 3.12749
threshold=3.5000000000000004 1.0000000180025095e-35 0.45000000298023229 0.33749999105930334 1.5000000000000002 88.649997711181655 0.45000000298023229 6.5000000000000009 8219.7949218750018 0.50000000000000011 0.54794999957084667 0.93084999918937694 0.28264999389648443 0.12625000625848773 0.44379998743534094 0.069150000810623183 0.23795000463724139 0.50000000000000011 0.49670000374317175 0.091449998319149031 4257.0849609375009 0.94885000586509716 0.92084997892379772 0.37555000185966497 12.500000000000002 7735.0351562500009 0.77494999766349804 2.5000000000000004 0.86575001478195202 0.25045000016689306
decision_type=2 2 2 2 2 2 2 2 2 2 2 2 2 2 2 2 2 2 2 2 2 2 2 2 2 2 2 2 2 2
left_child=1 6 3 14 5 -5 8 16 9 10 -1 -11 13 -10 17 -16 19 -3 -8 20 23 22 -21 -2 25 26 -4 -26 -6 -20
right_child=7 2 24 4 28 -7 18 -9 12 11 -12 -13 -14 -15 15 -17 -18 -19 29 21 -22 -23 -24 -25 27 -27 -28 -29 -30 -31
leaf_value=-0.0023708871453630743 0.0011681289947446912 -0.014337502669865094 -0.0032903838491296303 0.012924209814716849 0.0023852800496742968 0.086089691658022396 0.069962247856958412 0.056878186911391453 0.011466822103483897 0.0087313968813810695 0.012520690456305501 -0.013146131609791153 -0.0012255022940229144 0.063080141361245096 0.043038705852740729 -0.0042201550740154376 0.047765414889277096 -0.004334605800618614 0.0043544336477450039 0.017432717921650857 -0.057300572580838219 0.069293777311326479 -0.033870766306066551 0.064286994149759621 -0.00040250035151650002 0.06488950263378622 0.023964966694991461 -0.052757432132676509 -0.013118802841313599 0.020387556202753183
leaf_weight=989.59725672751665 8.9721319600939768 432.43821290787309 30.637104168534279 12.548072921112182 119.54215234145522 4.4146952517330638 3.4645522423088542 9.9920025151222926 17.437195330858234 329.70764848217368 80.235442362725735 35.177315138280392 23.113886535167694 11.920566752552984 9.4264911953359825 129.84922042675316 9.9772205688059312 157.53171701915562 66.029325652867556 80.395196529105306 6.7745272368192664 3.3850358482450238 5.8180517554283133 2.9978570397943249 43.879117650911212 5.0332474261522284 25.514227636158466 3.6031140722334376 48.950093898922205 56.392485741525888
leaf_count=5574 82 5280 257 102 1069 38 34 267 33 1879 462 176 40 29 105 1206 85 1857 366 569 16 28 32 26 370 13 232 26 407 340
internal_value=-8.45108e-05 -0.000960601 -0.00606869 -0.00747785 0.000998671 0.0319661 0.00228007 0.0179166 0.00134369 0.000749097 -0.00125405 0.00662226 0.0176014 0.0324241 -0.00963352 -0.00102157 0.0146264 -0.0116666 0.0133423 0.0115746 -0.00986851 0.0160607 0.0139705 0.0169761 0.00579287 0.0136839 0.00909399 -0.00437537 -0.00211894 0.0117399
internal_weight=2764.76 2636.44 1023.37 914.701 185.455 16.9628 1613.08 128.312 1487.19 1434.72 1069.83 364.885 52.4716 29.3578 729.246 139.276 118.32 589.97 125.886 108.343 18.7445 89.5983 86.2132 11.97 108.667 61.1846 56.1513 47.4822 168.492 122.422
internal_count=21000 19895 10962 10064 1616 140 8933 1105 8193 8091 6036 2055 102 62 8448 1311 838 7137 740 753 124 629 601 108 898 502 489 396 1476 706
is_linear=0
shrinkage=0.05


Tree=51
num_leaves=31
num_cat=0
split_feature=9 4 10 8 8 13 14 8 14 15 1 2 2 1 6 12 11 1 8 6 12 14 1 2 2 12 1 11 1 14
split_gain=15.7766 15.8392 11.0122 6.7017 7.90747 6.75873 6.46096 7.28419 6.1973 5.33907 5.31084 7.66832 13.8385 10.922 6.04437 7.68972 4.88919 4.8866 4.50076 8.11222 5.62828 4.49458 4.82263 10.359 6.08404 5.53756 4.36601 4.35284 4.23802 4.22811
threshold=3.5000000000000004 1.0000000180025095e-35 2.5000000000000004 0.16935000568628314 0.17085000127553943 0.50000000000000011 0.099950000643730177 0.066449999809265151 0.03655000030994416 0.45000000298023229 0.24145000427961352 4526.3251953125009 3922.0500488281255 0.43355000019073492 0.85684999823570263 8.4499998092651385 17.500000000000004 0.38944999873638159 0.60834997892379772 0.74185001850128185 1223.549987792969 0.28370000422000891 0.11545000225305559 4257.0849609375009 4149.6547851562509 28.650000572204593 0.12384999915957452 8.5000000000000018 0.44274999201297766 0.038350000977516181
decision_type=2 2 2 2 2 2 2 2 2 2 2 2 2 2 2 2 2 2 2 2 2 2 2 2 2 2 2 2 2 2
left_child=1 3 21 8 -5 9 7 17 -1 -6 14 12 -12 -13 15 -8 29 -3 20 -20 -9 22 23 -2 25 -24 -16 -26 -7 -10
right_child=2 6 -4 4 5 28 10 18 16 -11 11 13 -14 -15 26 -17 -18 -19 19 -21 -22 -23 24 -25 27 -27 -28 -29 -30 -31
leaf_value=-0.022998339529942086 0.013481144685469834 -0.013812382409518674 0.054967240729304548 0.068268257661362658 -0.008193383309715899 0.0027641269067787359 0.051621704596865541 0.0012925871449193048 0.055404111032741545 0.0084428345656504308 0.012436024627370375 0.050846895592257829 -0.043970914782339471 -0.0084109597604586552 -0.015086289715077059 0.005393429904921 -0.020079432873799187 0.016931211304870502 -0.00862437594868346 0.035535172492324928 -0.022048683734938044 0.061251283485547731 0.067748234855992379 -0.049070626783518152 0.013806780435998764 0.0047019380251269579 0.0025845635243538457 0.065112727602437845 0.031296216244897972 -0.0047148635052022825
leaf_weight=86.90283450204879 19.392402479425076 131.99107241258025 16.662484449334443 3.8826689328998318 433.59284772537649 164.84431818313897 9.2307133562862855 707.69169724732637 2.9685814492404452 54.263336297124624 137.14163282141089 26.274306148290634 11.809740468859671 11.044504031538962 65.432510655373335 353.32855406776071 60.148135690018535 14.328316163271664 17.836291760206223 24.944504797458649 26.804774727672338 4.3426097854971877 3.7090401612222186 10.048322618007658 7.378439441323283 57.12148105353117 75.045505631715059 9.4018069207668287 14.130355726927517 197.29686690866947
leaf_count=1101 152 728 413 44 4588 1626 63 3889 42 412 919 85 32 28 337 1993 751 86 85 153 127 36 32 25 23 389 408 35 103 2295
internal_value=-8.17e-05 -0.000915856 0.0170561 -0.00579908 -0.00287979 -0.00329406 0.00216633 -0.000567555 -0.0114366 -0.00634297 0.00582943 0.0130417 0.00796375 0.0333095 0.00315878 0.0065704 -0.00757832 -0.0108018 0.001359 0.017124 0.000440769 0.0113853 0.00936247 -0.00786821 0.0158987 0.00854608 -0.00564625 0.042553 0.00501678 -0.00382371
internal_weight=2758.99 2630.93 128.057 1018.03 670.714 666.831 1612.9 923.597 347.316 487.856 689.307 186.27 148.951 37.3188 503.037 362.559 260.414 146.319 777.277 42.7808 734.496 111.394 107.051 29.4407 77.6108 60.8305 140.478 16.7802 178.975 200.265
internal_count=21000 19895 1105 10962 6773 6729 8933 5068 4189 5000 3865 1064 951 113 2801 2056 3088 814 4254 238 4016 692 656 177 479 421 745 58 1729 2337
is_linear=0
shrinkage=0.05


Tree=52
num_leaves=31
num_cat=0
split_feature=10 3 9 14 2 2 6 12 9 0 15 14 2 1 5 2 11 12 13 6 2 6 5 2 6 1 6 2 13 14
split_gain=15.3549 14.9606 9.19827 6.51561 8.47254 14.1038 6.37652 6.02188 6.31826 6.13829 5.93512 7.14262 9.60725 5.84177 7.06848 8.39532 5.71076 8.45619 5.5094 7.68803 6.26076 5.44821 6.3613 5.00804 4.72124 4.47619 4.09866 3.83918 3.70119 2.77905
threshold=2.5000000000000004 1.0000000180025095e-35 3.5000000000000004 0.15235000103712085 10212.334960937502 8219.7949218750018 0.45065000653266912 729.29998779296886 1.0000000180025095e-35 1.5000000000000002 0.10000000335276128 0.2718500047922135 2711.7700195312505 0.47175000607967382 66.049999237060561 3263.7099609375005 16.500000000000004 230.84999847412112 0.2650000005960465 0.9770999848842622 8219.7949218750018 0.43074999749660497 45.049999237060554 5360.7849121093759 0.57684999704360973 0.13624999672174457 0.81215000152587902 5119.9750976562509 0.50000000000000011 0.078549999743700041
decision_type=2 2 2 2 2 2 2 2 2 2 2 2 2 2 2 2 2 2 2 2 2 2 2 2 2 2 2 2 2 2
left_child=1 6 7 13 5 23 27 8 9 26 18 24 -13 21 15 -15 17 -10 20 -20 -8 22 -3 -5 -12 -18 -2 29 -23 -1
right_child=2 3 -4 4 -6 -7 10 -9 16 -11 11 12 -14 14 -16 -17 25 -19 19 -21 -22 28 -24 -25 -26 -27 -28 -29 -30 -31
leaf_value=0.0019138920839682683 -0.042791933573167018 0.053762164021445735 0.054705921503959809 0.0026761327119686545 -0.056266802660064279 0.074033460825469036 -0.0078217660495521861 -0.02234686867759475 0.019894699092855975 0.032985552963105201 -0.01256937168998068 0.0087231337201363959 0.064516478317387493 0.009826294337604043 -0.012298730047872242 0.085184978434112948 -0.029108326314142993 0.076069587949935777 0.0011836972186493634 0.052157636865821103 0.040133865065558688 -0.012067104334953949 -0.0016122863936603828 -0.018910971910414163 0.0061353719437704339 0.029215086687917731 0.010924054544803228 0.059215270094377652 -0.0036950643474904462 0.027521815898627691
leaf_weight=20.676227197051048 8.9551544748246688 7.1110388115048435 15.923641460947691 249.80615591444075 6.3634845912456504 6.6494056582450858 262.70117480680346 10.4555801525712 16.038497433066372 7.9364277124404898 36.73059505969286 21.813961237668991 11.938308566808699 10.736983763054019 14.356461094692348 5.6357048526406279 5.8825244531035406 11.504957295954226 829.441705532372 7.4636121019721022 6.9869553148746482 494.64206826779991 19.162514111027122 30.104776561260223 413.78375038504601 7.46384222432971 5.8848576359450808 5.5624053478240958 180.07254117634147 21.728548634797335
leaf_count=132 43 59 413 2721 15 24 1469 55 103 53 192 160 51 112 116 29 34 92 4494 47 16 5733 138 132 2298 53 41 20 1992 163
internal_value=-7.90933e-05 -0.000765619 0.0202278 -0.00550478 0.000796895 0.00206408 0.00219744 0.0128208 0.0185962 -0.00250849 0.00165587 0.00627245 0.0284575 -0.00802749 0.0133104 0.0357658 0.0303519 0.0433591 -0.000364435 0.00163829 -0.00657935 -0.00896287 0.013375 0.000354412 0.00461037 0.00350855 -0.0214907 0.0201588 -0.00983272 0.0150356
internal_weight=2753.51 2663.47 90.0455 1024.64 292.924 286.56 1638.83 74.1218 63.6663 22.7764 1590.86 484.267 33.7523 731.717 30.7291 16.3727 40.8898 27.5435 1106.59 836.905 269.688 700.988 26.2736 279.911 450.514 13.3464 14.84 47.9672 674.715 42.4048
internal_count=21000 20113 887 11071 2892 2877 9042 474 419 137 8727 2701 211 8179 257 141 282 195 6026 4541 1485 7922 197 2853 2490 87 84 315 7725 295
is_linear=0
shrinkage=0.05


Tree=53
num_leaves=31
num_cat=0
split_feature=10 3 9 14 2 2 6 2 11 14 12 9 0 13 11 12 6 6 1 1 5 2 6 1 12 12 7 11 5 6
split_gain=14.0062 13.5665 9.01011 5.96448 8.10288 10.1476 5.82496 6.15215 5.59818 5.51913 5.44937 5.69864 5.55563 5.27188 5.1309 7.64867 4.98137 6.65054 5.16274 4.90316 7.90387 7.38183 4.93593 5.1337 4.36075 5.50225 4.35419 4.26611 4.08748 3.76928
threshold=2.5000000000000004 1.0000000180025095e-35 3.5000000000000004 0.16104999929666522 10212.334960937502 7735.0351562500009 0.48984999954700476 5119.9750976562509 14.500000000000002 0.030749999918043617 729.29998779296886 1.0000000180025095e-35 1.5000000000000002 0.2650000005960465 16.500000000000004 230.84999847412112 0.9770999848842622 0.92535001039505016 0.14705000072717669 0.47175000607967382 66.049999237060561 3263.7099609375005 0.43074999749660497 0.14485000073909762 1268.299987792969 844.14999389648449 2.5000000000000004 12.500000000000002 39.549999237060554 0.81215000152587902
decision_type=2 2 2 2 2 2 2 2 2 2 2 2 2 2 2 2 2 2 2 2 2 2 2 2 2 2 2 2 2 2
left_child=1 6 10 19 5 28 7 8 27 -10 11 12 29 24 15 -13 17 -15 -18 22 21 -21 23 -3 25 -8 -16 -1 -5 -2
right_child=2 3 -4 4 -6 -7 13 -9 9 -11 -12 14 -14 16 26 -17 18 -19 -20 20 -22 -23 -24 -25 -26 -27 -28 -29 -30 -31
leaf_value=0.016967340897705321 -0.041277166368087606 0.039613019515144565 0.054459328283169267 -0.010345444302009611 -0.055936388824348843 0.058779526973712894 -0.0043814741168527486 0.062022389895135199 -0.045341324463370691 0.0066189771659292936 -0.021327032048810094 0.018873519858182565 0.031275998719235587 0.0039838487657751394 -0.018959424095517763 0.07228852958544732 -0.0044944194248679303 -0.0089266367445846838 0.065074622751553179 0.0092676386750759534 -0.014818273286951358 0.076747837025383847 -0.0092434215039685543 -0.0049940025161059783 -0.03685804549700053 0.020714894998757137 0.04005877250334694 0.067355217951226731 0.0043007764221069927 0.010355558749876799
leaf_weight=37.643986754119396 8.8230094350874442 10.6251965649426 15.213887468911706 63.119393289089203 6.0879842340946189 7.7494055628776541 349.41656356677413 6.5266313552856436 6.8417102396488216 20.197275217622519 10.408992603421209 16.060386519879106 7.9513190649449816 1059.2162976674736 8.2698265276849252 11.501403655856846 4.5214065052568895 110.12008377537131 6.5014132708311081 10.812988622114064 15.250353367999194 6.4823980927467337 689.14187519438565 16.414604846388102 9.6491512320935708 23.296458296477795 5.0236096978187552 4.7283119000494471 194.20990562066436 5.8972000144422045
leaf_count=259 43 88 413 637 15 27 1950 24 33 131 55 103 53 5790 52 92 27 555 43 112 123 32 7946 114 44 145 35 41 1977 41
internal_value=-7.64646e-05 -0.00073017 0.0194179 -0.00525755 0.00109609 0.00240593 0.00208765 0.015611 0.011247 -0.00652861 0.0122073 0.017702 -0.00240101 0.00143051 0.0288576 0.0411633 0.00308339 0.00276803 0.0365384 -0.00755865 0.011422 0.0345596 -0.0084212 0.0125342 -0.00367198 -0.00281282 0.00334364 0.0225901 0.000708257 -0.0205921
internal_weight=2747.7 2658.55 89.1496 1019.89 271.167 265.079 1638.66 75.9379 69.4113 27.039 73.9357 63.5268 22.6715 1562.72 40.8552 27.5618 1180.36 1169.34 11.0228 748.727 32.5457 17.2954 716.182 27.0398 382.362 372.713 13.2934 42.3723 257.329 14.7202
internal_count=21000 20113 887 11071 2656 2641 9042 488 464 164 474 419 137 8554 282 195 6415 6345 70 8415 267 144 8148 202 2139 2095 87 300 2614 84
is_linear=0
shrinkage=0.05


Tree=54
num_leaves=31
num_cat=0
split_feature=9 3 10 8 8 13 1 8 8 2 8 13 6 6 12 2 7 1 2 2 11 1 2 1 6 2 2 16 2 8
split_gain=13.6538 11.9787 9.59149 6.30821 6.89602 5.85578 5.82644 6.22462 10.4287 7.73136 5.4745 5.36778 4.93507 4.41573 4.38527 7.28863 4.31594 4.06649 8.41842 4.78071 3.98825 4.46179 4.05384 3.89216 3.80087 3.64365 3.54337 3.23481 3.10804 2.83029
threshold=3.5000000000000004 1.0000000180025095e-35 2.5000000000000004 0.16935000568628314 0.17085000127553943 0.50000000000000011 0.46375000476837164 0.19974999874830249 0.17085000127553943 1595.4400024414065 0.019049999304115776 0.2650000005960465 0.29524999856948858 0.9770999848842622 33.250000000000007 1978.195007324219 4.5000000000000009 0.11805000156164171 4257.0849609375009 5763.5000000000009 17.500000000000004 0.1949499994516373 3875.7500000000005 0.1949499994516373 0.41915000975131994 5360.7849121093759 2531.9350585937505 1.5000000000000002 3680.8850097656255 0.011850000359117987
decision_type=2 2 2 2 2 2 2 2 2 2 2 2 2 2 2 2 2 2 2 2 2 2 2 2 2 2 2 2 2 2
left_child=1 6 17 20 -5 12 10 8 9 -8 14 16 -6 -13 15 -1 -12 18 -2 -19 21 24 28 -7 -3 27 -23 -9 -22 -16
right_child=2 3 -4 4 5 23 7 25 -10 -11 11 13 -14 -15 29 -17 -18 19 -20 -21 22 26 -24 -25 -26 -27 -28 -29 -30 -31
leaf_value=-0.013012771920629111 0.013527842410634795 0.022864935087407428 0.054226529560666939 0.062760389404947534 0.065311183000403963 -0.001146822706310344 -0.014072559652371738 0.0089604150980478834 -0.059787845946282198 0.049919302865503667 -0.0051118418414656574 0.003670144110546756 -0.0059263254780643725 0.037948298129051622 -0.0082476142995693592 0.075601343764965134 0.012754325970955089 0.013633161500183949 -0.041146323196576871 0.060058851786891847 -0.015602633792703333 -0.0084911562193936869 -0.038719743615252274 0.013846761854071778 -0.015033252755476199 0.076826423797863252 0.0094266198194816516 0.045313452993762882 0.050131621058752254 -0.035631512190453664
leaf_weight=5.4298432767391187 22.143161116167903 6.937454253435134 14.532455044798551 4.0491558089852324 2.4436016678810111 104.89831343665719 9.5751092135906273 12.683928057551389 5.6819602139294139 9.3088477402925474 310.98408127576113 1056.6785753890872 478.03910277783871 9.4795302785933 124.62525116279721 4.0522589832544327 37.925062503665686 72.627025786787271 10.3227112442255 6.0035550594329825 57.021991149522364 58.480491606518626 21.916725121438503 73.688619388267398 142.71884336043149 4.2149046361446372 52.240345265716314 11.823763508349655 1.8567756600677956 10.208784550428389
leaf_count=44 175 49 413 44 19 1081 71 80 22 46 1729 5770 4981 60 710 20 221 472 27 18 868 856 136 648 1890 17 371 91 19 52
internal_value=-7.38238e-05 -0.000846792 0.0160278 -0.00513346 -0.00229106 -0.00269072 0.00182273 0.0180804 -0.000397594 0.0174722 0.00126716 0.00221325 -0.00556403 0.00397492 -0.00800961 0.0248572 -0.00316986 0.011031 -0.00385612 0.0171778 -0.0106581 -0.00764668 -0.0203628 0.00503984 -0.0132764 0.0338843 -3.71847e-05 0.026499 -0.0135297 -0.010321
internal_weight=2742.59 2616.96 125.629 1004.29 663.119 659.07 1612.67 53.2885 24.5659 18.884 1559.38 1415.07 480.483 1066.16 144.316 9.4821 348.909 111.096 32.4659 78.6306 341.173 260.377 80.7955 178.587 149.656 28.7226 110.721 24.5077 58.8788 134.834
internal_count=21000 19895 1105 10962 6773 6729 8933 327 139 117 8606 7780 5000 5830 826 64 1950 692 202 490 4189 3166 1023 1729 1939 188 1227 171 887 762
is_linear=0
shrinkage=0.05


Tree=55
num_leaves=31
num_cat=0
split_feature=10 3 8 8 1 15 15 1 13 2 2 5 9 2 11 8 8 12 1 15 8 2 11 2 2 1 5 12 11 5
split_gain=12.5446 10.3907 6.91502 5.90476 6.2246 5.94599 5.38646 5.33788 5.74248 5.2793 5.62997 12.1515 5.88897 5.19581 7.32799 4.6945 7.5312 4.40806 4.40713 3.80328 6.22063 3.6053 3.46899 4.20026 7.26313 3.19959 2.83874 4.16533 2.44439 2.36785
threshold=3.5000000000000004 1.0000000180025095e-35 0.32524999976158148 0.33214999735355383 0.050049999728798873 0.10000000335276128 0.45000000298023229 0.11805000156164171 0.2650000005960465 8219.7949218750018 6236.8850097656259 34.850000381469734 3.5000000000000004 1272.039978027344 13.500000000000002 0.28264999389648443 0.12625000625848773 692.85000610351574 0.46375000476837164 0.45000000298023229 0.10854999721050264 8996.6650390625018 1.5000000000000002 5119.9750976562509 4677.7900390625009 0.13264999538660052 42.95000076293946 74.450000762939467 1.5000000000000002 54.649999618530281
decision_type=2 2 2 2 2 2 2 2 2 2 2 2 2 2 2 2 2 2 2 2 2 2 2 2 2 2 2 2 2 2
left_child=1 6 7 13 5 -5 9 8 28 10 12 -12 -1 -4 -15 16 -11 26 -6 25 -21 -10 29 24 -24 -9 27 -2 -3 -8
right_child=17 2 3 4 18 -7 22 19 21 15 11 -13 -14 14 -16 -17 -18 -19 -20 20 -22 -23 23 -25 -26 -27 -28 -29 -30 -31
leaf_value=0.0008710113810917301 -0.053132905628368615 0.0065574019424108039 -0.013720524933565618 0.015509919086111414 -0.0022430453662249756 0.10410937490253798 0.018668918371869531 0.0063008931784144214 -0.0079150989969454712 0.0089881491648205383 0.026063516298678424 -0.021655016356164253 0.01919205224035013 0.10945183946563559 0.011833794837612668 0.00038883336635700902 0.06074857326280908 -0.017158642964632039 0.023830489182890394 -0.016418545286600025 0.021123702623414932 -0.054036826919155047 0.010962368583148554 -0.013490397572307036 0.08053647284512655 -0.0075862883255557638 0.062456904155720416 0.044768266403085885 -0.033437423591727029 0.074458625725323732
leaf_weight=1352.8033366724849 1.4665820943191707 4.1995431538671246 3.493030244484542 6.8403807058930379 351.41999572329223 2.6185748409479856 4.0976058132946482 46.42163185402751 129.23304400965571 17.062249183654789 16.735885679721832 65.772020481526852 45.33075425773859 3.7808014303445816 3.9113840088248253 23.923282772302628 11.949326768517492 2.9920984907075754 16.990298308432102 16.609787866473198 32.869577111676335 4.3807503134012213 101.0994098521769 16.645528554916382 3.8957331776618949 389.38562490232289 11.823306904174386 4.1917613567784429 42.310517474077642 3.5492712594568729
leaf_count=7887 18 48 47 70 3234 28 25 601 1737 32 42 140 310 37 29 43 30 41 124 164 286 16 653 39 17 4393 254 78 550 27
internal_value=-7.13428e-05 -0.000365125 -0.00424782 0.00104747 -1.2311e-05 0.0400374 0.002097 -0.0073439 -0.0146945 0.00127073 0.00071604 -0.0119758 0.00146502 0.0368501 0.0598142 0.016786 0.0303073 0.0389201 -0.00104059 -0.00461557 0.0085211 -0.00942728 0.0118979 0.00984443 0.0135438 -0.00610704 0.0485184 0.0193933 -0.0298262 0.0445635
internal_weight=2737.8 2717.33 1054.46 389.054 377.869 9.45896 1662.86 665.41 180.124 1533.58 1480.64 82.5079 1398.13 11.1852 7.69219 52.9349 29.0116 20.4737 368.41 485.287 49.4794 133.614 129.288 121.641 104.995 435.807 17.4817 5.65834 46.5101 7.64688
internal_count=21000 20609 11364 3569 3456 98 9245 7795 2351 8484 8379 182 8197 113 66 105 62 391 3358 5444 450 1753 761 709 670 4994 350 96 598 52
is_linear=0
shrinkage=0.05


Tree=56
num_leaves=31
num_cat=0
split_feature=10 3 9 1 15 6 2 5 5 12 1 12 9 0 2 2 12 11 12 9 1 11 2 6 1 9 5 10 6 6
split_gain=12.0764 10.3113 8.09791 5.41268 6.06268 5.3203 5.22136 6.87878 5.32993 5.17622 5.05322 4.88105 5.13317 4.99152 4.66171 8.73905 7.15992 4.53227 7.0605 4.48412 4.1604 4.41855 4.14743 4.05826 3.96874 3.96228 3.66936 5.07039 3.66762 3.48221
threshold=2.5000000000000004 1.0000000180025095e-35 3.5000000000000004 0.11805000156164171 0.10000000335276128 0.43074999749660497 2265.3649902343755 73.649997711181655 55.750000000000007 27.050000190734867 0.3213499933481217 729.29998779296886 1.0000000180025095e-35 1.5000000000000002 7735.0351562500009 7332.6101074218759 163.94999694824222 16.500000000000004 230.84999847412112 3.5000000000000004 0.34274999797344213 9.5000000000000018 6659.7651367187509 0.48984999954700476 0.13624999672174457 1.0000000180025095e-35 38.149999618530281 1.5000000000000002 0.89434999227523815 0.81215000152587902
decision_type=2 2 2 2 2 2 2 2 2 2 2 2 2 2 2 2 2 2 2 2 2 2 2 2 2 2 2 2 2 2
left_child=1 5 11 4 23 6 7 -1 -8 -6 14 12 13 29 15 -7 -16 18 -14 -5 21 -12 -11 -3 -19 -22 -21 -28 -25 -2
right_child=2 3 -4 19 9 10 8 -9 -10 22 20 -13 17 -15 16 -17 -18 24 -20 26 25 -23 -24 28 -26 -27 27 -29 -30 -31
leaf_value=0.026292812035117748 -0.039823720477854187 0.012162168303073588 0.053903858151194806 -0.0034297620525591227 -0.042131239483378408 -8.5795215782127437e-05 0.018855742758438383 -0.030394428226330185 0.079979075746252667 -0.00031127199893853737 0.009612825640291249 -0.020161218456289952 0.017699857404341476 0.029673739551198022 0.040090214305430763 -0.039031511358926435 0.0022813475398927503 -0.027473326734476479 0.069138123772270368 -0.011408721655436068 0.015722819529679129 0.057155325263708215 0.037721095669160751 -0.021281939163912498 0.027786232782922915 0.0016804944921961999 0.029265336037354317 -0.023010597011209458 -0.0019115321572850405 0.010049339005171054
leaf_weight=14.51205073669553 8.6526348590850848 12.009318707510827 13.473943140357731 688.42907970584929 6.7863453309983006 1268.3033571206033 8.8682539612054807 8.4779503270983678 5.9658116400241843 76.304019481875002 11.622798811644317 10.310344971716402 16.019842088222507 7.9279674813151351 18.042117685079575 14.569524675607679 40.923288911581039 5.8056663535535318 11.431725680828093 11.806134056299923 71.77796646207571 8.433106277137993 7.911463074386119 140.47669035661966 7.3789170794188976 167.37713298201561 28.947325509041548 5.5235991813242427 29.583131702616811 5.8772969953715792
leaf_count=129 43 117 413 7475 79 7176 38 54 35 924 58 55 103 53 41 27 76 34 92 66 416 63 30 1762 53 929 187 32 399 41
internal_value=-6.89745e-05 -0.000671096 0.018274 -0.00465096 -0.0106615 0.00177621 0.0203108 0.00538844 0.0434377 -0.000123507 0.00133834 0.0117338 0.0169459 -0.00223818 0.000103729 -0.0005281 0.01385 0.0275481 0.0391204 -0.00241701 0.00772943 0.0296035 0.00326161 -0.0159286 0.00345338 0.00589504 0.012649 0.0208887 -0.0179123 -0.0196503
internal_weight=2733.53 2646.65 86.8783 1007.78 273.071 1638.87 37.8241 22.99 14.8341 91.0018 1601.05 73.4044 63.0941 22.4579 1341.84 1282.87 58.9654 40.6362 27.4516 734.706 259.211 20.0559 84.2155 182.069 13.1846 239.155 46.2771 34.4709 170.06 14.5299
internal_count=21000 20113 887 11071 3311 9042 256 183 73 1033 8786 474 419 137 7320 7203 117 282 195 7760 1466 121 954 2278 87 1345 285 219 2161 84
is_linear=0
shrinkage=0.05


Tree=57
num_leaves=31
num_cat=0
split_feature=9 15 3 9 8 14 2 2 2 16 8 12 8 2 13 14 9 2 14 6 6 12 14 6 6 5 8 9 6 6
split_gain=10.9942 9.64372 9.4134 5.48618 5.42471 6.91789 7.91207 4.8038 12.7369 4.98793 5.3975 4.7573 4.66981 5.96858 5.30062 5.21342 12.0446 5.60338 4.48149 4.45815 4.26716 3.98194 3.80367 3.92193 5.26906 5.58796 2.33024 0.0893658 0.14085 0.0011339
threshold=3.5000000000000004 0.45000000298023229 1.0000000180025095e-35 6.5000000000000009 0.44379998743534094 0.1381499990820885 5919.9299316406259 10212.334960937502 7735.0351562500009 4.5000000000000009 0.23754999786615374 54.549999237060554 0.49304999411106115 8996.6650390625018 0.50000000000000011 0.014750000089406969 1.5000000000000002 8996.6650390625018 0.27504999935626989 0.43074999749660497 0.41915000975131994 83.549999237060561 0.28370000422000891 0.950850009918213 0.92084997892379772 112.25000000000001 0.26825000345706945 7.5000000000000009 0.763350009918213 0.62604999542236339
decision_type=2 2 2 2 2 2 2 2 2 2 2 2 2 2 2 2 2 2 2 2 2 2 2 2 2 2 2 2 2 2
left_child=1 2 12 22 18 11 -7 8 9 20 -11 -6 13 14 -1 16 -14 -17 19 -4 -3 -20 23 24 25 -2 -15 28 -5 -29
right_child=3 7 4 27 5 6 -8 -9 -10 10 -12 -13 15 26 -16 17 -18 -19 21 -21 -22 -23 -24 -25 -26 -27 -28 29 -30 -31
leaf_value=-0.0027051505453691074 0.0071018794868089683 0.060117075195469674 0.010324065242716285 0.0810758818087539 -0.031062396202069388 0.010849250031814023 0.076510049515504108 -0.040790142579520267 0.079921540262656035 0.0078056843984052396 0.060889103647594416 -0.00075715181701783345 0.071548692010832401 0.032032128008080078 0.0046758459940660704 0.0072882414009449448 -0.013421770878435338 -0.04622970124654617 -0.017067936674870495 -0.0098124384462517852 0.004709597208571302 0.012181265427020166 0.056107941916483196 0.055297306695645455 -0.033673200020130099 0.046738663364911767 0.0034683753706921793 0.054657268626063016 0.052748641094129557 0.052843519442460012
leaf_weight=955.33887515589595 90.522140015847981 3.5364793948829165 28.7529122736305 0.82961059734225162 14.896607538685201 49.24188194796443 5.0593223124742499 4.7576626837253562 6.3276893198490134 10.381203996017577 8.8890120796859247 99.093475051224232 9.624230910092594 19.35394869744778 326.32782445475459 152.01093731448054 7.359926111996173 5.0535216331481925 15.397891473025082 624.28079209383577 199.55765738524497 47.628819808363914 4.6566779073327771 4.5809733802452675 7.0666558742523184 9.860533641651271 11.314358383417128 1.0623120032250879 0.93158378079533577 4.5631358409300447
leaf_count=5367 641 34 211 23 137 455 21 7 19 78 69 956 72 41 1825 824 39 6 153 7620 1431 511 46 35 41 75 19 36 34 174
internal_value=-6.62623e-05 -0.00075907 -0.00171387 0.0144751 -0.00579852 0.00227922 0.016967 0.00893712 0.00997164 0.00798111 0.0322921 -0.00471754 0.00071637 -0.000304256 -0.00082586 0.00841195 0.0347275 0.00556631 -0.00769698 -0.00892583 0.00567441 0.00503547 0.0118298 0.0099893 0.00805765 0.0109954 0.0214942 0.0562632 0.0660922 0.053186
internal_weight=2728.26 2604.19 2370.74 124.074 884.352 168.291 54.3012 233.45 228.692 222.364 19.2702 113.99 1486.38 1312.34 1281.67 174.049 16.9842 157.064 716.06 653.034 203.094 63.0267 116.687 112.03 107.449 100.383 30.6683 7.38664 1.76119 5.62545
internal_count=21000 19895 18257 1105 10064 1569 476 1638 1631 1612 147 1093 8193 7252 7192 941 111 830 8495 7831 1465 664 838 792 757 716 60 267 57 210
is_linear=0
shrinkage=0.05


Tree=58
num_leaves=31
num_cat=0
split_feature=10 3 9 8 6 14 2 2 14 6 5 14 2 11 11 1 2 14 12 12 8 1 5 12 5 5 6 2 14 1
split_gain=10.9002 8.69412 7.61006 5.63185 6.78823 5.60229 7.48743 8.75639 5.56212 6.296 5.8448 7.56311 7.11915 5.43492 10.3376 7.01678 6.35426 5.90505 4.88969 6.0304 4.54296 5.71656 4.42872 4.41984 5.03974 6.72774 5.11307 4.28675 4.20462 4.07809
threshold=2.5000000000000004 1.0000000180025095e-35 3.5000000000000004 0.7150000035762788 0.74755001068115245 0.16104999929666522 10212.334960937502 8219.7949218750018 0.099950000643730177 0.92715001106262218 34.45000076293946 0.1381499990820885 8996.6650390625018 6.5000000000000009 7.5000000000000009 0.3213499933481217 2657.059936523438 0.086950000375509276 580.80001831054699 776.75000000000011 0.28925000131130224 0.47634999454021459 49.149999618530281 729.29998779296886 44.149999618530281 75.450000762939467 0.88104999065399181 8996.6650390625018 0.073249999433755889 0.14934999495744708
decision_type=2 2 2 2 2 2 2 2 2 2 2 2 2 2 2 2 2 2 2 2 2 2 2 2 2 2 2 2 2 2
left_child=1 8 23 5 22 20 7 -7 13 10 11 -10 -12 17 16 -16 -15 27 -11 -20 29 -22 -5 24 -2 -26 -27 -1 -6 -3
right_child=2 3 -4 4 28 6 -8 -9 9 18 12 -13 -14 14 15 -17 -18 -19 19 -21 21 -23 -24 -25 25 26 -28 -29 -30 -31
leaf_value=-0.0054662435000065561 -0.0045648689134967502 -0.016253344473551212 0.053610814416139033 0.10128058554517211 -0.05085495457633693 0.0011902404870443774 -0.05551053124185832 0.059338298394018441 0.039721387326257379 -0.014652804389597133 0.0035715707887788682 0.0091348315401859389 0.041415422619707203 0.0092197098149249725 -0.0022918414823976797 0.01213678217832463 0.050912791678095294 -0.029155821357545228 0.06368848274733295 -0.0088714938788162969 -0.0037442788412517455 0.034352150841551327 0.024640981568923546 -0.01910515646405422 0.047606837279861973 -0.0042184042558134653 0.052950924459037423 0.038287127277375856 0.021473189301390205 -0.0061954297152158827
leaf_weight=237.79845855012536 19.790094781666994 176.57359451428056 12.467637864872811 3.4436153620481518 3.2063133344054204 251.85901539679617 5.6478072851896277 6.6451493874192229 27.986653164029121 60.959622986614704 513.70823974534869 72.739656820893288 12.735412359237669 21.327616956084967 530.32070042565465 100.17827866226435 15.990001432597635 26.819666858762503 4.7983307354152185 7.1011858731508255 298.48774850275367 10.182979958131908 4.1647471226751804 10.245801303535698 19.527120996266603 18.488614495843652 4.9603815600275984 5.7331196367740622 5.3823415450751781 234.79187283478677
leaf_count=1305 124 2466 413 28 30 2585 15 22 185 308 2920 407 30 153 2875 586 68 128 30 37 2978 76 34 55 145 113 37 10 50 2787
internal_value=-6.41433e-05 -0.000633421 0.0175083 -0.00430622 0.0249376 -0.00478749 0.00144073 0.002685 0.00160942 0.00498221 0.0065984 0.0176333 0.00448707 -0.000907245 0.00151413 6.83533e-07 0.0270845 -0.00688848 -0.00892996 0.0203874 -0.00707237 -0.00248749 0.0593288 0.0113434 0.0163137 0.0259281 0.00787515 -0.00443622 -0.00552833 -0.0105127
internal_weight=2724.06 2638.58 85.4797 1000.39 16.197 984.188 264.152 258.504 1638.2 700.029 627.17 100.726 526.444 938.168 667.817 630.499 37.3176 270.351 72.8591 11.8995 720.036 308.671 7.60836 73.012 62.7662 42.9761 23.449 243.532 8.58865 411.365
internal_count=21000 20113 887 11071 142 10929 2622 2607 9042 3917 3542 592 2950 5125 3682 3461 221 1443 375 67 8307 3054 62 474 419 295 150 1315 80 5253
is_linear=0
shrinkage=0.05


Tree=59
num_leaves=31
num_cat=0
split_feature=10 15 6 13 14 2 2 2 14 12 7 14 7 5 14 5 2 5 3 14 6 14 14 12 5 5 12 14 14 12
split_gain=10.0475 8.52004 12.6222 7.65222 7.02192 8.67462 9.07437 8.29151 10.7582 7.4095 6.41198 6.25509 6.12474 5.50405 8.9845 6.79134 5.86898 5.35173 4.66901 6.41659 5.96365 4.49178 4.43864 4.08338 3.85683 2.73459 3.83762 2.27741 1.24108 0.418264
threshold=3.5000000000000004 0.10000000335276128 0.45065000653266912 0.2650000005960465 0.10994999855756761 10212.334960937502 8219.7949218750018 7735.0351562500009 0.055350000038743026 1450.799987792969 5.5000000000000009 0.086950000375509276 1.0000000180025095e-35 73.250000000000014 0.01794999931007624 91.549999237060561 2352.4550781250005 27.44999980926514 1.0000000180025095e-35 0.021750000305473808 0.9770999848842622 0.095150001347064986 0.040149999782443054 692.85000610351574 27.849999427795414 42.95000076293946 74.450000762939467 0.015250000171363355 0.078549999743700041 101.75000000000001
decision_type=2 2 2 2 2 2 2 2 2 2 2 2 2 2 2 2 2 2 2 2 2 2 2 2 2 2 2 2 2 2
left_child=1 2 13 10 7 6 9 11 -9 -6 17 12 -3 14 -1 28 -17 -4 20 -20 -5 -13 -12 25 -16 26 -2 -28 -15 -27
right_child=23 4 3 18 5 -7 -8 8 -10 -11 22 21 -14 15 24 16 -18 -19 19 -21 -22 -23 -24 -25 -26 29 27 -29 -30 -31
leaf_value=0.098982153889529176 -0.05295403369042706 -0.020046213126159045 -0.026329462996542541 0.00070094573939401619 0.010661490444455001 -0.049755302194401135 0.072907029402332499 -0.0036362767253118565 0.062953948662762937 -0.037838359130462601 -0.01486644402129033 -0.029368790655541783 0.0030216393043254654 -0.04536055284022758 -0.0079970482069646204 -0.0057169514100535472 0.057644458105569396 -0.0079309089038900448 -0.01790434359870318 -0.0025088690163986901 0.044937920184952428 -0.0048572663266898963 0.04589581741290312 -0.018756092859648077 0.030616619540261437 0.048269485395464051 -0.032366207051507299 0.062507087899680874 -0.012210923224184196 0.068763893067723209
leaf_weight=4.2426671124994746 1.4310844652354742 31.190114039927721 44.132359416224062 843.33861971460283 315.78435647301376 6.0718635469675055 5.7338499873876563 12.510614208877088 11.773275099694727 8.0763599928468448 4.5497478265315285 30.019970191642642 371.59234498534352 5.5212183762341756 8.2444485835731012 8.0319174341857416 6.706182323396205 378.55536239780486 80.594919770956039 422.33839451335371 7.6881669685244551 49.523784628137946 8.8552884925156814 2.8411667589098206 29.991717599332333 4.006395190022884 0.79722486995160613 3.0622573914006352 5.7784896418452263 6.5755055248737335
leaf_count=36 18 269 313 4595 2419 11 18 32 34 44 36 207 2890 34 51 68 39 2977 964 4798 48 370 87 41 230 79 9 69 39 175
internal_value=-6.2266e-05 -0.000315242 -0.00220575 -0.0030119 0.00385636 0.00946495 0.0105559 0.000140258 0.0286479 0.00945201 -0.00877219 -0.00129503 0.00123534 0.0188554 0.0299505 0.00075467 0.023114 -0.00985188 -0.00115658 -0.00497599 0.00110058 -0.014108 0.0252728 0.0364484 0.0222908 0.04633 0.0169789 0.0429098 -0.0284084 0.0610045
internal_weight=2719.56 2700.85 1858.57 1790.05 842.277 335.666 329.595 506.61 24.2839 323.861 436.093 482.326 402.782 68.5166 42.4788 26.0378 14.7381 422.688 1353.96 502.933 851.027 79.5438 13.405 18.7136 38.2362 15.8725 5.29057 3.85948 11.2997 10.5819
internal_count=21000 20609 14315 13818 6294 2492 2481 3802 66 2463 3413 3736 3159 497 317 180 107 3290 10405 5762 4643 577 123 391 281 350 96 78 73 254
is_linear=0
shrinkage=0.05


Tree=60
num_leaves=31
num_cat=0
split_feature=9 15 8 14 3 2 1 1 2 8 5 9 1 8 5 2 2 16 8 13 14 2 14 5 1 2 2 15 5 9
split_gain=9.62469 8.3522 7.85397 7.97469 7.1007 6.90666 8.41254 6.83518 6.57275 5.37779 7.1998 4.97496 4.85655 4.36748 4.33382 4.24685 10.029 4.40467 4.74158 4.1901 4.14554 3.98959 3.3463 3.42578 5.09287 6.61671 3.31587 3.108 2.42064 0.0856807
threshold=3.5000000000000004 0.45000000298023229 0.36595000326633459 0.26395000517368322 1.0000000180025095e-35 1978.195007324219 0.44875000417232519 0.18394999951124194 1924.195007324219 0.31274999678134924 82.750000000000014 6.5000000000000009 0.43064999580383306 0.5263500213623048 24.550000190734867 10212.334960937502 7735.0351562500009 4.5000000000000009 0.23754999786615374 0.50000000000000011 0.061850000172853477 5119.9750976562509 0.28370000422000891 125.64999771118165 0.11954999715089799 4257.0849609375009 4388.5549316406259 0.10000000335276128 69.049999237060561 7.5000000000000009
decision_type=2 2 2 2 2 2 2 2 2 2 2 2 2 2 2 2 2 2 2 2 2 2 2 2 2 2 2 2 2 2
left_child=1 2 3 4 20 7 14 28 -9 12 -11 22 -5 -8 -7 16 17 21 -19 -6 -1 -3 23 24 25 -2 -26 -25 -4 -13
right_child=11 15 5 9 19 6 13 8 -10 10 -12 29 -14 -15 -16 -17 -18 18 -20 -21 -22 -23 -24 27 26 -27 -28 -29 -30 -31
leaf_value=-0.0055481117167289762 0.0062004217561823713 0.007790782515836237 0.0076756111692451142 0.0017401050892584535 -0.011652818561655216 -0.020950049855663164 0.014003701620982698 0.016853471290909573 0.089760042330026685 0.013358063363073869 0.088141520466569923 0.066190714026325884 0.037892242138317114 0.068348457544710875 -0.0011456628644436087 -0.039082994563062717 0.070007973585877487 0.0072377645249086589 0.056821103281078179 -0.001768323995257164 0.00090305291935519928 -0.014333794817053644 0.05294357387886231 0.077128023108314736 0.0091221129089322627 -0.043124797826771102 0.035674896224183454 0.010144725736510825 -0.0048840332209727092 0.052830597137859418
leaf_weight=447.28829111903906 21.103332112543288 180.3148199878633 97.083483720198274 127.17433188669384 402.8872852101922 30.09932503849268 9.7597382888197881 103.91484351828694 3.1861781477928153 10.867607753723858 4.572683159261941 1.5836679600179184 10.021709118038414 5.9515245780348769 335.91535855829716 4.6342954039573661 6.5991427451372138 10.39651785977185 8.9916943684220296 146.09276507142931 561.81436816975474 22.971867859363556 4.6185289705172172 3.455871917307376 58.666238584555686 10.030594378709791 14.704560883343218 3.4711983110755682 63.426798975095153 4.9542557587847114
leaf_count=2454 195 1395 1018 986 5092 138 45 1085 30 80 41 57 65 31 1635 7 19 78 69 1764 3143 70 46 26 460 29 58 24 650 210
internal_value=-6.03544e-05 -0.000707343 -0.00160055 -0.00337759 -0.00444609 0.0030812 -0.00123643 0.00923995 0.0190224 0.00752937 0.0355054 0.0136299 0.0043809 0.0345898 -0.00277428 0.00830477 0.00926262 0.00746238 0.0302331 -0.00902239 -0.00195645 0.00529065 0.0112391 0.00951061 0.00725351 -0.00969097 0.0144437 0.0435623 0.00271258 0.0560668
internal_weight=2716.55 2593.96 2360.06 1710.72 1558.08 649.337 381.726 267.611 107.101 152.636 15.4403 122.588 137.196 15.7113 366.015 233.908 229.274 222.675 19.3882 548.98 1009.1 203.287 116.05 111.432 104.505 31.1339 73.3708 6.92707 160.51 6.53792
internal_count=21000 19895 18257 13625 12453 4632 1849 2783 1115 1172 121 1105 1051 76 1773 1638 1631 1612 147 6856 5597 1465 838 792 742 224 518 50 1668 267
is_linear=0
shrinkage=0.05


Tree=61
num_leaves=31
num_cat=0
split_feature=10 1 15 9 6 13 2 2 6 6 16 16 2 4 1 12 4 9 6 1 12 5 5 6 1 2 5 1 2 5
split_gain=9.47501 7.60468 8.43278 6.99701 6.04829 5.52678 7.37995 9.35784 11.0966 7.71068 14.4003 5.61845 4.9629 4.45578 5.31928 4.44704 4.34387 5.54171 4.18558 3.93236 3.88308 4.47306 6.3344 4.54618 3.94657 3.79463 3.8687 3.63908 3.36733 3.28369
threshold=2.5000000000000004 0.12384999915957452 0.45000000298023229 3.5000000000000004 0.9770999848842622 0.2650000005960465 5919.9299316406259 3449.265014648438 0.85684999823570263 0.77345001697540294 2.5000000000000004 1.5000000000000002 8996.6650390625018 1.0000000180025095e-35 0.12465000152587892 12.949999809265138 1.0000000180025095e-35 1.5000000000000002 0.59025001525878917 0.33200000226497656 729.29998779296886 45.049999237060554 75.450000762939467 0.88104999065399181 0.23605000227689746 4526.3251953125009 73.250000000000014 0.47634999454021459 4604.5700683593759 81.450000762939467
decision_type=2 2 2 2 2 2 2 2 2 2 2 2 2 2 2 2 2 2 2 2 2 2 2 2 2 2 2 2 2 2
left_child=1 5 4 20 13 12 7 11 -9 18 -11 -7 16 19 -15 -4 -1 -18 -8 -3 21 24 28 -24 -2 26 -6 29 -23 -17
right_child=3 2 15 -5 25 6 9 8 -10 10 -12 -13 -14 14 -16 27 17 -19 -20 -21 -22 22 23 -25 -26 -27 -28 -29 -30 -31
leaf_value=-0.022340042933901554 -0.018370656117607145 -0.0060799612207386661 0.065770280022572222 0.053277410321894793 0.036027975219048027 0.002652843132316503 -0.0065092496913786964 0.021222885706426515 -0.0096467455302813344 -0.020061822035543578 0.058438425513737492 -0.0088445818896693128 0.038813953359248241 0.046122115699404748 0.0016700873155234563 0.0050374838053541381 -0.000437585337171098 -0.021599216669435706 -0.04221204436985268 0.0026324785365616724 -0.01784411417416118 0.034854407493401393 -0.0040576766441710547 0.049878728490306112 0.029541364126251319 0.078258070209429209 -0.024424688233450325 0.047218275999651831 0.085257436216613039 0.022277069283482734
leaf_weight=73.085297302342951 14.132625650614502 428.63128221873194 3.7992760203778735 11.197953743860124 9.0287071969360131 189.23745093028992 11.570887222886084 90.88758921995759 42.830160543322563 20.679570965468887 8.1423931643366796 242.31722466927022 4.8281009644269934 6.7763495072722426 982.20957443118095 109.86377091892064 95.132720854133368 45.847248263657093 28.25380739942193 185.58991124480963 10.164314448833464 14.507519971579315 18.4171247035265 4.9587029963731757 6.1764265447854987 3.3271142169833174 3.7439465336501589 6.6388902738690367 4.2946496605873099 36.898422500118613
leaf_count=925 84 5075 34 413 81 1841 29 459 198 67 31 2272 15 41 5395 736 566 252 75 1660 55 120 113 37 46 13 33 51 19 264
internal_value=-5.8533e-05 -0.000586187 0.00127689 0.0164875 0.000203562 -0.0044672 -0.00210194 -0.000221932 0.0113353 -0.0175829 0.00211501 -0.00380294 -0.011317 -0.00010266 0.00197466 0.0123332 -0.0124477 -0.00731943 -0.0318388 -0.00344746 0.0108169 0.015479 0.0247618 0.00738383 -0.00379956 0.030697 0.018308 0.0110097 0.0463671 0.0093718
internal_weight=2713.17 2629.32 1776.51 83.8493 1619.31 852.812 633.919 565.272 133.718 68.6467 28.822 431.555 218.893 1603.21 988.986 157.2 214.065 140.98 39.8247 614.221 72.6514 62.487 42.178 23.3758 20.3091 16.0998 12.7727 153.401 18.8022 146.762
internal_count=21000 20113 13383 887 12298 6730 4972 4770 657 202 98 4113 1758 12171 5436 1085 1743 818 104 6735 474 419 289 150 130 127 114 1051 139 1000
is_linear=0
shrinkage=0.05


Tree=62
num_leaves=31
num_cat=0
split_feature=10 6 15 9 13 1 2 2 11 2 1 1 7 7 1 1 11 2 12 9 0 12 11 1 2 6 15 1 15 6
split_gain=8.63286 7.4694 7.90608 6.82486 6.11995 6.05034 12.0748 8.88945 8.04807 6.57581 5.68616 7.39919 6.88572 5.2103 4.57645 4.30694 3.98909 3.61314 3.51482 4.27136 4.10303 4.08969 5.31546 4.42512 3.46781 2.96153 2.15109 4.83351 3.20641 1.67852
threshold=2.5000000000000004 0.45065000653266912 0.10000000335276128 3.5000000000000004 0.2650000005960465 0.44875000417232519 6946.9450683593759 7735.0351562500009 8.5000000000000018 1668.3950195312502 0.10934999957680704 0.11145000159740449 5.5000000000000009 5.5000000000000009 0.050049999728798873 0.069150000810623183 18.500000000000004 4842.0000000000009 729.29998779296886 1.0000000180025095e-35 1.5000000000000002 74.450000762939467 18.500000000000004 0.13984999805688861 4026.6450195312505 0.81215000152587902 0.10000000335276128 0.25875000655651098 0.45000000298023229 0.80505001544952404
decision_type=2 2 2 2 2 2 2 2 2 2 2 2 2 2 2 2 2 2 2 2 2 2 2 2 2 2 2 2 2 2
left_child=1 17 4 18 13 7 9 14 -9 -7 12 -12 -6 15 -4 -3 -15 24 19 20 25 23 -23 -21 26 -2 27 -1 -28 -20
right_child=3 2 5 -5 10 6 -8 8 -10 -11 11 -13 -14 16 -16 -17 -18 -19 29 21 -22 22 -24 -25 -26 -27 28 -29 -30 -31
leaf_value=0.0095288028529502446 -0.03784863078118969 -0.026518966292282606 0.024924238224843496 0.053110251514667431 -0.0086086171428728393 0.0051002451785258146 -0.055094767362543519 0.056797751246819309 0.0078474972865931695 0.048194210700612625 0.035963050272092921 2.0756207341427599e-05 0.030742532257494071 0.039031653434904688 0.00014123759157692468 -0.007699186891041699 -0.024114534324842691 0.036251867821500042 0.0046732868870579328 -0.049161602936582179 0.026132488181503179 0.0444347227971746 -0.0038244863683273263 0.023185379702543696 -0.031522336695839086 0.0084313326589535442 -0.0092258431195306814 0.046283967021361824 0.032492409452831668 -0.036128311416034363
leaf_weight=42.689642269164324 8.4226671606302279 33.090461920946836 19.141771101392806 10.684501473791896 302.9419896164909 14.674170508980749 4.5648785084485999 13.511012010276316 22.184237338602543 22.312483467161655 14.529741710051892 987.25989244412631 11.540132958441971 9.7341711446642858 693.69252918008715 373.95625718124211 3.3658231869339934 14.150066509842871 4.7404207736253721 3.5126115866005403 7.8552519604563704 23.887720745056871 7.4964697360992423 5.3068268410861492 4.9776004776358596 5.8630115054547778 20.999747753143314 11.315658129751681 5.8998001329600802 5.3829279951751232
leaf_count=338 43 275 169 413 2395 146 9 39 57 132 111 7544 106 96 5363 2931 24 48 27 21 53 179 48 34 18 41 154 102 56 28
internal_value=-5.68597e-05 -0.00055901 -0.00108957 0.0158046 -0.00297625 0.00305694 0.0216279 0.00202605 0.0263757 0.031097 -0.00129921 0.000542056 -0.0071646 -0.00823024 0.000806737 -0.00922912 0.0228073 0.0128412 0.0103043 0.0147415 -0.00289401 0.0244537 0.0329075 -0.00562902 0.00898399 -0.0188548 0.0114761 0.0172301 -7.58993e-05 -0.0170223
internal_weight=2709.68 2626.53 2526.5 83.1524 1736.42 790.081 41.5515 748.53 35.6952 36.9867 1316.27 1001.79 314.482 420.147 712.834 407.047 13.1 100.033 72.4679 62.3446 22.1409 40.2036 31.3842 8.81944 85.8824 14.2857 80.9048 54.0053 26.8995 10.1233
internal_count=21000 20113 19397 887 13482 5915 287 5628 96 278 10156 7655 2501 3326 5532 3206 120 716 474 419 137 282 227 55 668 84 650 440 210 55
is_linear=0
shrinkage=0.05


Tree=63
num_leaves=31
num_cat=0
split_feature=9 10 6 7 13 5 2 1 11 2 5 5 6 5 14 2 2 14 1 16 2 2 11 1 2 6 14 2 10 6
split_gain=8.36641 7.18076 7.005 7.5523 6.43415 7.30405 15.3659 6.40233 6.51613 5.92559 5.43399 7.24104 6.68569 6.25843 5.22557 4.51174 4.35278 4.22896 4.11447 3.37941 4.54334 7.58244 4.3562 5.01468 5.60969 3.31436 3.89772 4.81163 3.72085 3.54002
threshold=3.5000000000000004 2.5000000000000004 0.45065000653266912 1.0000000180025095e-35 0.2650000005960465 29.94999980926514 7735.0351562500009 0.32619999349117285 18.500000000000004 6946.9450683593759 72.450000762939467 61.750000000000007 0.40365000069141393 91.549999237060561 0.14434999972581866 6457.9150390625009 2460.045043945313 0.099950000643730177 0.26334999501705175 1.5000000000000002 4842.0000000000009 3680.8850097656255 21.500000000000004 0.21564999967813495 1668.3950195312502 0.91574999690055858 0.19575000554323199 4388.5549316406259 1.5000000000000002 0.88875001668930065
decision_type=2 2 2 2 2 2 2 2 2 2 2 2 2 2 2 2 2 2 2 2 2 2 2 2 2 2 2 2 2 2
left_child=2 19 10 25 5 9 -7 14 -9 -5 11 15 -13 18 -6 17 -15 -1 -12 22 21 -21 23 -2 -25 26 29 -28 -27 -4
right_child=1 -3 3 4 7 6 -8 8 -10 -11 13 12 -14 16 -16 -17 -18 -19 -20 20 -22 -23 -24 24 -26 28 27 -29 -30 -31
leaf_value=-0.0025753747528184227 0.001846701833883327 0.052951985764677523 -0.014963019866171202 -0.015230635424262846 -0.002272386244756393 -0.0046779546844240407 0.04134817878200088 0.011238093529714435 -0.0062972287043043598 -0.06307245883796285 -0.042291717379572831 0.026803215018689333 0.11833748535390398 -0.0042742345995510486 0.0043943178259903369 0.062390204569550627 0.041659198180597157 0.026306167168901003 0.017136690232324597 -4.2690679485119137e-05 -0.029480531225718105 0.059382250388160585 0.068604794298760083 0.080024847975615349 0.017374054544186616 -0.0014101601295566544 -0.0061645254567924777 0.047419054415213047 0.055855213951453812 -0.047555592869612945
leaf_weight=28.245792023837566 29.709192298352718 10.193021716549991 122.11083946190774 63.059978355653584 1010.3136693704873 469.57571435999125 18.862273015081882 249.97264940850437 67.226715590804815 7.2125390619039527 11.543211255222557 4.7913958020508272 3.4179428964853287 12.622830197215082 414.53893502335995 4.5399589985609046 8.7209249287843686 22.991270415484905 3.8953368570655575 43.694245828315616 10.126057252287863 6.1198329553008071 4.0073440559208384 5.0554568767547634 12.183881126344202 19.715083453804258 25.326659685000781 5.0199724733829489 3.3133131861686698 8.9412553589791042
leaf_count=193 184 413 1045 505 7909 3783 59 1778 460 17 75 42 33 105 3119 14 47 181 27 310 27 29 28 58 56 164 211 22 32 74
internal_value=-5.49167e-05 0.0127906 -0.000656414 -0.00118043 -0.000400051 -0.00506897 -0.00290054 0.00109737 0.00752169 -0.020141 0.0122671 0.0210703 0.0649133 -0.00304699 -0.000332811 0.0146174 0.0144939 0.0103844 -0.0272972 0.00909911 0.00105143 0.00725787 0.0185657 0.0142946 0.0357465 -0.0109158 -0.0134477 0.00269933 0.00682915 -0.0171867
internal_weight=2707.05 121.089 2585.96 2485.19 2300.76 558.711 488.438 1742.05 317.199 70.2725 100.769 63.9864 8.20934 36.7823 1424.85 55.777 21.3438 51.2371 15.4385 110.896 59.9401 49.8141 50.9559 46.9485 17.2393 184.427 161.399 30.3466 23.0284 131.052
internal_count=21000 1105 19895 19178 17630 4364 3842 13266 2238 522 717 463 75 254 11028 388 152 374 102 692 366 339 326 298 114 1548 1352 233 196 1119
is_linear=0
shrinkage=0.05


Tree=64
num_leaves=31
num_cat=0
split_feature=10 8 14 1 11 2 4 7 1 8 11 5 1 15 1 12 5 12 14 14 2 11 8 11 12 4 4 2 1 12
split_gain=7.6435 7.87108 8.10203 7.31734 6.65213 6.27746 5.97799 5.62846 5.59206 5.32869 5.82801 5.55796 5.27166 4.6422 11.7862 6.23854 4.233 4.64715 4.13173 3.87959 5.15591 4.45866 3.86927 3.84296 3.80847 3.58644 3.02402 2.73375 2.73118 2.58901
threshold=3.5000000000000004 0.36595000326633459 0.26395000517368322 0.44875000417232519 4.5000000000000009 1978.195007324219 1.0000000180025095e-35 2.5000000000000004 0.11805000156164171 0.31695000827312475 12.500000000000002 70.350002288818374 0.18394999951124194 0.10000000335276128 0.43064999580383306 14.750000000000002 16.050000190734867 604.54998779296886 0.037750000134110458 0.061850000172853477 8996.6650390625018 18.500000000000004 0.36024999618530279 10.500000000000002 692.85000610351574 1.0000000180025095e-35 1.0000000180025095e-35 3190.2099609375005 0.17965000122785571 119.54999923706056
decision_type=2 2 2 2 2 2 2 2 2 2 2 2 2 2 2 2 2 2 2 2 2 2 2 2 2 2 2 2 2 2
left_child=1 2 6 5 29 12 8 27 18 13 11 -11 28 15 -15 -4 -7 -18 -1 21 -21 -8 -10 -14 -2 -12 -9 -6 -3 -5
right_child=24 3 9 4 7 16 19 26 22 10 25 -13 23 14 -16 -17 17 -19 -20 20 -22 -23 -24 -25 -26 -27 -28 -29 -30 -31
leaf_value=-0.026792560259109994 0.043941919252120966 0.0045390630636432594 0.054883194314644668 0.11268445278974262 -0.018464838328032484 -0.032716943579487429 -0.0064372167361422738 0.015466776085579665 -0.0034563915581141622 0.032564282134079935 -0.029092747405446897 0.11425645277893992 0.028551453706064385 0.011814153684076326 0.1096128806927868 -0.0026651929245063077 -0.0024996522114028594 0.011596763615775937 -0.0095866849997702855 0.0011681006174238254 0.031115122361846648 0.0053517074682933275 -0.041334634756571294 0.00917621324428009 -0.021251511337691278 0.036693436522555328 0.062668509311711681 0.025081624893563543 -0.035869707534057708 0.046653898042874668
leaf_weight=49.129616837948561 14.111974987201394 179.56805672869086 4.9347218247130504 2.4975441768765441 10.625138405710464 10.191462717950342 395.33324572164565 6.5253625698387605 469.87747846823186 5.5950614735484141 4.0302409734576923 3.3160542137920856 45.64517536200583 40.410739198327065 3.3349314182996741 103.09167697094381 343.27893518842757 70.468955088406801 120.39426591806114 614.01503392960876 14.717174738645552 100.61679952125996 6.8401480475440612 58.255069462582469 2.6628988338634363 4.2632477656006813 7.0691582374274731 5.4541059434413901 4.2812661305069915 3.659928634762764
leaf_count=712 350 1861 45 18 77 43 2166 50 5376 45 31 30 495 324 23 777 1646 338 1601 3518 34 572 65 586 41 28 58 22 35 33
internal_value=-5.32387e-05 -0.000263258 -0.00194299 0.00409585 0.0261428 0.00298586 -0.00294113 0.0163291 -0.00677348 0.00851778 0.0348896 0.062964 0.00868568 0.00552832 0.0192698 -3.63421e-05 -0.000882908 -9.87706e-05 -0.0145731 -0.000739067 0.00186909 -0.00404552 -0.00399988 0.0176881 0.0335929 0.00472448 0.0400117 -0.00369381 0.00359807 0.0734367
internal_weight=2704.2 2687.42 1939.9 747.52 35.8312 711.689 1770.92 29.6738 646.242 168.977 17.2046 8.91112 287.75 151.772 43.7457 108.026 423.939 413.748 169.524 1124.68 628.732 495.95 476.718 103.9 16.7749 8.29349 13.5945 16.0792 183.849 6.15747
internal_count=21000 20609 15347 5262 258 5004 14044 207 7754 1303 134 75 2977 1169 347 822 2027 1984 2313 6290 3552 2738 5441 1081 391 59 108 99 1896 51
is_linear=0
shrinkage=0.05


Tree=65
num_leaves=31
num_cat=0
split_feature=9 8 8 14 14 10 12 1 15 8 6 12 8 9 14 6 8 5 8 5 6 6 5 1 8 5 5 6 12 1
split_gain=7.54537 7.17039 10.9945 8.18008 6.80012 6.79343 6.61235 6.48588 8.05228 5.99241 5.17235 5.55185 4.46569 8.49302 4.45412 4.09546 3.85023 3.62992 5.48692 4.87514 3.37315 4.83809 3.79497 4.59547 3.30005 3.37037 3.09405 3.08977 4.11288 3.39353
threshold=3.5000000000000004 0.16935000568628314 0.17085000127553943 0.052549999207258231 0.010049999691545965 2.5000000000000004 314.34999084472662 0.12314999848604204 0.45000000298023229 0.62514999508857738 0.67864999175071727 952.80001831054699 0.13045000284910205 1.5000000000000002 0.15374999493360522 0.950850009918213 0.019049999304115776 35.649999618530281 0.022149999625980858 20.150000572204593 0.950850009918213 0.92084997892379772 129.75000000000003 0.37845000624656683 0.011850000359117987 84.850002288818374 57.049999237060554 0.94244998693466198 378.55000305175787 0.49780000746250158
decision_type=2 2 2 2 2 2 2 2 2 2 2 2 2 2 2 2 2 2 2 2 2 2 2 2 2 2 2 2 2 2
left_child=1 3 6 4 12 20 -3 10 9 -9 11 -4 26 -14 -10 -12 24 19 -19 -18 21 22 23 -2 25 -5 -1 29 -29 -6
right_child=5 2 7 16 27 -7 -8 8 14 -11 15 -13 13 -15 -16 -17 17 18 -20 -21 -22 -23 -24 -25 -26 -27 -28 28 -30 -31
leaf_value=-0.013568054048944256 0.0031210317410954916 0.090265093339222779 -0.013818446698059853 -0.00088266300862957731 -0.016271319625145431 0.052759702753349347 -0.003785036669284664 0.00089283864452171201 0.010302293891645395 0.016715134049506756 0.00095156289465239685 0.027525161013785257 0.064860939017518646 -0.022895531017832614 0.033876222391264886 -0.020279406949866796 0.015222494909328234 0.050655075085456858 0.0029131104112713178 -0.013898131372194556 0.051680788684750414 -0.033713262059398008 0.05319139270462097 0.034955554766781548 -0.033170633177086128 -0.018388373764259999 0.010210466782239271 0.03057473761330004 -0.021650633258404686 0.035259180728015448
leaf_weight=28.800371754914522 81.654380133375525 5.5430836547166091 139.23777281213552 104.87602483853698 239.30539710167795 9.5022371793165785 2.8194404393434525 937.3949808832258 74.051422983407974 63.922172542661428 358.11666828300804 8.6229601968079788 7.2997416965663415 4.4303456321358681 27.470311041921377 24.252778019756079 18.253791350871325 6.118016247637569 368.95142528880388 67.589376827701926 4.385849278420209 6.8485331237316123 4.7821562476456156 13.163944702595471 11.633577769622205 37.265051363036036 26.058124085888267 8.5638782400637847 6.7342842295765868 3.2381722945719948
leaf_count=235 507 48 1016 871 1973 413 24 6998 488 454 2766 68 76 46 191 183 163 47 2943 524 29 36 35 85 90 299 239 73 52 28
internal_value=-5.16404e-05 -0.000622331 0.00137125 -0.0041068 -0.0105301 0.0121864 0.0585559 0.00107842 0.00326331 0.0019029 -0.00346597 -0.0114074 0.00371435 0.0317161 0.0166811 -0.000395067 -0.000716625 0.00156908 0.00369186 -0.00770589 0.00870797 0.00693743 0.00973257 0.00754072 -0.00756761 -0.00547213 -0.00227311 -0.0142087 0.00758502 -0.0155833
internal_weight=2700.89 2580.55 1641.43 939.118 324.43 120.337 8.36252 1633.07 1102.84 1001.32 530.23 147.861 66.5886 11.7301 101.522 382.369 614.687 460.913 375.069 85.8432 110.835 106.449 99.6005 94.8183 153.775 142.141 54.8585 257.842 15.2982 242.544
internal_count=21000 19895 12236 7659 2722 1105 72 12164 8131 7452 4033 1084 596 122 679 2949 4937 3677 2990 687 692 663 627 592 1260 1170 474 2126 125 2001
is_linear=0
shrinkage=0.05


Tree=66
num_leaves=31
num_cat=0
split_feature=10 4 9 14 8 6 14 2 0 14 15 7 6 2 5 8 6 12 14 12 2 6 2 2 5 12 5 5 6 2
split_gain=7.20024 6.89552 5.88965 4.63825 5.8142 7.01124 6.9884 4.77481 4.52755 4.4537 4.92124 4.35177 4.04845 4.97695 4.01918 3.94618 7.77009 7.5838 5.18371 7.67405 4.08149 3.80698 3.52997 3.49176 3.46646 3.14736 4.01043 5.29825 3.87954 3.44019
threshold=2.5000000000000004 1.0000000180025095e-35 3.5000000000000004 0.024249999783933166 0.7150000035762788 0.78364998102188121 0.12155000120401384 4257.0849609375009 2.5000000000000004 0.01794999931007624 0.10000000335276128 1.0000000180025095e-35 0.48984999954700476 5119.9750976562509 38.549999237060554 0.37054999172687536 0.94615000486373912 844.14999389648449 0.31269998848438268 72.350002288818374 2906.7700195312505 0.9670500159263612 3190.2099609375005 3971.8400878906255 48.850000381469734 729.29998779296886 44.149999618530281 75.450000762939467 0.88104999065399181 4604.5700683593759
decision_type=2 2 2 2 2 2 2 2 2 2 2 2 2 2 2 2 2 2 2 2 2 2 2 2 2 2 2 2 2 2
left_child=1 3 25 7 11 6 -6 8 22 10 -9 -5 13 23 -13 18 17 -17 20 -20 -14 -18 -1 -3 -10 26 -2 29 -29 -28
right_child=2 12 -4 4 5 -7 -8 9 24 -11 -12 14 15 -15 -16 16 21 -19 19 -21 -22 -23 -24 -25 -26 -27 27 28 -30 -31
leaf_value=-0.014748800385589423 -0.0047690958273631963 0.012293582400988601 0.052620123021630195 -0.016284510345909324 0.1030278919833123 -0.0078475382818851205 0.0071283811271716652 -0.029829991470408379 0.042916569626202751 -0.054526263649733037 0.016104789108437313 -0.0086311900338417718 -0.0037125761893107181 0.056510110214016786 0.00016649409989351986 0.005030902106950964 -0.033769499030070697 0.031294550470667752 0.052718267336991233 0.0053602302511996641 0.0025336090384514781 0.0048405727127447057 0.0093171225425690615 -0.030160301084631615 -0.00018779640067659661 -0.016109337615646049 0.031070471740686251 -0.004032216187477942 0.045875340995967184 0.082701025995627175
leaf_weight=92.315248859114945 19.40450531989336 63.360545258969069 9.0621782713569683 55.748034734278917 4.4008046481758338 6.8372054323554039 3.3426036462187767 19.932925716042522 7.1402095761150148 10.514331251382826 8.2417406961321813 167.264215269126 673.02617192640901 6.0071610063314429 579.90544848609716 341.73641144111753 18.133751783519987 29.890472311526537 10.565589856356381 44.932992044836283 427.76048427820206 9.8535585142672044 18.249402370303869 5.2442748174071303 13.451049221679567 10.047114837914704 15.130764942616226 18.281694233417515 4.9477807022631159 4.1007269918918601
leaf_count=1418 124 447 413 741 41 60 24 115 79 60 48 1857 4683 24 6322 1856 71 179 74 248 1386 57 167 17 139 55 126 113 37 19
internal_value=-5.03973e-05 -0.000504609 0.0146339 -0.00380229 -0.00224024 0.0290507 0.0616309 -0.0113208 -0.00676752 -0.0267563 -0.016393 -0.00280847 0.00149228 0.0128696 -0.00180299 0.000946686 0.00523 0.00714332 -0.000533633 0.0143761 -0.00128534 -0.020176 -0.0107766 0.00904833 0.014759 0.00984703 0.0140624 0.0226683 0.00659788 0.0420796
internal_weight=2698.83 2617.85 80.9748 987.343 817.498 14.5806 7.74341 169.845 131.156 38.689 28.1747 802.918 1630.51 74.612 747.17 1555.9 399.614 371.627 1156.29 55.4986 1100.79 27.9873 110.565 68.6048 20.5913 71.9126 61.8655 42.461 23.2295 19.2315
internal_count=21000 20113 887 11071 9045 125 65 2026 1803 223 163 8920 9042 488 8179 8554 2163 2035 6391 322 6069 128 1585 464 218 474 419 295 150 145
is_linear=0
shrinkage=0.05


Tree=67
num_leaves=31
num_cat=0
split_feature=13 1 2 2 5 5 14 8 1 8 1 6 9 2 2 1 8 14 1 1 2 6 9 8 6 2 6 6 6 16
split_gain=6.94273 6.26755 9.4031 6.69499 8.5304 9.3505 6.8825 6.0319 5.8636 5.37409 8.05636 5.60033 5.03202 4.99081 4.60773 5.48171 4.6144 4.56131 4.53973 4.69714 6.69819 10.5535 9.11268 4.94511 7.3681 4.59554 4.25835 5.22341 3.98776 4.32804
threshold=0.50000000000000011 0.12384999915957452 6078.9050292968759 8219.7949218750018 37.149999618530281 57.750000000000007 0.31269998848438268 0.44734999537467962 0.42714999616146093 0.16305000334978106 0.13035000115633014 0.9770999848842622 4.5000000000000009 2879.2399902343755 7735.0351562500009 0.099849998950958266 0.2661499977111817 0.030749999918043617 0.05295000039041043 0.10684999823570253 4085.184936523438 0.90715000033378612 1.5000000000000002 0.32324999570846563 0.9670500159263612 6457.9150390625009 0.58015000820159923 0.78095000982284557 0.9573500156402589 6.5000000000000009
decision_type=2 2 2 2 2 2 2 2 2 2 2 2 2 2 2 2 2 2 2 2 2 2 2 2 2 2 2 2 2 2
left_child=1 2 7 6 -5 -6 9 12 13 11 -11 -3 17 -8 16 -16 -4 -1 26 20 -20 22 -22 24 25 -21 -2 -28 29 -25
right_child=18 3 14 4 5 -7 8 -9 -10 10 -12 -13 -14 -15 15 -17 -18 -19 19 23 21 -23 -24 28 -26 -27 27 -29 -30 -31
leaf_value=-0.015575477143582876 -0.02051116613561501 -0.0062213752955613535 -0.052501421786931617 -0.021573394715714976 0.057780690475948637 0.008713252302084978 0.023656880551366537 0.0073955144767534793 0.062915557320641635 0.02268470448234286 0.00013718176474183401 0.043165257408019859 0.038741615574603178 -0.006502460817674121 -0.024882844616162397 0.020258478768118135 -0.016379671784288171 -0.0038612179288759238 -0.010424659390015974 0.0029494618630995818 0.054610476166495461 -0.040708818565735834 -0.006679126848397287 0.015521971774152883 0.0574387851882463 -0.018189742509269771 0.071647826249798971 0.014825221475017126 -0.019513875495695956 -0.025301958569823219
leaf_weight=107.74057512637228 3.7746902089566019 433.53571226401255 19.066630478948355 10.665036872029303 16.397361353039742 23.804630890488625 32.439421127550304 102.91586012486368 5.9969253726303569 41.806618956848979 756.39890168653801 5.8173244148492804 6.216208627447485 23.767536398023367 19.143166080117229 10.367449872195719 16.485984459519386 363.35077740624547 109.72769160661846 317.29140063934028 15.270592182874685 6.6019969806075087 10.060147717595099 169.6947287004441 5.9318053927272549 27.976755313575268 6.8909435011446503 9.7906060758978111 9.3696869835257512 6.7506120512261978
leaf_count=953 24 3626 66 23 50 60 329 803 44 353 5776 50 122 106 45 34 53 3167 976 2628 69 22 41 1212 52 84 63 81 46 42
internal_value=-4.89545e-05 -0.00155092 -0.00560451 0.000385751 0.0181805 0.0287266 -0.000310656 -0.00358335 0.0159181 -0.00112637 0.00131813 -0.00556746 -0.00595059 0.0109038 -0.0236288 -0.00902413 -0.0357515 -0.00654032 0.00423893 0.00353943 -0.00455944 0.0155947 0.0302692 0.00567585 0.00218583 0.00123657 0.0274462 0.0382979 0.0122722 0.0139601
internal_weight=2695.05 1995.92 645.287 1350.63 50.867 40.202 1299.76 580.223 62.2039 1237.56 798.206 439.353 477.308 56.207 65.0632 29.5106 35.5526 471.091 699.132 678.675 141.66 31.9327 25.3307 537.015 351.2 345.268 20.4562 16.6815 185.815 176.445
internal_count=21000 15660 5243 10417 133 110 10284 5045 479 9805 6129 3676 4242 435 198 79 119 4120 5340 5172 1108 132 110 4064 2764 2712 168 144 1300 1254
is_linear=0
shrinkage=0.05


Tree=68
num_leaves=31
num_cat=0
split_feature=6 15 11 14 2 5 12 8 1 13 8 2 6 5 9 1 1 14 7 5 2 9 5 5 5 6 5 8 2 14
split_gain=6.59928 7.48033 6.12748 8.44807 8.98362 12.4466 6.26772 10.1758 5.42537 5.42511 5.3925 6.16629 5.42275 14.0924 4.98059 4.92309 6.55995 9.49294 6.5554 8.49624 6.64997 6.13596 4.47914 6.85228 6.00158 5.40586 4.26064 3.87622 4.99821 5.97213
threshold=0.45065000653266912 0.10000000335276128 12.500000000000002 0.25014999508857733 1657.0750122070315 72.450000762939467 215.65000152587893 0.23204999417066577 0.15345000475645068 0.2650000005960465 0.2661499977111817 8219.7949218750018 0.52094998955726635 46.45000076293946 4.5000000000000009 0.10934999957680704 0.11145000159740449 0.11514999717473985 5.5000000000000009 68.649997711181655 6946.9450683593759 3.5000000000000004 72.450000762939467 61.750000000000007 91.549999237060561 0.40365000069141393 159.25000000000003 0.076949998736381545 863.44500732421886 0.056150000542402274
decision_type=2 2 2 2 2 2 2 2 2 2 2 2 2 2 2 2 2 2 2 2 2 2 2 2 2 2 2 2 2 2
left_child=22 9 3 6 -5 -6 8 -8 -3 10 11 -2 13 -12 26 18 17 -17 20 -20 -11 -18 23 -1 -24 -25 -4 -26 -29 -30
right_child=1 2 14 4 5 -7 7 -9 -10 15 12 -13 -14 -15 -16 16 21 -19 19 -21 -22 -23 24 25 27 -27 -28 28 29 -31
leaf_value=0.014049759745506572 -0.013804775838021624 -0.01028090041238508 -0.0013660137944615559 -0.0013277643269909922 0.026372012312799377 0.10558352405284753 0.00014311829937255994 0.022020136576469545 0.0067284107363762323 -0.0056574296994874387 -0.039047040798199095 0.029173035677960275 -0.0027714989107246115 0.092792792129586132 0.043869586111814553 0.068987060680114079 -0.00040974434897769329 -0.012004992947332019 0.005643845668769281 0.10292379813819058 -0.035394069478863928 0.018890233251213792 -0.025407943218258341 0.028739226488547737 -0.025807336130106863 0.11024721765934407 -0.043838409054088562 -0.024190884220179652 -0.00052978670133585362 0.067028815799011321
leaf_weight=57.19827928300947 230.42075504828244 90.286918764933944 355.71968120895326 15.241012525744734 18.908249080181125 6.722360633313655 106.26050984207541 106.3529857173562 97.514963358640671 290.88336068810895 3.4500181749463064 8.6595932245254499 180.95881396718323 4.9136871173977852 5.997484882362186 8.3750150548294169 972.55594100058079 6.3693835800513616 8.8608809448778612 3.0059157120995215 20.099901050329208 43.00310686416924 15.383723655715583 4.9198057912290079 4.558162938803437 3.4683558605611324 6.0044160187244406 3.872311701532456 5.4304824173450461 8.2269237861037237
leaf_count=405 1996 682 2667 165 100 49 841 823 707 2466 24 31 1386 42 82 74 7472 40 75 35 47 406 108 43 29 33 40 38 31 63
internal_value=-4.83265e-05 -0.000541947 0.00344515 0.00741737 0.0290711 0.0471475 0.00520711 0.0110864 -0.00144892 -0.0023525 -0.00725617 -0.0122481 -0.000952266 0.038409 -0.00132175 -0.000800011 0.000888226 0.0339996 -0.00618764 0.0302853 -0.00757941 0.000407499 0.0123598 0.0202388 -0.00143078 0.0624413 -0.00207103 0.0152688 0.0259496 0.040166
internal_weight=2693.62 2590.56 809.009 441.287 40.8716 25.6306 400.415 212.613 187.802 1781.56 428.403 239.08 189.323 8.36371 367.722 1353.15 1030.3 14.7444 322.85 11.8668 310.983 1015.56 103.058 65.5864 37.4716 8.38816 361.724 22.0879 17.5297 13.6574
internal_count=21000 20250 6156 3367 314 149 3053 1664 1389 14094 3479 2027 1452 66 2789 10615 7992 114 2623 110 2513 7878 750 481 269 76 2707 161 132 94
is_linear=0
shrinkage=0.05


Tree=69
num_leaves=31
num_cat=0
split_feature=10 13 12 14 1 2 2 7 14 2 2 2 8 1 12 6 6 8 12 16 6 6 14 2 5 12 12 2 2 12
split_gain=6.60583 5.91045 6.78135 7.05319 7.27422 16.8302 5.17724 4.59864 4.33378 6.08587 5.8802 3.93097 4.71496 3.87969 4.22016 5.17563 6.90972 3.80333 5.20895 5.53875 4.76036 4.24365 4.04403 3.57833 2.80018 2.92756 4.36283 6.19872 4.12781 3.51093
threshold=2.5000000000000004 0.50000000000000011 1375.049987792969 0.039450000971555717 0.48555000126361852 3584.299926757813 7735.0351562500009 4.5000000000000009 0.015749999321997169 6659.7651367187509 7735.0351562500009 3449.265014648438 0.41764999926090246 0.05295000039041043 517.25000000000011 0.59025001525878917 0.86724999547004711 0.044350000098347671 33.250000000000007 1.5000000000000002 0.45065000653266912 0.78485000133514415 0.022450000047683719 3584.299926757813 22.250000000000004 729.29998779296886 208.15000152587893 7735.0351562500009 399.75000000000006 1091.0000000000002
decision_type=2 2 2 2 2 2 2 2 2 2 2 2 2 2 2 2 2 2 2 2 2 2 2 2 2 2 2 2 2 2
left_child=1 2 3 8 6 -6 -5 11 10 -10 -1 12 -4 14 15 -3 -17 18 21 -20 23 -15 -22 -19 -2 26 -26 28 -28 -27
right_child=24 13 7 4 5 -7 -8 -9 9 -11 -12 -13 -14 17 -16 16 -18 20 19 -21 22 -23 -24 -25 25 29 27 -29 -30 -31
leaf_value=-0.0028485938717340989 -0.020994812144580557 -0.017276465395579223 -0.027577136045512225 -0.00080633160165895104 0.0036426992101873685 0.09666519829343459 0.013657649547917362 0.026486877147835132 -0.0083613662935959673 -0.035825758870182155 0.037287245237746312 -0.052999765008168179 0.03320485277718245 0.075391259156797508 -0.012751151252550131 0.085201292585595223 0.0034568037690091155 0.017415832303669037 0.0036198589170545904 -0.024127840885951643 -0.0058045653070083894 -0.0056337227190190005 0.0053805642737575253 0.069446825984251948 0.0091565955210199234 -0.028683079051144745 -0.03891844033812869 -0.043487193690605747 0.047341904809695072 0.034344335969067316
leaf_weight=209.07582283578813 5.3066917955875388 3.1281897407025125 17.934581223875288 1286.9452522210777 19.828986648470167 6.4421838447451583 64.991841852664948 4.1739446092396966 277.57958823349327 21.751378059387207 9.542225629091261 11.393411703407763 3.8810056913644067 3.2883396185934535 5.2757549509406081 7.1114587066695076 4.0615916568785906 16.101540148258213 33.519180823117495 38.80511711537838 97.966157527640462 3.177562540397048 461.49083297792822 4.1576871424913397 36.635834445711225 6.8676629764959198 1.47112213587389 2.2877906300127497 24.217573382891715 3.2576269721612334
leaf_count=1747 41 21 159 10264 163 32 176 29 2273 58 29 39 35 33 36 69 33 132 278 296 748 28 3417 18 389 51 22 6 342 36
internal_value=-4.75912e-05 -0.000481235 -0.00188984 -0.00147407 0.000395366 0.0264536 -0.000111003 -0.0229786 -0.00644846 -0.0103571 -0.00109675 -0.0291958 -0.016764 0.00353538 0.0254702 0.0395701 0.0554858 0.00288327 -0.007424 -0.011268 0.00428415 0.0355728 0.00342194 0.0280939 0.014101 0.016593 0.0205104 0.0353784 0.042402 -0.00840516
internal_weight=2691.67 2611.62 1933.54 1896.16 1378.21 26.2712 1351.94 37.3829 517.949 299.331 218.618 33.209 21.8156 678.083 19.577 14.3012 11.1731 658.506 78.7902 72.3243 579.716 6.4659 559.457 20.2592 80.0443 74.7376 64.6123 27.9765 25.6887 10.1253
internal_count=21000 20113 15004 14742 10635 195 10440 262 4107 2331 1776 233 194 5109 159 123 102 4950 635 574 4315 61 4165 150 887 846 759 370 364 87
is_linear=0
shrinkage=0.05


Tree=70
num_leaves=31
num_cat=0
split_feature=9 3 10 14 6 11 8 6 0 15 6 15 6 8 8 14 6 8 9 6 6 5 11 8 8 8 11 5 2 5
split_gain=6.11578 6.3702 6.13976 3.90002 4.86422 4.50059 5.37383 4.1703 4.01006 3.79988 5.59988 3.74089 3.90971 3.28697 3.21773 4.58943 3.90352 3.7304 11.3047 3.00262 4.27017 3.34261 3.63643 2.99498 12.1203 6.55136 2.87218 2.80389 6.38101 4.98113
threshold=3.5000000000000004 1.0000000180025095e-35 2.5000000000000004 0.024249999783933166 0.43074999749660497 15.500000000000002 0.60834997892379772 0.79675000905990612 1.5000000000000002 0.10000000335276128 0.89034998416900646 0.45000000298023229 0.49670000374317175 0.25045000016689306 0.11744999885559083 0.31269998848438268 0.71985000371932995 0.13385000079870227 1.0000000180025095e-35 0.950850009918213 0.92084997892379772 129.75000000000003 8.5000000000000018 0.43594999611377722 0.37054999172687536 0.55394998192787182 7.5000000000000009 38.549999237060554 1479.1499633789065 49.750000000000007
decision_type=2 2 2 2 2 2 2 2 2 2 2 2 2 2 2 2 2 2 2 2 2 2 2 2 2 2 2 2 2 2
left_child=1 11 19 4 -3 6 8 -8 -5 13 -11 14 -13 -6 15 16 -1 18 -16 20 21 22 -2 24 -14 -25 -17 28 -7 -29
right_child=2 3 -4 5 9 27 7 -9 -10 10 -12 12 23 -15 17 26 -18 -19 -20 -21 -22 -23 -24 25 -26 -27 -28 29 -30 -31
leaf_value=0.0026158635935962021 -0.0063273503546808886 0.031723588270204252 0.052406858312056707 -0.0047192032192344795 -0.02648005904510153 0.0073460355896356805 0.035985741601245645 -0.0016268150563455411 0.0042640620676630886 -0.0088856434146393163 0.035081689128204557 0.064825867889845776 0.007114706366462469 -0.0089771751090970409 -0.0131149653087564 0.047081286261864412 -0.0080936450071674264 0.0014256816220763525 0.034105359439935 0.04848650753891974 -0.032206923604638442 0.049393044249821515 0.014096042220814647 -0.027361150212654187 0.073581597788975037 0.02669279848788399 0.0065218339303755347 0.011311196108525365 -0.028246121376037894 -0.0085663833086100268
leaf_weight=129.94047547876835 33.94677884504199 6.4621903561055651 8.3372851121239346 293.41345548722893 54.33220152463764 18.225671531632543 18.109617380425338 12.42638963088393 215.44772974401712 41.090272271074355 8.7914548050612193 3.1349685825407496 90.071153938770294 52.979276290163398 21.235960524529219 6.6965366378426578 246.4877593293786 1025.8645496107638 31.440049130469561 4.3799873962998381 6.761562652885913 4.8378931432962409 60.886696398258209 15.257817454636099 7.4240116886794558 8.8609184883534891 12.53553109616041 38.631953503936529 40.74468650855124 171.11899495031685
leaf_count=773 198 48 413 3488 775 341 153 107 2166 478 108 34 515 583 106 42 1389 5615 194 29 36 35 394 81 57 53 74 458 339 1918
internal_value=-4.64001e-05 -0.000559675 0.0110277 -0.00375234 -0.0107911 -0.0023269 0.000306782 0.0206796 -0.000915761 -0.0125388 -0.00113658 0.00138069 0.00969451 -0.017839 0.000677167 -0.0031796 -0.0043968 0.00209201 0.0150688 0.00791449 0.00624485 0.00885336 0.00678524 0.00827333 0.012176 -0.00750241 0.0206445 -0.00761343 -0.0172458 -0.00490533
internal_weight=2689.87 2570.72 119.15 971.774 163.655 808.118 539.397 30.536 508.861 157.193 49.8817 1598.95 124.749 107.311 1474.2 395.66 376.428 1078.54 52.676 110.813 106.433 99.6714 94.8335 121.614 97.4952 24.1187 19.2321 268.721 58.9704 209.751
internal_count=21000 19895 1105 10962 1992 8970 5914 260 5654 1944 586 8933 740 1358 8193 2278 2162 5915 300 692 663 627 592 706 572 134 116 3056 680 2376
is_linear=0
shrinkage=0.05


Tree=71
num_leaves=31
num_cat=0
split_feature=10 3 8 2 2 12 12 12 5 1 8 2 14 14 5 1 12 8 8 1 13 2 5 12 12 2 14 6 6 5
split_gain=5.85519 6.10424 3.82081 4.46177 5.56667 10.0809 4.15887 3.43744 7.7025 5.05258 4.3793 6.99707 4.3242 5.83385 11.999 7.11841 4.52289 4.52788 4.2038 3.97062 3.09851 2.92016 2.59657 2.92746 3.56264 6.14133 4.25561 3.30294 3.03453 2.7951
threshold=2.5000000000000004 1.0000000180025095e-35 1.0000000180025095e-35 10212.334960937502 7735.0351562500009 484.44999694824224 1091.0000000000002 19.349999427795414 60.649999618530281 0.096550002694129958 0.066449999809265151 3777.3601074218755 0.065949998795986189 0.069250002503395094 56.750000000000007 0.48555000126361852 33.250000000000007 0.019049999304115776 0.14864999800920489 0.070749998092651381 0.50000000000000011 8996.6650390625018 29.94999980926514 729.29998779296886 230.84999847412112 7735.0351562500009 0.19964999705553058 0.75554999709129345 0.74185001850128185 89.149997711181655
decision_type=2 2 2 2 2 2 2 2 2 2 2 2 2 2 2 2 2 2 2 2 2 2 2 2 2 2 2 2 2 2
left_child=1 7 21 4 6 -6 -4 8 9 19 -10 -12 16 14 -14 -15 20 -18 -11 -1 -9 -3 -2 24 26 28 29 -25 -26 -24
right_child=22 2 3 -5 5 -7 -8 12 10 18 11 -13 13 15 -16 -17 17 -19 -20 -21 -22 -23 23 27 25 -27 -28 -29 -30 -31
leaf_value=0.026615471636594546 -0.0099487307849493115 -0.017074497246100655 -0.0023130495487567724 -0.03234891961906379 0.0028669014377147861 0.070012746801040401 -0.018797753164337141 -0.029332380716553499 0.034077504593107565 0.044885269975208725 0.0027590267762385347 -0.048405699473416157 -0.0028741269858388501 0.0020201357464941093 0.073008651758560236 0.040825083741627709 -0.014954096580755021 5.2050562577155886e-05 0.0050615023050402065 0.095138071500383115 0.010991525555875585 0.047267863425860576 0.014098341557936156 0.036798527415975606 0.024093571044059015 -0.041979008993086271 0.055376840218884039 -0.028154257980651409 0.062644574280763712 -0.018632173069589881
leaf_weight=4.1267736777663213 10.401145868934689 63.199768483638763 832.09679140709341 12.545268848538397 24.324520617723469 7.2577164173126212 40.104758732020855 23.691511277109388 6.5272301547229281 9.8174966871738452 25.661537125706673 9.0347300320863706 12.402367163449528 847.03311262279749 8.9825761653482896 11.985351951792834 55.03203671425581 580.74372807890177 20.389139175415039 4.3348424173891544 5.9630182385444632 1.8140250593423832 22.759607894811783 2.7734396532177907 9.3948275088332647 2.2492447458207598 4.7648085271939626 6.6507283160462976 11.178042432758955 9.1431100228801352
leaf_count=23 102 891 9574 34 91 29 444 102 42 68 165 23 64 4715 68 82 314 3189 116 34 37 8 247 21 127 6 63 59 175 87
internal_value=-4.5232e-05 -0.000452385 -0.00356642 -0.00273539 -0.00232433 0.0182973 -0.00307103 0.00142735 0.0115407 0.0275706 -0.00349558 -0.010564 0.000904672 0.00320374 0.0289998 0.00256156 -0.00213713 -0.00124686 0.0180047 0.0617192 -0.0212239 -0.0152792 0.0133378 0.0168524 0.0209541 0.0364636 0.0113009 -0.00903929 0.0450398 0.00471799
internal_weight=2686.38 2607.07 981.343 916.329 903.784 31.5822 872.202 1625.73 79.8917 38.6683 41.2235 34.6963 1545.83 880.403 21.3849 859.018 665.43 635.776 30.2066 8.46162 29.6545 65.0138 79.315 68.9138 59.4896 22.8221 36.6675 9.42417 20.5729 31.9027
internal_count=21000 20113 11071 10172 10138 120 10018 9042 471 241 230 188 8571 4929 132 4797 3642 3503 184 57 139 899 887 785 705 308 397 80 302 334
is_linear=0
shrinkage=0.05


Tree=72
num_leaves=31
num_cat=0
split_feature=6 9 3 14 2 11 13 8 5 5 5 1 6 2 14 2 14 1 14 8 2 1 6 2 2 11 8 3 9 16
split_gain=5.6324 5.53605 5.67398 4.49898 4.57981 4.22806 4.83982 4.16767 3.996 6.36749 5.40942 4.91501 4.61956 3.61408 3.6086 7.82211 5.19567 3.56931 3.45885 3.43032 4.00799 3.10089 5.86572 4.32719 4.14341 7.52708 6.45649 2.14464 1.62141 1.49035
threshold=0.45065000653266912 6.5000000000000009 1.0000000180025095e-35 0.024249999783933166 4257.0849609375009 17.500000000000004 0.50000000000000011 0.40934999287128454 72.049999237060561 61.750000000000007 91.549999237060561 0.26745000481605535 0.40365000069141393 6457.9150390625009 0.099950000643730177 3837.3200683593755 0.13094999641180041 0.15024999529123309 0.016950000077486042 0.076949998736381545 2352.4550781250005 0.1560500040650368 0.9770999848842622 6946.9450683593759 6236.8850097656259 12.500000000000002 0.45904999971389776 1.0000000180025095e-35 1.0000000180025095e-35 1.5000000000000002
decision_type=2 2 2 2 2 2 2 2 2 2 2 2 2 2 2 2 2 2 2 2 2 2 2 2 2 2 2 2 2 2
left_child=8 2 21 4 17 6 -5 -7 9 13 11 28 -11 14 15 -1 -16 -4 -6 -12 27 24 23 -23 26 -26 -2 -21 -10 -30
right_child=1 -3 3 5 18 7 -8 -9 10 12 19 -13 -14 -15 16 -17 -18 -19 -20 20 -22 22 -24 -25 25 -27 -28 -29 29 -31
leaf_value=0.011322456986774757 -0.0017712974882894987 0.056417686208214801 -0.016326995365467931 -0.0026218813032435014 -0.016368728526050643 -0.012434099677398135 0.0075983815740080342 0.0042351636052578414 -0.063324263948427037 0.027743148362211215 -0.024757145367346519 0.027131275146860839 0.10336152382827002 0.056392272784228516 0.075750159334979972 -0.051059947200533008 0.013249759191541463 0.00064444944824133593 -0.04909797315271601 -0.019286856315723692 0.052159387357833042 0.0020884870612227894 0.048286033202159337 0.0174562868674027 0.0026415213595999665 -0.02984852957721093 0.011343036564770412 0.026825827012958811 -0.00015160951127895895 -0.045562913946710082
leaf_weight=22.852518767118458 633.07562351133674 4.2648615427315226 53.877658176235855 447.96751321665943 26.512887135148048 152.40661759208888 156.23642832506448 49.733570389449596 4.5321469604969007 4.7489389851689321 4.4762186780571964 3.5658765472471705 3.5143129415810108 4.4179253280162802 4.0084605589509037 6.4414588361978522 19.507282611913979 72.897181364707649 11.606011036783455 5.0446486622095126 7.4284039735794059 734.03903366811574 7.2316432930529109 48.854643605649471 38.470122762024403 33.220231592655182 110.18704976141453 5.0412287460640073 3.267918923869729 4.0408466048538685
leaf_count=183 3761 259 836 5026 157 1862 1665 448 23 41 29 26 33 14 40 18 150 955 69 37 42 4261 49 111 85 61 645 53 28 33
internal_value=-4.40766e-05 -0.000501473 -0.000595697 -0.00361217 -0.0111374 -0.00207329 2.08975e-05 -0.00833288 0.0114281 0.0188742 -0.00161172 -0.0243306 0.0599032 0.0129499 0.0093156 -0.00239482 0.0239035 -0.00656819 -0.0263338 0.0143054 0.0242888 0.00122958 0.00346153 0.00304748 -0.000934367 -0.0124139 0.000172874 0.00376167 -0.0398283 -0.0252585
internal_weight=2683.47 2580.58 2576.32 971.238 164.894 806.344 604.204 202.14 102.888 65.4909 37.3973 15.4068 8.26325 57.2276 52.8097 29.294 23.5157 126.775 38.1189 21.9905 17.5143 1605.08 790.125 782.894 814.953 71.6904 743.263 10.0859 11.8409 7.30877
internal_count=21000 20250 19991 11018 2017 9001 6691 2310 750 479 271 110 74 405 391 201 190 1791 226 161 132 8973 4421 4372 4552 146 4406 90 84 61
is_linear=0
shrinkage=0.05


Tree=73
num_leaves=31
num_cat=0
split_feature=9 10 15 13 5 12 14 11 8 8 9 2 11 2 2 16 5 11 2 14 12 16 2 12 11 6 9 10 10 12
split_gain=5.53142 5.66831 5.54562 5.51886 5.37451 6.27231 5.46748 5.59898 4.9038 4.80649 5.09351 6.76034 5.23925 3.86584 7.90829 3.91261 4.37595 3.61968 3.618 2.92734 3.59548 2.95507 4.67448 4.16906 1.7488 0.94245 0.00133093 0.000350474 0.000139241 0.000131713
threshold=3.5000000000000004 2.5000000000000004 0.45000000298023229 0.50000000000000011 12.550000190734865 117.95000076293947 0.30110000073909765 13.500000000000002 0.38085000216960913 0.7150000035762788 1.0000000180025095e-35 8996.6650390625018 20.500000000000004 10212.334960937502 7735.0351562500009 4.5000000000000009 44.45000076293946 10.500000000000002 5119.9750976562509 0.23795000463724139 28.650000572204593 1.5000000000000002 5119.9750976562509 640.04998779296886 13.500000000000002 0.8225499987602235 6.5000000000000009 3.5000000000000004 3.5000000000000004 479.80000305175787
decision_type=2 2 2 2 2 2 2 2 2 2 2 2 2 2 2 2 2 2 2 2 2 2 2 2 2 2 2 2 2 2
left_child=2 19 3 4 5 -1 8 -8 -6 10 12 -12 -5 14 15 18 -17 -11 -4 20 -2 23 -23 -22 -21 -7 27 -3 -28 -29
right_child=1 26 13 9 6 25 7 -9 -10 17 11 -13 -14 -15 -16 16 -18 -19 -20 24 21 22 -24 -25 -26 -27 28 29 -30 -31
leaf_value=0.04066380558537807 0.042907268313649438 0.053570460752406374 0.0064162092670222524 0.0062905310487697741 -0.0047739016672307694 -0.035527277512599452 0.019071108572429787 -0.0053559587126472555 0.0015337629814067472 0.069546064589148984 2.1655316996833139e-05 -0.048766488244478448 0.033897794823283568 -0.038780403128500111 0.060972407607728818 -0.0073299974980097285 0.043738104571550279 0.011003318942566315 -0.014812739468815972 0.016750702422705061 0.0062911686894267438 0.00055564639826834422 -0.044749363729494805 0.050898024962858196 0.061556221611926011 -0.063457912900249824 0.052090966175944192 0.052339621637487212 0.051392195840608904 0.053157406757414351
leaf_weight=2.4495976194739333 5.9608688503503791 1.2609160915017121 180.07902274467051 162.7444913983345 1194.0900195613503 7.4775876998901349 57.32534852065146 39.708392534404993 415.29762296751142 4.5914383977651578 407.48813552502543 7.2262646555900565 19.214535230770707 4.5575670301914206 6.7670010924339286 6.139233801513913 13.244512496516107 6.2135617509484291 22.587657332420349 5.3659072741866094 36.299314878880978 46.751792205497622 6.4830433130264273 6.1214554309844962 3.6654475033283234 5.0666241310536861 0.95049765147268805 1.8951747007668021 2.8521577664650977 0.66518641915172327
leaf_count=22 45 43 1395 1255 9797 51 428 309 2976 35 3144 17 155 7 19 39 108 38 70 36 220 298 16 44 33 30 48 83 216 23
internal_value=-4.29163e-05 0.0105289 -0.0005309 -0.00126725 -0.00271317 -0.0325178 -0.00245128 0.009075 -0.00314623 0.00283004 0.00223155 -0.000828462 0.00920581 0.00681729 0.0077255 0.0061028 0.0275638 0.0358803 0.0040502 0.00765563 0.00523109 0.00288327 -0.00496169 0.0127281 0.0349354 -0.0468085 0.0522291 0.0528881 0.0515669 0.0525521
internal_weight=2680.54 118.272 2562.27 2328.89 1721.42 14.9938 1706.42 97.0337 1609.39 607.478 596.673 414.714 181.959 233.375 228.817 222.05 19.3837 10.805 202.667 110.648 101.616 95.6556 53.2348 42.4208 9.03135 12.5442 7.62393 3.82128 3.80266 2.56036
internal_count=21000 1105 19895 18257 13613 103 13510 737 12773 4644 4571 3161 1410 1638 1631 1612 147 73 1465 692 623 578 314 264 69 81 413 149 264 106
is_linear=0
shrinkage=0.05


Tree=74
num_leaves=31
num_cat=0
split_feature=9 1 6 2 6 6 15 12 12 2 6 3 12 6 10 6 16 12 1 16 12 1 5 1 12 4 10 10 12 3
split_gain=5.15246 5.1394 6.48034 5.87639 5.88919 10.6932 5.44456 5.29712 5.13162 4.74001 8.19067 5.72283 4.70957 4.46641 4.39131 3.61628 3.57629 3.5717 3.56157 3.50772 3.11402 2.88005 2.2485 1.97642 4.31547 2.67339 0.321365 0.000119378 3.41368e-05 1.70775e-05
threshold=6.5000000000000009 0.12384999915957452 0.9770999848842622 6078.9050292968759 0.77345001697540294 0.85975000262260448 0.45000000298023229 12.949999809265138 68.750000000000014 3449.265014648438 0.96195000410079967 1.0000000180025095e-35 191.09999847412112 0.98775002360343944 3.5000000000000004 0.90254998207092296 1.5000000000000002 25.550000190734867 0.13035000115633014 6.5000000000000009 249.44999694824222 0.30314999818801885 42.95000076293946 0.085349999368190779 378.55000305175787 1.0000000180025095e-35 2.5000000000000004 3.5000000000000004 692.85000610351574 1.0000000180025095e-35
decision_type=2 2 2 2 2 2 2 2 2 2 2 2 2 2 2 2 2 2 2 2 2 2 2 2 2 2 2 2 2 2
left_child=1 3 6 9 23 12 14 -8 -4 16 11 -11 -6 21 18 -7 20 -9 -3 -18 -1 -10 -16 24 -5 -25 -2 -28 29 -29
right_child=26 2 8 4 5 15 7 17 13 10 -12 -13 -14 -15 22 -17 19 -19 -20 -21 -22 -23 -24 25 -26 -27 27 28 -30 -31
leaf_value=0.0058686247320175241 0.09738674097843554 0.010034062629932731 -0.02230470588617485 0.01017905761560267 0.05505868424967382 -0.047915972377454284 0.068330874640881251 -0.024802724176203932 0.087669708586928519 0.013256853989417389 -0.054682334342848554 -0.0051177098897241804 0.0032557563092825027 0.0086226154257605537 0.00072535032712568411 -0.0042638935173993477 -0.008781369109966991 0.010192445618425937 -0.00049979197722464861 0.015797323611670491 -0.0051079495877861814 0.027689459437983538 0.057352985324799016 -0.015608237554515698 -0.039930528452701057 -0.046192418018627598 0.051985411200400004 0.051400940539724639 0.05178093444596657 0.051131064433264317
leaf_weight=125.67384745273739 0.42624073475599189 84.643562206998467 3.5353472940623787 8.9821253120899218 8.1889453455805796 9.7889653667807597 3.7858269661664954 7.6675808466970912 5.7561050448566657 119.01268745586276 5.596603099256753 65.806842900812626 9.4511756151914579 5.2645621821284285 2.679282682016491 9.2069188281893712 312.44222551118582 148.5309442859143 1543.4014510344714 15.223304073326288 132.98951057158411 3.0681028701364994 5.0703968168236315 11.298074103891851 8.2366023138165456 19.438030794262886 0.90593083202838931 1.0771662583574659 0.35343081317841996 1.2860445277765391
leaf_count=1264 3 691 25 31 33 32 34 36 54 419 22 496 33 38 35 27 3023 1039 11750 157 1289 23 77 47 24 34 48 84 22 110
internal_value=-4.14897e-05 -0.000126806 0.00138371 -0.00330695 -0.0158215 -0.00072775 0.0010876 0.009891 0.031555 -0.00194406 0.00490987 0.00671441 0.0273039 0.0450703 0.000226608 -0.0267587 -0.00416994 0.00847458 4.78728e-05 -0.00763945 0.000225115 0.0668151 0.0377752 -0.0273527 -0.0137909 -0.0349502 0.0563203 0.0514884 0.0513226 0.0512541
internal_weight=2678.79 2674.74 1813.4 861.336 84.5908 36.636 1795.78 159.984 17.6241 776.745 190.416 184.82 17.6401 14.0888 1635.79 18.9959 586.329 156.199 1628.05 327.666 258.663 8.82421 7.74968 47.9548 17.2187 30.7361 4.04881 3.62257 2.71664 2.36321
internal_count=21000 20733 13802 6931 261 125 13662 1109 140 6670 937 915 66 115 12553 59 5733 1075 12441 3180 2553 77 112 136 55 81 267 264 216 194
is_linear=0
shrinkage=0.05


Tree=75
num_leaves=31
num_cat=0
split_feature=10 3 9 11 14 2 5 8 1 12 8 1 2 2 12 12 5 1 11 5 12 14 12 1 11 15 5 1 16 5
split_gain=4.98497 5.15871 4.87405 3.48446 4.92463 5.66086 4.64898 3.86779 3.81263 3.26081 3.19408 6.65933 4.25404 3.97429 5.10751 2.986 6.79868 4.40409 6.4662 4.00843 5.6539 3.90378 6.0026 5.08299 4.83963 4.73135 3.47712 3.39954 2.45394 2.37922
threshold=2.5000000000000004 1.0000000180025095e-35 3.5000000000000004 18.500000000000004 0.028250000439584259 4257.0849609375009 55.350000381469734 0.7150000035762788 0.15265000611543658 1091.0000000000002 0.44024999439716345 0.49780000746250158 2963.6550292968755 902.69497680664074 800.64999389648449 19.349999427795414 60.649999618530281 0.096550002694129958 4.5000000000000009 72.850002288818374 11.34999990463257 0.099950000643730177 25.550000190734867 0.48555000126361852 6.5000000000000009 0.10000000335276128 70.350002288818374 0.070749998092651381 2.5000000000000004 29.94999980926514
decision_type=2 2 2 2 2 2 2 2 2 2 2 2 2 2 2 2 2 2 2 2 2 2 2 2 2 2 2 2 2 2
left_child=1 15 29 4 5 8 -7 9 -3 -6 11 12 -5 -12 -15 16 17 27 -19 -18 -21 22 26 25 -24 -23 -17 -1 -9 -2
right_child=2 3 -4 10 7 6 -8 28 -10 -11 13 -13 -14 14 -16 21 19 18 -20 20 -22 23 24 -25 -26 -27 -28 -29 -30 -31
leaf_value=0.024709046968725886 -0.014798099813358848 -0.015180404199603235 0.052078487828176423 -0.0072400133207578144 0.00048634526699884708 -0.0077397274003437495 -0.046605891974525193 0.045050601540878837 0.0028619749828767381 -0.017055497671976432 -0.029820986995991464 0.05455379965612514 -0.024119963988560152 0.0033128839907369703 0.065238545468874892 -0.043148410273305571 -0.028971322024081037 -0.026872447872404111 0.028964632744174351 -0.0098007856259081962 0.035813908871188342 0.00043806339491552035 -0.0065796816504382367 0.043501551647085794 0.0016645681094386391 0.0097028532075188537 0.0018294702304249512 0.087595281740421804 -0.0069296669322898158 0.012080306141912144
leaf_weight=4.1508116945624334 9.5079424381256086 51.503118549473584 7.0462924325838676 93.4818568052724 582.20640849228948 14.133602492511274 16.886921167373657 7.6959341615438444 67.859797041863203 27.754983386956155 7.7837884351611129 3.627194356173276 62.133197732269764 33.506570337340236 3.697124056518077 13.335608802735807 11.196965508162974 6.6377692185342339 23.68921772390604 19.488811913877729 10.428271256387232 453.98646745458245 250.71684601530433 7.9388392586261025 613.86329696699977 197.85911520570517 6.339726645499467 4.4562888108193874 3.2207348607480526 61.408703543245792
leaf_count=23 56 807 413 1499 6467 87 102 63 869 301 111 29 428 248 32 54 58 32 152 108 64 2501 1349 57 3424 1150 36 34 28 418
internal_value=-4.03823e-05 -0.000413999 0.0124174 -0.00328797 -0.00175022 -0.00986841 -0.0288977 0.000216091 -0.00492301 -0.000311859 -0.00909517 -0.0124187 -0.0139798 0.00266915 0.00946676 0.00131222 0.0107282 0.0257021 0.0167434 -0.00345185 0.00609924 0.000824067 -0.00134761 0.00373459 -0.000726156 0.00325027 -0.0286558 0.0572681 0.0297149 0.00847666
internal_weight=2677.54 2599.58 77.9629 975.491 771.262 150.383 31.0205 620.878 119.363 609.961 204.23 159.242 155.615 44.9875 37.2037 1624.09 80.0481 38.9341 30.327 41.114 29.9171 1544.04 884.255 659.784 864.58 651.846 19.6753 8.6071 10.9167 70.9166
internal_count=21000 20113 887 11071 8724 1865 189 6859 1676 6768 2347 1956 1927 391 280 9042 471 241 184 230 172 8571 4863 3708 4773 3651 90 57 91 474
is_linear=0
shrinkage=0.05


Tree=76
num_leaves=31
num_cat=0
split_feature=6 15 11 12 8 8 14 1 14 13 7 5 8 1 1 14 7 5 14 5 7 8 12 3 14 5 5 5 1 6
split_gain=5.13862 5.83717 5.1914 7.75911 6.74106 9.91647 6.26362 5.83508 7.42072 4.62856 5.29539 4.27076 4.22721 4.16588 6.09626 8.29378 5.909 7.21401 4.42866 4.1423 3.92676 6.25558 3.85538 3.78412 3.72499 3.62188 5.68226 4.99309 4.58581 4.11391
threshold=0.45065000653266912 0.10000000335276128 12.500000000000002 208.15000152587893 0.23204999417066577 0.27015000581741339 0.25355000793933874 0.2548500001430512 0.040149999782443054 0.2650000005960465 6.5000000000000009 128.25000000000003 0.2661499977111817 0.10934999957680704 0.11214999854564668 0.076750002801418318 5.5000000000000009 68.649997711181655 0.33990000188350683 24.550000190734867 1.5000000000000002 0.56435000896453869 4.1499998569488534 1.0000000180025095e-35 0.058250000700354583 72.049999237060561 61.750000000000007 91.549999237060561 0.26745000481605535 0.40365000069141393
decision_type=2 2 2 2 2 2 2 2 2 2 2 2 2 2 2 2 2 2 2 2 2 2 2 2 2 2 2 2 2 2
left_child=25 9 3 7 6 -6 -5 22 -9 10 12 20 23 16 15 -15 -11 -18 -16 -14 21 -4 -3 -2 -22 26 -1 28 -27 -28
right_child=1 2 11 4 5 -7 -8 8 -10 13 -12 -13 19 14 18 -17 17 -19 -20 -21 24 -23 -24 -25 -26 27 29 -29 -30 -31
leaf_value=0.012380990286315556 -0.0071077128469815469 -0.048078018306048652 0.005162109431965412 0.00049083488652447828 0.056659791536229367 0.015290989928761017 0.038857671882587937 -0.016019752483547287 0.024777203862051386 -0.0069788873068057939 0.057181228609033574 -0.023466877374160755 -0.028777776491550996 0.06238553457828333 -0.00028541143689447888 -0.0014326997374827918 0.0057724627398584843 0.094321865962180201 0.017662183738749008 0.0004981211485741504 0.0048679204759095032 0.059332536961117927 -0.0043177360873765088 -0.020614588354658209 -0.0081313540303242834 -0.038877358929030381 0.026282598341316743 0.013669352111571276 0.025931397240032975 0.097317664214494851
leaf_weight=57.172202051617205 154.52624940406531 5.2227075882256022 97.66151113063097 107.79809633130208 16.792280855588615 105.47929921466857 11.802544290199874 15.538958923891185 39.429796912707388 307.2669785534963 3.2242336864583185 20.615830078721046 12.985934250988064 9.4202330796979385 968.37077465560287 11.077796116471289 8.8052267003804428 3.1133606131188563 35.636494812555611 173.69621817255393 85.272348179481924 5.6370815103873602 138.7402726537548 78.046104268170893 155.79882888123393 11.59157172590494 4.7794288136064988 22.018050830811262 3.5702450685203067 3.5537139140069485
leaf_count=405 916 33 760 865 153 791 90 104 292 2513 38 144 85 87 7556 74 75 35 275 1351 701 41 1039 1089 1143 84 41 161 26 33
internal_value=-3.96572e-05 -0.000477565 0.00304894 0.00670082 0.0127169 0.0209724 0.00427699 -0.000613836 0.0132444 -0.00208648 -0.00665131 -0.00136154 -0.0071422 -0.000651226 0.000902728 0.0278961 -0.00563903 0.0289032 0.000351625 -0.00153836 -3.81993e-05 0.00811823 -0.00590528 -0.0116403 -0.00353322 0.0109286 0.0180032 -0.00153566 -0.0236164 0.0565759
internal_weight=2674.64 2571.96 805.79 440.804 241.872 122.272 119.601 198.932 54.9688 1766.17 422.479 364.986 419.255 1343.69 1024.51 20.498 319.186 11.9186 1004.01 186.682 344.37 103.299 143.963 232.572 241.071 102.685 65.5053 37.1799 15.1618 8.33314
internal_count=21000 20250 6156 3367 1899 944 955 1468 396 14094 3479 2789 3441 10615 7992 161 2623 110 7831 1436 2645 801 1072 2005 1844 750 479 271 110 74
is_linear=0
shrinkage=0.05


Tree=77
num_leaves=31
num_cat=0
split_feature=9 10 13 1 2 14 12 14 14 2 6 6 2 11 9 1 0 14 6 14 2 6 2 2 2 15 2 14 12 6
split_gain=4.86669 5.05232 4.52204 4.73622 7.8736 11.6657 4.86713 4.66783 7.43047 7.15537 4.90828 5.16992 4.74935 4.53275 4.50816 7.04155 6.08291 6.67905 5.12027 5.19611 4.47234 3.73573 3.67021 3.62801 3.84451 3.17949 3.10688 2.7149 3.13953 2.85338
threshold=3.5000000000000004 2.5000000000000004 0.50000000000000011 0.45945000648498541 3584.299926757813 0.066749997437000289 282.84999084472662 0.038949999958276756 0.015749999321997169 7735.0351562500009 0.45065000653266912 0.44134999811649328 6659.7651367187509 22.500000000000004 1.0000000180025095e-35 0.26084999740123754 2.5000000000000004 0.32535000145435339 0.90715000033378612 0.089549999684095397 5360.7849121093759 0.7096499800682069 8996.6650390625018 7735.0351562500009 3058.5649414062505 0.10000000335276128 2711.7700195312505 0.28370000422000891 28.650000572204593 0.950850009918213
decision_type=2 2 2 2 2 2 2 2 2 2 2 2 2 2 2 2 2 2 2 2 2 2 2 2 2 2 2 2 2 2
left_child=2 27 3 7 6 -6 21 8 9 -1 11 -9 -10 -12 15 18 17 -17 19 -4 -7 -5 23 24 -16 -18 -20 28 -2 -30
right_child=1 -3 14 4 5 20 -8 10 12 -11 13 -13 -14 -15 22 16 25 -19 26 -21 -22 -23 -24 -25 -26 -27 -28 -29 29 -31
leaf_value=-0.0013896794375054498 0.039629168926321921 0.051982864085320019 -0.0024233362058690903 0.017037689032210718 -0.0012134321960599328 0.10265220438692309 0.017744760946303822 0.0089912953897933381 -0.010094614797542421 0.042750952309618104 -0.00075623804329358248 0.061400990781238785 -0.035802272335023672 -0.015729099201041648 0.0037193444327219913 0.05079503629900245 -0.003430609674863062 -0.025446037929283363 0.0016280172596710352 0.017724262747831974 0.039648823286860875 -0.0208921493166031 -0.030897688069868048 0.027829975726969727 -0.0059568391005985063 0.034180484915873929 -0.035523842744339028 0.046634399101822294 0.0018292911345318631 0.043756670296728792
leaf_weight=194.71014058869332 6.4411399774253359 6.7310983990319064 64.586343630217016 8.6346684861928207 11.011928737163545 5.6339058354496938 24.130934946238995 47.804372422397137 253.8577555026859 9.6354425176978094 1221.8664559815079 5.2191684972494832 19.334214724600315 52.727944770827889 282.8522813282907 23.671607904136184 18.691788883879784 3.2693543396890155 10.519822012633087 63.430487329140306 5.633065477013588 26.155799329280853 9.231061711907385 12.214455485343931 161.13136573508382 8.034345453605054 12.099914427846668 4.2321841157972804 95.461985815316439 4.2380831688642493
leaf_count=1680 48 413 528 76 42 31 209 343 2140 29 9531 45 53 424 2733 196 110 18 115 492 21 203 21 36 719 56 44 36 581 27
internal_value=-3.93366e-05 0.00992785 -0.000495973 -0.00174908 0.0100637 0.0353839 0.000489832 -0.00228045 -0.00651983 0.00069167 -0.000755563 0.01415 -0.011914 -0.00137564 0.0030335 0.00922517 0.0247769 0.041543 0.0036846 0.00755951 0.0711529 -0.0114783 0.000315625 0.000947219 0.000207646 0.00787595 -0.0182455 0.00736314 0.00579727 0.00361155
internal_weight=2673.19 117.104 2556.09 1886.36 81.2003 22.2789 58.9214 1805.16 477.538 204.346 1327.62 53.0235 273.192 1274.59 669.733 204.304 53.6671 26.941 150.637 128.017 11.267 34.7905 465.429 456.198 443.984 26.7261 22.6197 110.373 106.141 99.7001
internal_count=21000 1105 19895 14827 582 94 488 14245 3902 1709 10343 388 2193 9955 5068 1559 380 214 1179 1020 52 279 3509 3488 3452 166 159 692 656 608
is_linear=0
shrinkage=0.05


Tree=78
num_leaves=31
num_cat=0
split_feature=9 3 14 6 2 8 7 2 2 1 8 8 6 14 2 9 8 2 1 2 10 14 14 1 6 12 10 10 12 3
split_gain=4.51142 4.5397 3.20135 4.76102 3.70519 5.58325 3.57002 3.50545 4.32561 3.06576 5.06977 8.89057 5.98762 4.1014 3.75857 4.03333 5.79871 3.99298 8.6503 3.48993 3.48652 2.86559 3.55879 2.57296 2.28266 2.1326 0.264613 8.04772e-05 2.18381e-05 1.05449e-05
threshold=6.5000000000000009 1.0000000180025095e-35 0.024249999783933166 0.43074999749660497 5476.3298339843759 0.32985000312328344 1.0000000180025095e-35 10212.334960937502 4526.3251953125009 0.46375000476837164 0.19974999874830249 0.17085000127553943 0.68274998664855968 0.16104999929666522 8219.7949218750018 1.5000000000000002 0.28264999389648443 6236.8850097656259 0.14195000380277636 1765.7249755859377 2.5000000000000004 0.060350000858306892 0.040149999782443054 0.15024999529123309 0.91574999690055858 249.44999694824222 2.5000000000000004 3.5000000000000004 692.85000610351574 1.0000000180025095e-35
decision_type=2 2 2 2 2 2 2 2 2 2 2 2 2 2 2 2 2 2 2 2 2 2 2 2 2 2 2 2 2 2
left_child=1 9 3 25 23 -6 21 8 -8 14 11 12 -11 19 17 16 -16 20 -19 -12 -1 22 -4 -5 -23 -3 -2 -28 29 -29
right_child=26 2 6 4 5 -7 7 -9 -10 10 13 -13 -14 -15 15 -17 -18 18 -20 -21 -22 24 -24 -25 -26 -27 27 28 -30 -31
leaf_value=0.0009802776390983156 0.093642623177806694 0.0064359723940700594 -0.022892534777628166 -0.015942051134036302 -0.050302307956043658 0.0036287509120315055 -0.0020401785357492407 -0.028683912939451009 0.0073697640607480732 0.062770392733877509 -0.0030683883951610051 -0.057898502685322852 -0.0023376161574531979 0.073407937282902944 0.023440439600905982 0.033253445735061039 -0.018192052784870901 -0.026625378031812232 0.0056098238178704154 0.035922863708103679 0.021316058709966609 -0.023901610892579958 0.027738639522394411 -0.002294233581759599 0.014242791451118762 0.063138491056142484 0.051719076264969556 0.051200301871353077 0.051528980104977397 0.050972128208724155
leaf_weight=1438.0750432126224 0.41777706146240179 3.6225586142390958 6.0951862018555394 58.008518542163074 13.053122345358135 7.5891283825039855 630.03505445923656 10.965489640831946 151.49310591816902 4.6294125653803411 9.7372908517718368 5.6948553919792166 14.885923832654951 4.220515187829732 17.978296637535095 18.279897928237915 15.639791160821913 40.290092537179589 43.048566840589046 13.975467361509798 21.390594637487084 38.465156340040267 8.059972105547784 85.33792638964951 4.3674417706206432 3.0580690987408161 0.7880837484262887 0.93007261073216874 0.30606869561597694 1.111436093226075
leaf_count=8428 3 23 89 885 77 33 7768 31 785 35 82 23 88 39 41 40 26 86 104 73 236 485 121 1038 69 28 48 84 22 110
internal_value=-3.84185e-05 -0.000113404 -0.00273471 -0.00898361 -0.0106692 -0.0304745 -0.00147924 -0.000610035 -0.000216135 0.00150939 0.0133234 -0.00293259 0.0131073 0.0279946 0.00111569 0.0143506 0.00407219 0.000670488 -0.00997429 0.0199117 0.00127833 -0.0135667 0.00593695 -0.00781714 -0.0200122 0.0323917 0.0562622 0.0512819 0.0511351 0.0510761
internal_weight=2671.55 2668 1020.15 170.669 163.989 20.6423 849.481 792.494 781.528 1647.85 53.1435 25.2102 19.5153 27.9333 1594.7 51.898 33.6181 1542.8 83.3387 23.7128 1459.47 56.9878 14.1552 143.346 42.8326 6.68063 3.55344 3.13566 2.34758 2.04151
internal_count=21000 20733 11432 2084 2033 110 9348 8584 8553 9301 340 146 123 194 8961 107 67 8854 190 155 8664 764 210 1923 554 51 267 264 216 194
is_linear=0
shrinkage=0.05


Tree=79
num_leaves=31
num_cat=0
split_feature=9 10 8 8 2 16 14 14 2 2 1 8 1 1 2 6 2 15 14 6 12 1 14 1 16 1 12 2 13 9
split_gain=4.37451 4.75178 4.53627 9.98728 6.97218 5.91445 5.60589 6.53745 6.67372 6.15038 7.30632 4.13588 4.08587 7.08891 4.85376 4.81368 6.05333 4.38793 3.65775 3.46146 3.0452 2.54375 4.36821 3.60382 5.21215 4.88511 4.75473 2.75449 1.19039 0.000935979
threshold=3.5000000000000004 2.5000000000000004 0.16935000568628314 0.17085000127553943 2795.660034179688 9.5000000000000018 0.053950000554323203 0.010049999691545965 5919.9299316406259 2963.6550292968755 0.085349999368190779 0.13045000284910205 0.12314999848604204 0.13035000115633014 981.51498413085949 0.67864999175071727 5476.3298339843759 0.45000000298023229 0.3189499974250794 0.950850009918213 238.15000152587893 0.32619999349117285 0.064350001513957991 0.26084999740123754 1.5000000000000002 0.21564999967813495 97.850002288818374 2163.724975585938 0.2650000005960465 6.5000000000000009
decision_type=2 2 2 2 2 2 2 2 2 2 2 2 2 2 2 2 2 2 2 2 2 2 2 2 2 2 2 2 2 2
left_child=2 21 5 4 20 6 7 11 -9 18 -11 -1 15 14 -14 16 -5 -15 -8 -17 -4 23 28 25 -25 26 -2 -24 -23 -3
right_child=1 29 3 12 -6 -7 9 8 -10 10 -12 -13 13 17 -16 19 -18 -19 -20 -21 -22 22 27 24 -26 -27 -28 -29 -30 -31
leaf_value=-0.00053241617699138939 0.027286851879616887 0.05244315015229041 0.056249108985499313 -0.0059876328941901522 0.11515963720628636 0.064259825485299307 -0.0060640741906551957 -0.009648894002078412 -0.035750190694087587 0.029833010748203916 0.0024767884130259734 0.032560845016844982 -0.0082253454082136645 0.0005215149715793731 0.025679055728710015 0.0014053495344534676 -0.033415816771089728 0.011754542231416309 0.012395100119963967 -0.018373861518688819 -0.019109185812658469 0.032177452736919042 0.034802557926409822 0.015393737182509946 -0.051335964203163734 0.047439847824194373 -0.0031909819009537164 -0.018118048550805937 0.071307897717279564 0.051217953648741633
leaf_weight=53.155083409510553 16.513903653249145 3.2609685263596466 2.8586355764418823 121.25946463085711 3.0876895152032375 3.2304936517029992 342.27652474027127 227.61182768270373 27.442360825836658 27.823646642267704 198.80397841334343 11.48033833503723 13.309349907562135 939.48123122099787 51.030360717326403 354.04361206199974 24.116681389510632 95.802619760856032 29.119878577999771 23.593875754624605 2.524442870169878 3.7522550448775318 4.066270759329198 5.2177555747330171 6.6633292436599731 6.9812150783836833 56.849738197401166 6.2200965955853462 4.0320611633360386 2.9863625313155353
leaf_count=473 107 149 31 1019 16 34 3472 2077 97 157 943 121 174 6973 349 2766 65 635 285 183 25 24 41 36 32 47 348 25 32 264
internal_value=-3.72549e-05 0.00943587 -0.000469862 0.00111412 0.0552645 -0.00327529 -0.00351303 -0.00885785 -0.0124572 -0.000655806 0.00583538 0.0053455 0.000831434 0.00256179 0.0186656 -0.0028066 -0.0105377 0.00156099 -0.00461676 0.000169592 0.0209092 0.00703306 0.024187 0.00367192 -0.0220306 0.00747271 0.00366947 0.00280183 0.0524459 0.0518575
internal_weight=2668.6 116.544 2552.05 1631.11 8.47077 920.944 917.714 319.69 255.054 598.024 226.628 64.6354 1622.64 1099.62 64.3397 523.014 145.376 1035.28 371.396 377.637 5.38308 110.297 18.0707 92.2259 11.8811 80.3449 73.3636 10.2864 7.78432 6.24733
internal_count=21000 1105 19895 12236 72 7659 7625 2768 2174 4857 1100 594 12164 8131 523 4033 1084 7608 3757 2949 56 692 122 570 68 502 455 66 56 413
is_linear=0
shrinkage=0.05


Tree=80
num_leaves=31
num_cat=0
split_feature=13 5 16 7 14 1 5 6 5 6 1 6 1 14 1 6 14 6 1 2 6 15 5 2 2 2 14 8 5 6
split_gain=4.26106 4.41256 4.75152 4.47529 5.47069 5.19535 6.74028 4.64763 5.65208 5.13456 4.29218 5.56927 4.89701 3.88549 3.67764 3.4277 4.41222 3.70973 3.42696 6.32848 9.171 5.67794 4.06542 8.33355 8.09162 6.80502 9.44629 7.28707 5.98212 3.53013
threshold=0.50000000000000011 12.550000190734865 2.5000000000000004 1.0000000180025095e-35 0.27934999763965612 0.14864999800920489 67.850002288818374 0.49670000374317175 65.250000000000014 0.90864998102188121 0.45945000648498541 0.89985001087188732 0.45565000176429754 0.058250000700354583 0.05295000039041043 0.58015000820159923 0.15515000373125079 0.78095000982284557 0.10684999823570253 4085.184936523438 0.90715000033378612 0.10000000335276128 36.850000381469734 3058.5649414062505 2631.6450195312505 5119.9750976562509 0.11214999854564668 0.43594999611377722 44.45000076293946 0.54285001754760753
decision_type=2 2 2 2 2 2 2 2 2 2 2 2 2 2 2 2 2 2 2 2 2 2 2 2 2 2 2 2 2 2
left_child=1 2 -1 7 10 6 -6 8 -3 13 12 -12 -5 -9 15 -2 17 -17 19 29 21 -21 25 24 -24 27 -27 -20 -25 -16
right_child=14 3 -4 4 5 -7 -8 9 -10 -11 11 -13 -14 -15 18 16 -18 -19 22 20 -22 -23 23 28 -26 26 -28 -29 -30 -31
leaf_value=-0.043841732832654308 -0.019471301297152799 0.05088575565652434 0.014773002687586642 -0.0014582329564834344 -0.014054798017260783 0.018597192837687574 0.020432683986987259 -0.027998030247230715 -0.028776090969338239 0.013159495480497069 0.017396628057035221 -0.017553787280768569 -0.040857400988485192 -0.0088449726347842508 0.021198188228812639 0.048841217024085178 0.07669429423226283 -0.0055556958055100946 0.0015156490427217539 0.011798388062396331 -0.038578552368668251 0.061721369421019981 0.0049803551979189335 -0.027875958585993982 0.03414958148609365 0.084348066438957467 0.0041446196454292816 0.037784405760096791 -0.0022118923294477395 -0.012640183623527024
leaf_weight=11.876286823302509 3.7202971652150181 6.4731591418385488 4.8774097012355915 1597.9569672597572 38.284226069226861 71.413072223775089 22.490422807168216 42.2489306894131 3.3941413089632988 17.428592493291944 59.46903322963044 14.100751372519879 7.9258519597351542 70.943123274482787 8.3512117615900916 5.6287773270159978 4.3909648545086375 7.0722988061606884 75.250840585678816 16.732673736289151 6.3076783865690222 8.6344763301312906 234.61214810376987 27.010130356997252 26.45634332485497 7.45166417211294 7.236526858061552 16.973041125107557 142.49611991178244 99.989399988204241
leaf_count=82 24 57 39 12703 273 540 193 379 26 171 435 95 46 621 75 47 36 61 633 71 22 39 2340 100 183 34 25 138 611 901
internal_value=-3.65781e-05 -0.00122677 -0.0267776 -0.00100749 -0.000340818 0.00945281 -0.00129227 -0.00960441 0.0234838 -0.0121039 -0.00111166 0.0106979 -0.00165269 -0.0159939 0.00331914 0.0240217 0.0334885 0.0185516 0.00268318 -0.00428413 0.0153753 0.0287912 0.00449816 0.00233132 0.00793633 0.0132249 0.0448337 0.00819061 -0.00630136 -0.0100318
internal_weight=2667.2 1968.88 16.7537 1952.13 1811.64 132.188 60.7746 140.488 9.8673 130.621 1679.45 73.5698 1605.88 113.192 698.315 20.8123 17.092 12.7011 677.502 140.015 31.6748 25.3672 537.487 430.575 261.068 106.912 14.6882 92.2239 169.506 108.341
internal_count=21000 15660 121 15539 14285 1006 466 1254 83 1171 13279 530 12749 1000 5340 168 144 108 5172 1108 132 110 4064 3234 2523 830 59 771 711 976
is_linear=0
shrinkage=0.05


Tree=81
num_leaves=31
num_cat=0
split_feature=3 5 8 11 2 7 1 5 2 6 1 9 6 13 14 2 2 6 1 6 6 9 14 5 6 2 5 1 2 6
split_gain=4.20517 3.21189 4.0571 4.37997 16.2897 3.66735 6.83219 4.02648 5.75786 4.62965 3.86009 3.43956 4.42706 3.3524 5.886 4.75057 3.78588 4.20506 3.56833 3.23204 6.6249 3.0304 5.84687 4.48369 2.85903 3.31916 7.64198 9.95597 6.30621 6.15272
threshold=1.0000000180025095e-35 31.250000000000004 0.18924999982118609 1.0000000180025095e-35 4149.6547851562509 5.5000000000000009 0.43355000019073492 57.350000381469734 5763.5000000000009 0.3445000052452088 0.34870000183582311 4.5000000000000009 0.62395000457763683 0.50000000000000011 0.27504999935626989 5360.7849121093759 6236.8850097656259 0.43074999749660497 0.18675000220537188 0.58684998750686657 0.64265000820159923 4.5000000000000009 0.06515000015497209 34.049999237060554 0.92535001039505016 2934.1250000000005 131.25000000000003 0.1106499992311001 2104.825073242188 0.80914998054504406
decision_type=2 2 2 2 2 2 2 2 2 2 2 2 2 2 2 2 2 2 2 2 2 2 2 2 2 2 2 2 2 2
left_child=21 13 3 4 -3 7 10 8 -4 -9 -7 -5 -13 14 16 19 17 -2 -16 -15 -21 24 23 -23 25 28 29 -28 -1 -27
right_child=1 2 5 11 -6 6 -8 9 -10 -11 -12 12 -14 15 18 -17 -18 -19 -20 20 -22 22 -24 -25 -26 26 27 -29 -30 -31
leaf_value=0.0026689266237510394 0.040620468893172945 -0.006256100179696732 0.0025320136192844081 -0.0077383769398739286 0.12817504839150792 0.018892291989878775 0.087888243747267544 0.05318135987164542 0.027393469451791393 -0.0038266535877491182 -0.039876348058534759 -0.040661032302978323 0.053775593384932256 -0.039840428995751492 0.06635165709852392 0.050325724150350172 -0.047887394280654819 -0.016502679186423362 -0.0098380536089077639 0.077174107009400195 -0.0047735557387508266 -0.070960298030829913 0.06408483492136155 0.020158710842791267 -0.0049679377456586593 5.275146104268354e-05 -0.0017556674104132284 0.062012501456353057 -0.0067676763773215909 0.01139005538935634
leaf_weight=665.68408897332847 3.3543625101447097 10.715880258474497 176.89408043399453 312.0450226245448 2.8535737115889779 18.11955040763133 3.2252751514315596 3.6018594792112699 26.819759726524353 316.75781031884253 3.3035551495850077 1.6782226674258698 4.7635230324231088 5.2092321692034593 3.4717645794153205 4.6419062390923491 9.2762884125113469 81.475809844210744 2.7573098130524158 2.7227809224277761 26.182219188194722 1.8685925607569496 5.5802342402748764 4.8652809578925371 161.82672546617687 361.99385433271527 11.462236538529398 13.135179571807383 241.18755400925875 178.76949435099959
leaf_count=5278 27 157 2024 4005 17 200 23 32 114 3262 25 21 93 52 42 24 39 1048 25 35 320 18 128 79 863 1177 35 56 1167 614
internal_value=-3.63295e-05 -0.00255925 -0.0014442 -0.00580649 0.022014 0.00119562 0.0200439 0.000309143 0.00580513 -0.0031857 0.00982986 -0.00699181 0.0291727 -0.00962016 -0.0144445 0.00286961 -0.0175602 -0.0142439 0.0326262 -0.00358771 0.00294572 0.00152653 0.0262374 -0.00512604 0.00134031 0.00203371 0.00504052 0.0322969 0.00015921 0.00380072
internal_weight=2666.24 1019.87 880.778 332.056 13.5695 548.722 24.6484 524.074 203.714 320.36 21.4231 318.487 6.44175 139.092 100.336 38.7561 94.1065 84.8302 6.22907 34.1142 28.905 1646.37 12.3141 6.73387 1634.06 1472.23 565.361 24.5974 906.872 540.763
internal_count=21000 11585 9973 4293 174 5680 248 5432 2138 3294 225 4119 114 1612 1181 431 1114 1075 67 407 355 9415 225 97 9190 8327 1882 91 6445 1791
is_linear=0
shrinkage=0.05


Tree=82
num_leaves=31
num_cat=0
split_feature=9 6 3 14 5 5 12 5 0 5 5 5 1 6 2 14 12 1 1 2 12 8 12 8 2 9 2 5 1 6
split_gain=4.00976 3.95774 4.23346 3.50661 4.05349 4.2446 3.471 3.36564 3.80288 3.28927 5.15093 4.66631 4.23796 3.64165 3.22673 3.08757 2.95028 5.21698 7.15114 6.82571 3.35727 6.35927 3.90393 2.94766 4.38352 1.48079 1.14701 0.0818253 0.00638714 1.89881e-05
threshold=6.5000000000000009 0.45065000653266912 1.0000000180025095e-35 0.011450000107288362 32.850000381469734 33.250000000000007 16.250000000000004 49.45000076293946 2.5000000000000004 72.049999237060561 61.750000000000007 91.549999237060561 0.26745000481605535 0.40365000069141393 6457.9150390625009 0.099950000643730177 1375.049987792969 0.22344999760389331 0.14414999634027484 3449.265014648438 970.10000610351574 0.1025499999523163 658.75000000000011 0.076949998736381545 816.10000610351574 1.0000000180025095e-35 7332.6101074218759 32.850000381469734 0.41059999167919164 0.5834999978542329
decision_type=2 2 2 2 2 2 2 2 2 2 2 2 2 2 2 2 2 2 2 2 2 2 2 2 2 2 2 2 2 2
left_child=1 9 16 7 6 -6 -5 8 -4 10 14 12 25 -12 15 -1 20 18 -18 -19 22 -22 -3 -13 -25 -11 -9 -2 29 -29
right_child=27 2 3 4 5 -7 -8 26 -10 11 13 23 -14 -15 -16 -17 17 19 -20 -21 21 -23 -24 24 -26 -27 -28 28 -30 -31
leaf_value=-0.0033551482920652284 0.072441964091421993 0.0017530983482090979 -0.0065021616830962864 0.030021796290491551 0.051913752139185171 -0.0010466985348535163 -0.011853726334096565 -0.01925016292577271 0.047866517248946854 -0.061758614546422876 0.024380485908442433 -0.024255376188455781 0.023280879889543415 0.090963575050968901 0.051956284391774556 0.020915832672113971 -0.016683846918574646 -0.0062519023270859514 0.05183618080101933 -0.077988860491443018 -0.013793779017691713 0.020504521464674765 -0.0066249482164335034 -0.026895845435314199 0.034120475518987142 -0.024663418208166806 -0.055020535435722363 0.05145015184293792 0.058014982497823386 0.051039275206756357
leaf_weight=29.419444439932704 0.61816811794415061 1339.663091020193 24.450768813490871 5.1470525097101918 3.8026845380663863 742.9810134889558 128.28337413351983 48.394186744466424 3.7034501582384101 4.3764917403459531 4.8105650991201383 4.4418216124177006 3.6028887201100579 3.5832081381231546 4.4122291952371588 23.626510065048933 13.036817857995635 7.5859140977263433 5.3789680739864698 5.8908841907978058 18.018554400652647 54.065891919657588 155.14852695539594 3.7270661741495159 14.001975569874046 6.9825798403471708 2.3499144166707984 0.33225121023133475 0.39526933338493098 1.8296307318378238
leaf_count=201 38 7556 315 64 39 8404 1509 637 41 23 41 29 26 33 14 186 68 50 36 11 94 317 841 35 96 58 9 27 20 182
internal_value=-3.62134e-05 -0.000103223 -0.000490146 -0.0031164 -0.00221125 -0.00077702 -0.0102384 -0.0132145 0.00064958 0.00950705 0.0162171 -0.00239272 -0.0239689 0.0528041 0.0108723 0.00745507 0.00108534 -0.0139697 0.0033298 -0.0376091 0.00139177 0.0119312 0.00088353 0.0121679 0.0212934 -0.0389557 -0.0209067 0.0561173 0.0521709 0.0511024
internal_weight=2664.06 2660.89 2557.9 959.112 880.214 746.784 133.43 78.8983 28.1542 102.985 65.852 37.1328 14.962 8.39377 57.4582 53.046 1598.79 31.8926 18.4158 13.4768 1566.9 72.0844 1494.81 22.1709 17.729 11.3591 50.7441 3.17532 2.55715 2.16188
internal_count=21000 20733 19991 11018 10016 8443 1573 1002 356 742 475 267 107 74 401 387 8973 165 104 61 8808 411 8397 160 131 81 646 267 229 209
is_linear=0
shrinkage=0.05


Tree=83
num_leaves=31
num_cat=0
split_feature=10 9 3 12 12 7 8 8 12 12 5 8 2 1 11 8 8 1 11 2 8 1 11 12 9 12 11 0 5 5
split_gain=4.13351 4.01739 3.9286 3.15263 5.70577 7.9875 6.58014 3.90119 13.9375 2.7091 5.98802 3.98971 6.40119 3.89718 5.80829 3.23484 7.51387 4.22781 3.58925 4.45625 4.41606 2.99828 2.54675 2.39879 3.65271 3.68226 6.14094 3.03239 2.80869 2.37953
threshold=2.5000000000000004 3.5000000000000004 1.0000000180025095e-35 1091.0000000000002 970.10000610351574 3.5000000000000004 0.29954999685287481 0.60834997892379772 613.45001220703136 19.349999427795414 60.649999618530281 0.066449999809265151 3777.3601074218755 0.096550002694129958 4.5000000000000009 0.2071500048041344 0.20914999395608905 0.082350000739097609 6.5000000000000009 2963.6550292968755 0.15444999933242801 0.070749998092651381 18.500000000000004 729.29998779296886 1.0000000180025095e-35 230.84999847412112 19.500000000000004 1.5000000000000002 45.45000076293946 109.35000228881837
decision_type=2 2 2 2 2 2 2 2 2 2 2 2 2 2 2 2 2 2 2 2 2 2 2 2 2 2 2 2 2 2
left_child=2 23 9 4 7 -6 -7 22 -9 10 13 -12 -13 21 -15 18 -17 -18 20 -20 -11 -1 -4 24 27 28 -27 -2 -26 -5
right_child=1 -3 3 29 5 6 -8 8 -10 15 11 12 -14 14 -16 16 17 -19 19 -21 -22 -23 -24 -25 25 26 -28 -29 -30 -31
leaf_value=0.023012878081023938 -0.018555388565860219 0.051743533266592458 -0.0022345048622965913 -0.01149361688779516 0.0041679904271455688 0.026741659885784932 0.13834529862048059 0.001342145466820674 0.084501597148944757 -0.0028630435998624527 0.032625232351212945 0.0026304233223211197 -0.046727268964970405 -0.025934176063841942 0.027161699627484288 0.067830352648431874 -0.0067234894184277048 0.0038228287509197881 -0.0032441882682965428 0.0064828032223225507 -0.01918661963452881 0.081767445001683051 -0.0089637119166413662 -0.014785180314950061 -0.017103304989289851 0.05692259584259915 -0.015749428067638589 0.020707471927794961 0.020287743738009279 -0.046123971245572076
leaf_weight=4.1690702997148019 13.880108319222929 5.7234244525898239 675.66047371830791 38.111554874107242 12.964156786911191 2.9424638859927645 2.3963674083352089 45.116587787866592 5.6719159595668307 151.30311742052436 6.5124039463698855 25.560866627842188 8.840890020132063 6.5759648308157947 23.764747358858585 4.4151785522699347 109.49036138132215 719.45342046767473 307.37557023949921 190.86218634992838 57.057311084121466 4.5313870534300804 177.5532448310405 9.7865385562181455 7.41445364058018 12.122061053290961 3.8239905014634124 7.6160248257219783 15.567153219133614 5.7026362642645827
leaf_count=23 84 413 7819 433 158 35 23 378 57 882 42 165 23 32 152 33 577 3976 2185 641 277 34 2108 55 49 104 21 53 108 60
internal_value=-3.53035e-05 0.0114628 -0.000372924 -0.00289642 -0.00227389 0.0253645 0.0768356 -0.00283347 0.0106292 0.00113209 0.0101057 -0.00326063 -0.010054 0.0241133 0.0156538 0.000666179 0.00277632 0.00242983 -0.00182252 0.000481974 -0.00733308 0.0536135 -0.00363485 0.00817923 0.0118987 0.021034 0.0394953 -0.00464466 0.00822444 -0.0160009
internal_weight=2661.97 75.9338 2586.03 966.119 922.305 18.303 5.33883 904.002 50.7885 1619.91 79.9553 40.9142 34.4018 39.0412 30.3407 1539.96 833.359 828.944 706.598 498.238 208.36 8.70046 853.214 70.2103 60.4238 38.9277 15.9461 21.4961 22.9816 43.8142
internal_count=21000 887 20113 11071 10578 216 58 10362 435 9042 471 230 188 241 184 8571 4586 4553 3985 2826 1159 57 9927 474 419 282 125 137 157 493
is_linear=0
shrinkage=0.05


Tree=84
num_leaves=31
num_cat=0
split_feature=15 9 10 13 5 16 14 11 2 8 9 1 2 2 2 2 2 7 5 11 1 2 2 14 13 14 9 10 10 8
split_gain=4.01652 3.78892 3.992 3.97164 4.50852 4.84978 4.16733 4.9131 4.5162 3.65167 4.19301 6.17485 5.77191 3.45798 7.19755 4.0142 5.85989 5.37064 3.42764 3.10467 2.20344 4.86129 3.3327 3.11399 2.73467 0.809575 0.00073665 0.000179753 4.2732e-05 3.1738e-05
threshold=0.45000000298023229 3.5000000000000004 2.5000000000000004 0.50000000000000011 12.550000190734865 2.5000000000000004 0.30110000073909765 13.500000000000002 8219.7949218750018 0.7150000035762788 1.0000000180025095e-35 0.26084999740123754 8996.6650390625018 10212.334960937502 7735.0351562500009 5119.9750976562509 4751.7250976562509 2.5000000000000004 106.64999771118165 10.500000000000002 0.11805000156164171 4257.0849609375009 5763.5000000000009 0.056849999353289611 0.2650000005960465 0.04474999941885472 6.5000000000000009 3.5000000000000004 3.5000000000000004 0.11744999885559083
decision_type=2 2 2 2 2 2 2 2 2 2 2 2 2 2 2 2 2 2 2 2 2 2 2 2 2 2 2 2 2 2
left_child=1 3 20 4 5 25 8 -8 -6 10 11 -5 -12 14 15 16 18 -17 -2 -11 21 23 24 -3 -22 -1 27 -4 -28 -29
right_child=13 2 26 9 6 -7 7 -9 -10 19 12 -13 -14 -15 -16 17 -18 -19 -20 -21 22 -23 -24 -25 -26 -27 28 29 -30 -31
leaf_value=-0.03097059187223504 0.004020250055973988 0.033336707802176957 0.052786049901526348 0.0027488187285398184 -0.0032287781913530652 0.0169889082265102 0.017254906870496904 -0.0056106606792800705 0.010412015711545774 0.061785135682348204 -0.00014225381270654527 0.023746021108263109 -0.046073160774869511 -0.037865273599794295 0.056238755945087128 -0.035607688724743507 0.057543729772082365 0.010101427902212967 0.025289905476187077 0.0081008832036463287 -0.008042019864540919 -0.036604480929345817 0.049275374698482977 -0.0068744594064587446 0.014430225659504088 -0.059517319969851115 0.051394720664605792 0.052225320425271393 0.050901611909215966 0.051784866263742062
leaf_weight=4.118498280644415 177.62782637542114 7.6504299752414289 0.94763137493282501 135.24857897311449 1529.6747390339151 3.9376973118633023 57.831744460389018 39.564754628576338 63.184802427887917 4.6843031719326955 406.00615775585175 47.245413068681955 6.9571057558059684 4.3894638419151297 7.1747601032257071 13.12849483639002 5.7372683063149443 12.588016999885438 21.20246352488175 6.3358169943094254 18.88037821277976 8.6594756543636304 5.2970760464668265 12.988986909389494 47.843381784856319 6.2565717976540327 0.58446707157418165 0.62327004736289371 1.7694659414701162 1.1896647308021782
leaf_count=23 1402 63 41 1072 12605 32 428 309 168 35 3144 338 17 7 20 41 27 43 178 38 114 24 17 100 320 48 43 28 206 69
internal_value=-3.46147e-05 -0.000649224 0.00857457 -0.00107402 -0.0023104 -0.0302548 -0.00207377 0.00796637 -0.00268768 0.00240094 0.00187314 0.00818473 -0.000916042 0.00610893 0.0069218 0.00538527 0.00772586 -0.0132335 0.00628836 0.0309204 0.00639897 -0.00516155 0.0111019 0.00803065 0.0080714 -0.0481854 0.0516739 0.052228 0.051024 0.0519363
internal_weight=2659.33 2417.48 106.434 2311.05 1704.57 14.3128 1690.26 97.3965 1592.86 606.477 595.457 182.494 412.963 241.848 237.459 230.284 204.568 25.7165 198.83 11.0201 101.32 29.2989 72.0208 20.6394 66.7238 10.3751 5.1145 2.76057 2.35393 1.81293
internal_count=21000 19282 1025 18257 13613 103 13510 737 12773 4644 4571 1410 3161 1718 1711 1691 1607 84 1580 73 638 187 451 163 434 71 387 138 249 97
is_linear=0
shrinkage=0.05


Tree=85
num_leaves=31
num_cat=0
split_feature=6 15 11 14 14 2 14 13 6 14 5 9 7 6 8 1 2 8 5 9 13 3 8 8 6 6 5 5 5 5
split_gain=3.63001 4.90259 4.58594 6.45088 8.88566 9.26993 6.9137 4.33849 8.84462 4.07616 3.96331 3.97641 4.19582 4.08758 3.83138 6.23389 7.3106 6.36074 5.93361 4.84684 4.87974 4.77379 4.32056 3.82187 3.63486 4.22554 3.52222 2.91639 4.61474 4.21793
threshold=0.45065000653266912 0.10000000335276128 12.500000000000002 0.10235000029206277 0.086950000375509276 7735.0351562500009 0.094350002706050887 0.50000000000000011 0.91365000605583202 0.2718500047922135 159.25000000000003 3.5000000000000004 1.5000000000000002 0.70594999194145214 0.16935000568628314 0.11954999715089799 6236.8850097656259 0.17615000158548358 18.650000572204593 3.5000000000000004 0.2650000005960465 1.0000000180025095e-35 0.45104999840259558 0.17404999583959582 0.46635000407695776 0.69625002145767223 24.94999980926514 72.049999237060561 61.750000000000007 91.549999237060561
decision_type=2 2 2 2 2 2 2 2 2 2 2 2 2 2 2 2 2 2 2 2 2 2 2 2 2 2 2 2 2 2
left_child=27 14 3 4 5 -3 -6 9 -9 -5 11 12 -4 -13 19 16 21 23 -19 24 -21 -16 -18 -17 -2 -26 -22 28 -1 -29
right_child=1 2 10 7 6 -7 -8 8 -10 -11 -12 13 -14 -15 15 17 22 18 -20 20 26 -23 -24 -25 25 -27 -28 29 -30 -31
leaf_value=0.010410686267974544 -0.041378026973633249 0.0021097125336972853 0.0067205704869615626 0.0046624812283422084 -0.048872488642189529 0.050477254396112795 8.4192805347131996e-05 0.034209009000888198 -0.022612133817420679 0.027597424284250424 -0.042536339577237847 -0.0050984771202644058 -0.0054304319223970055 0.045193427386456007 0.00096013683772892995 0.02037280618110919 -0.015748766843078434 -0.020755595458890261 0.002559800389229509 -0.021541137592833499 -0.033208996462635379 -0.012096485967141539 -0.056562857537277092 0.078795711121015716 0.0012042173948458117 -0.0081198028454381836 0.033309148666613872 -0.02272319480924188 0.050010919694912948 0.011750245992230943
leaf_weight=57.468751831445843 7.14483678061515 210.14249603217468 101.00487077608705 114.54765416495502 14.856740301009269 10.396316386759279 14.013919768389313 44.358106269035488 8.0989799723029119 23.316370002925396 5.7428465522825709 7.1430807267315712 239.51590911112726 9.301202626898883 202.58619768777862 12.590138011612 18.567683354020122 28.345291325356811 731.66318265488371 6.9268725523725179 2.2134570186026421 106.97335190442391 9.9638651162385923 3.59964920207858 168.89186809398234 433.13373630587012 19.722645133500919 14.809886333066968 8.4368839357048255 22.134166825562716
leaf_count=405 49 1706 789 864 96 29 114 340 44 174 40 54 1805 101 1192 104 62 189 5589 69 18 1429 20 35 1477 3645 216 110 74 161
internal_value=-3.35351e-05 -0.000404305 0.00283244 0.00626536 0.00097515 0.00438978 -0.0251087 0.013198 0.0254363 0.00854137 -0.00132947 -0.000666536 -0.00182622 0.0233476 -0.0018865 -0.000117359 -0.00578393 0.00235084 0.00169023 -0.00497622 0.0150444 -0.00355179 -0.030002 0.0333626 -0.00592481 -0.00550405 0.0265972 0.0091763 0.0154801 -0.00206924
internal_weight=2657.61 2554.76 802.438 439.731 249.409 220.539 28.8707 190.321 52.4571 137.864 362.708 356.965 340.521 16.4443 1752.32 1114.29 338.091 776.198 760.008 638.033 28.863 309.56 28.5315 16.1898 609.17 602.026 21.9361 102.85 65.9056 36.9441
internal_count=21000 20250 6156 3367 1945 1735 210 1422 384 1038 2789 2749 2594 155 14094 8620 2703 5917 5778 5474 303 2621 82 139 5171 5122 234 750 479 271
is_linear=0
shrinkage=0.05


Tree=86
num_leaves=31
num_cat=0
split_feature=10 7 2 1 1 5 7 1 2 2 2 1 14 14 14 2 6 11 6 2 12 14 5 10 6 5 5 5 12 8
split_gain=3.67451 3.78392 6.16955 3.82984 3.92057 5.23855 8.81693 3.68284 16.755 6.69506 4.90443 4.71651 3.38986 3.31547 7.17984 5.2855 2.30415 3.0352 2.93821 2.52615 2.14196 3.48026 3.40031 3.50337 3.08718 2.94456 2.52163 1.97108 1.68946 1.6123
threshold=2.5000000000000004 1.0000000180025095e-35 8996.6650390625018 0.32619999349117285 0.30014999210834509 83.149997711181655 1.5000000000000002 0.36615000665187841 4149.6547851562509 10212.334960937502 3837.3200683593755 0.37064999341964727 0.19315000623464587 0.14434999972581866 0.13444999605417254 10212.334960937502 0.96424999833107006 1.5000000000000002 0.72664999961853038 5763.5000000000009 729.29998779296886 0.29264999926090246 32.049999237060554 3.5000000000000004 0.65684998035430919 83.649997711181655 46.149999618530281 66.649997711181655 168.25000000000003 0.16305000334978106
decision_type=2 2 2 2 2 2 2 2 2 2 2 2 2 2 2 2 2 2 2 2 2 2 2 2 2 2 2 2 2 2
left_child=1 2 16 4 13 12 -7 8 10 11 -5 -9 -6 14 -3 -15 17 18 -1 -19 21 22 24 25 -2 -24 -22 -28 -25 -26
right_child=20 3 -4 7 5 6 -8 9 -10 -11 -12 -13 -14 15 -16 -17 -18 19 -20 -21 26 -23 23 28 29 -27 27 -29 -30 -31
leaf_value=0.038259718009005961 0.03657405732828755 -0.0009457573389633476 0.063460035285950789 0.0090817788773430112 -0.02620753325248238 0.08794542436735231 -0.0067244866427508048 -0.03280465225875865 0.078545541387962811 -0.04381403294409595 -0.051475986455386639 0.0044341212269604999 0.0077647069571915505 0.0035717125887775574 -0.019681007677960601 -0.031096311896646189 0.03488819212787396 -0.0092519138723271051 -0.0060134205949360798 -0.031640756922244655 0.023467167816600493 0.063377511840001399 0.020762825277422601 0.026372304978542607 -0.054552451430309713 -0.0064105578160284157 -0.052727089305781599 0.001754108303535647 0.070993504942349628 -0.0084298882986362286
leaf_weight=6.3181099705398074 2.2054828638210875 1283.5862514786422 3.0365032851696006 50.255807802081108 42.209605440497398 3.1376844160258761 11.377502804622052 8.7148082051426154 9.0604567229747754 7.6265281438827506 3.5816857144236556 349.78282440640032 8.8894389625638706 552.0270934952423 53.258878176100552 11.217733114957808 3.0231461040675631 150.39593314006925 9.2107233647257072 13.750950865447519 3.6017327727749926 3.4137665261514476 27.162307060789317 4.9014605833217484 3.6530829798430204 15.75040043890476 3.7159774210304022 3.0008126944303513 3.7399256839416921 3.936610771343112
leaf_count=54 26 10291 11 463 280 27 98 62 42 13 13 2473 71 4206 417 26 35 1391 88 52 35 43 237 133 30 121 25 34 157 46
internal_value=-3.32358e-05 -0.000350493 -0.0072255 0.000182734 -0.000751408 -0.0127678 0.0137399 0.00446281 0.0156396 0.0025427 0.00505301 0.00352887 -0.0202976 -0.000336456 -0.00169216 0.00288126 -0.00840031 -0.00912867 0.0119997 -0.0111275 0.0108705 0.0142415 0.0115073 0.0166383 -0.0154981 0.0107893 -0.010287 -0.0283869 0.045684 -0.0306297
internal_weight=2655.54 2580.46 185.735 2394.73 1965.7 65.6142 14.5152 429.022 62.898 366.124 53.8375 358.498 51.099 1900.09 1336.85 563.245 182.699 179.676 15.5288 164.147 75.0816 64.763 61.3493 51.5541 9.79518 42.9127 10.3185 6.71679 8.64139 7.58969
internal_count=21000 20113 1631 18482 15416 476 125 3066 518 2548 476 2535 351 14940 10708 4232 1620 1585 142 1443 887 793 750 648 102 358 94 59 290 76
is_linear=0
shrinkage=0.05


Tree=87
num_leaves=31
num_cat=0
split_feature=13 1 1 2 2 13 1 14 10 2 12 3 9 7 1 14 12 2 12 6 9 7 6 12 6 13 6 12 10 6
split_gain=3.38647 4.12585 3.87205 5.53995 15.6614 6.24314 5.44015 3.78782 4.43867 4.61987 4.1975 3.75153 4.65212 4.93816 5.96471 4.52095 3.68853 4.51937 9.04913 12.8844 6.99042 9.75027 6.15832 3.45891 3.27137 6.42986 4.78653 3.01038 6.50226 4.0136
threshold=0.2650000005960465 0.12384999915957452 0.45945000648498541 6457.9150390625009 3584.299926757813 0.50000000000000011 0.45565000176429754 0.11935000121593477 2.5000000000000004 8219.7949218750018 489.44999694824224 1.0000000180025095e-35 1.5000000000000002 1.5000000000000002 0.069150000810623183 0.06515000015497209 1268.299987792969 2879.2399902343755 894.55001831054699 0.80234998464584362 1.0000000180025095e-35 2.5000000000000004 0.53834998607635509 191.09999847412112 0.9670500159263612 0.50000000000000011 0.95974999666214 139.75000000000003 1.5000000000000002 0.72495001554489147
decision_type=2 2 2 2 2 2 2 2 2 2 2 2 2 2 2 2 2 2 2 2 2 2 2 2 2 2 2 2 2 2
left_child=1 11 6 4 27 23 7 24 9 -9 -10 12 13 14 -1 -15 17 18 -3 -20 21 -19 -22 -6 26 -26 -2 29 -29 -4
right_child=2 16 3 -5 5 -7 -8 8 10 -11 -12 -13 -14 15 -16 -17 -18 20 19 -21 22 -23 -24 -25 25 -27 -28 28 -30 -31
leaf_value=-0.023195272631115968 -0.00098917225922167166 -0.0058112852025019313 0.023898816854459642 -0.023743037084183842 0.053442694905742043 0.021718432829179263 -0.0373135822327312 0.0022273008742666905 0.042543886707072938 0.026347842212848221 -0.011144956861538671 -0.018212413947576583 -0.017316049676184133 -0.018749367233364657 0.033182731102516509 0.0070412015644854085 -0.028151648564260369 0.0039794047087235362 0.090110014857287077 -0.014768283604640838 0.033245864974678865 0.049002270067925457 -0.0040705660037693107 0.10913950812837557 -0.0013843684029174977 0.05532124301874787 -0.027707987955688487 0.0032626461554059031 0.060471247070869642 -0.025135522853657246
leaf_weight=6.0715523548424271 1171.5901030402165 244.00736409612 5.6739590410143164 10.355865120887755 6.2352151349186897 8.5654433444142342 9.4715356305241567 657.7297842213884 13.332119843456896 20.469437435269356 5.0080247772857538 71.64249759237282 45.403370457235724 31.848444517701864 20.639997452497482 36.427151694893837 11.631877704523502 29.144672030583024 6.0280875097960216 5.6950376136228442 12.423811155371366 20.471881080418825 100.42978461179882 5.0412851795554161 14.631516756024213 7.5935063641518346 17.005315506830812 38.337713554501534 5.7061108287889502 15.778344913851468
leaf_count=34 9400 2422 54 25 29 36 52 5071 174 59 53 971 275 179 127 235 80 133 71 57 63 105 475 29 130 65 99 318 65 114
internal_value=-3.23415e-05 -0.00319469 0.000976244 0.0107919 0.0149828 0.0538989 0.000486217 0.000673923 0.00361167 0.00295531 0.0278834 -0.00890228 -0.00415124 0.00214148 0.020368 -0.0049893 -0.000379186 0.00039328 -0.00374969 0.0391606 0.00691439 0.0225559 3.75201e-05 0.0783426 -0.00101606 0.0179899 -0.00137144 0.0031932 0.0106743 -0.0121663
internal_weight=2654.39 641.866 2012.53 95.6939 85.3381 19.8419 1916.83 1907.36 696.539 678.199 18.3401 212.033 140.391 94.9871 26.7115 68.2756 429.833 418.201 255.73 11.7231 162.47 49.6166 112.854 11.2765 1210.82 22.225 1188.6 65.4961 44.0438 21.4523
internal_count=21000 5227 15773 670 645 94 15103 15051 5357 5130 227 1821 850 575 161 414 3406 3326 2550 128 776 238 538 58 9694 195 9499 551 383 168
is_linear=0
shrinkage=0.05


Tree=88
num_leaves=31
num_cat=0
split_feature=15 8 1 11 1 5 6 6 12 6 14 14 5 16 3 11 14 5 9 12 1 13 8 14 8 6 13 1 8 8
split_gain=3.45739 3.57283 4.8007 5.70232 6.92663 5.30001 4.85717 4.23134 5.98375 4.99711 4.90445 4.68506 3.53568 3.53414 3.48855 3.98773 9.6666 7.47834 3.49952 3.40679 3.27239 4.8168 3.17615 3.07319 2.83611 2.80688 3.3402 3.91637 3.1349 7.9803
threshold=0.45000000298023229 0.36595000326633459 0.3960500061511994 6.5000000000000009 0.42424999177455908 42.549999237060554 0.89195001125335704 0.6521500051021577 588.54998779296886 0.94615000486373912 0.012550000101327898 0.030749999918043617 34.850000381469734 3.5000000000000004 1.0000000180025095e-35 1.0000000180025095e-35 0.028250000439584259 101.54999923706056 3.5000000000000004 800.64999389648449 0.11805000156164171 0.2650000005960465 0.36024999618530279 0.3887500017881394 0.53154999017715465 0.52684998512268078 0.2650000005960465 0.15345000475645068 0.53154999017715465 0.42325000464916235
decision_type=2 2 2 2 2 2 2 2 2 2 2 2 2 2 2 2 2 2 2 2 2 2 2 2 2 2 2 2 2 2
left_child=1 14 7 4 -4 -6 13 8 10 12 -3 -10 -9 -5 18 16 -16 -18 -1 -11 21 -17 -22 25 -8 26 -2 -28 29 -27
right_child=23 2 3 6 5 -7 24 9 11 19 -12 -13 -14 -15 15 20 17 -19 -20 -21 22 -23 -24 -25 -26 28 27 -29 -30 -31
leaf_value=-0.00063624723169239665 -0.011083657835110242 0.023668239746895602 0.083801228122913018 0.0078428375223287394 -0.027725508945571915 0.037666678120934903 -0.040383264919300201 0.014761651348050159 -0.032819292917891998 -0.0085903632466453033 -0.013949306258828573 0.025147733358804405 0.002748826554029788 0.048473191456235423 -0.049260449145663632 -0.028097554225606076 0.017905647154789501 0.10651867482715885 0.015484520711027825 -0.053848061665953323 -0.0029719258981649073 -0.0070186401421049012 -0.038781827016800746 0.052867683819908751 0.0086834901372598462 0.0060418272242695513 0.01478970011419041 0.075768333602125662 0.023097057011907927 -0.021121933276167421
leaf_weight=1082.1638092007488 4.3599481694400302 9.3942425595596415 5.6689685713499811 34.59936353797093 4.3318047169595948 10.884242295753209 7.6678836680948717 74.451340781990439 4.1688182838261154 29.260654190089554 111.56086739874445 21.272857604548335 345.50247688964009 6.3314866144210091 4.7296469379216459 35.537286473670974 17.007859494071457 2.7685168497264376 34.745789188425988 4.8469396941363803 438.98209519335069 114.17992043681443 6.2806425448507062 3.3998820167034856 4.7814420200884342 172.50622438173741 6.1753145158290845 4.5904255607165396 18.842932923696935 32.063966764137149
leaf_count=6101 41 74 53 253 25 85 43 580 31 206 759 161 2530 48 64 577 214 37 324 21 5290 1705 65 30 36 1261 52 42 124 168
internal_value=-3.22701e-05 -0.000604031 0.00248362 0.0144761 0.0366262 0.0190504 0.00580983 0.00100038 -0.00639157 0.00338367 -0.0110277 0.0156494 0.00487852 0.0141278 -0.00180382 -0.00481309 0.0149535 0.0303107 -0.000134748 -0.0150218 -0.00562724 -0.012022 -0.00347704 0.0056658 -0.0215381 0.00499303 0.0258379 0.0407905 0.00358178 0.00178423
internal_weight=2653.06 2411.12 674.723 74.2652 20.885 15.216 53.3802 600.458 146.397 454.061 120.955 25.4417 419.954 40.9309 1736.4 619.486 24.506 19.7764 1116.91 34.1076 594.98 149.717 445.263 241.939 12.4493 238.539 15.1257 10.7657 223.413 204.57
internal_count=21000 19282 4905 543 163 110 380 4362 1025 3337 833 192 3110 301 14377 7952 315 251 6425 227 7637 2282 5355 1718 79 1688 135 94 1553 1429
is_linear=0
shrinkage=0.05


Tree=89
num_leaves=31
num_cat=0
split_feature=6 15 5 2 5 11 12 2 11 8 5 5 2 11 14 11 10 6 9 6 5 5 5 6 2 14 2 16 8 2
split_gain=3.22412 4.3105 4.30195 3.78883 8.16168 7.7296 4.14062 9.86405 7.50787 3.30365 6.35631 7.43842 10.027 4.80615 5.62472 3.80869 3.75449 3.77412 3.10911 2.98133 2.68558 4.23335 3.5184 3.24958 2.85842 2.70109 6.74762 4.4537 2.68322 3.91882
threshold=0.45065000653266912 0.10000000335276128 164.34999847412112 7735.0351562500009 47.049999237060554 12.500000000000002 228.44999694824222 5239.1000976562509 20.500000000000004 0.3189499974250794 24.550000190734867 34.850000381469734 5017.0549316406259 7.5000000000000009 0.034150000661611564 1.0000000180025095e-35 3.5000000000000004 0.47425000369548803 1.0000000180025095e-35 0.8753499984741212 73.250000000000014 91.549999237060561 61.750000000000007 0.41915000975131994 6457.9150390625009 0.085149999707937254 4257.0849609375009 3.5000000000000004 0.076949998736381545 816.10000610351574
decision_type=2 2 2 2 2 2 2 2 2 2 2 2 2 2 2 2 2 2 2 2 2 2 2 2 2 2 2 2 2 2
left_child=20 9 3 6 -5 -6 7 -3 -8 16 13 12 -12 14 -11 -13 17 -2 -15 -19 22 -22 24 -24 25 26 -1 -27 -23 -30
right_child=1 2 -4 4 5 -7 8 -9 -10 10 11 15 -14 18 -16 -17 -18 19 -20 -21 21 28 23 -25 -26 27 -28 -29 29 -31
leaf_value=0.0070777448569522882 -0.027370635441609316 0.0014248001940101375 -0.031232467266591808 -0.011711469070614103 0.062487934027240712 0.0064053026989819399 0.0084998373279043787 -0.02419983407241413 -0.012640495967843904 0.066344554465732258 0.0090574084242303638 -0.019334428911704983 0.058791107648084734 -0.0041571339085652919 -0.0096042468120160866 0.0014486883010294965 0.034955088300578536 -0.0018287788892529721 -0.038013412652876194 -0.0079977099444755225 -0.024461627236745706 -0.023935590154554386 0.021047235148268593 0.081882053209605843 0.048640058213840764 0.0089657459828907521 -0.059295545112592787 0.064725792968890236 -0.026078191154669778 0.031736039004752463
leaf_weight=21.207367463037375 16.456044191494584 324.57982352259569 9.258175974711774 14.359370425343512 12.87114477157593 11.754825711250303 338.36797521705739 42.470139656215906 47.950054601766169 3.1639373283833256 55.763945415150374 23.101637663319707 12.385707587003706 9.8213101904839295 10.62210628017783 481.58707812288776 6.3494468762073657 851.26013149460778 21.905672002583742 254.3795431535691 13.536545015405862 4.3986945301294353 6.2081696577370149 3.3959007244557142 4.3899544030427924 22.985438524745408 4.6728934645652762 4.2419791207648805 3.7030232669785645 14.060180827975271
leaf_count=162 128 2712 75 35 36 32 2759 142 365 29 492 163 47 71 81 3538 191 7103 143 2108 100 29 53 31 14 178 12 39 36 96
internal_value=-3.20632e-05 -0.000382263 0.00265329 0.00304923 0.0182483 0.0357178 0.00226271 -0.00154014 0.00587588 -0.00177529 0.00116214 0.00259106 0.0180961 -0.0168226 0.00782623 0.000497361 -0.00338491 -0.00360186 -0.027533 -0.00324809 0.00864937 -0.0024305 0.0145439 0.0425578 0.00986464 0.00665941 -0.0049065 0.0176531 0.0110262 0.0196837
internal_weight=2651.21 2548.41 801.612 792.353 38.9853 24.626 753.368 367.05 386.318 1746.8 618.351 572.838 68.1497 45.513 13.786 504.689 1128.45 1122.1 31.727 1105.64 102.8 35.6984 67.1017 9.60407 57.4976 53.1077 25.8803 27.2274 22.1619 17.7632
internal_count=21000 20250 6156 6081 103 68 5978 2854 3124 14094 4564 4240 539 324 110 3701 9530 9339 214 9211 750 261 489 84 405 391 174 217 161 132
is_linear=0
shrinkage=0.05


Tree=90
num_leaves=31
num_cat=0
split_feature=3 5 12 12 8 12 12 2 1 6 2 2 11 14 2 14 2 10 11 1 1 6 2 1 8 8 2 14 1 1
split_gain=3.23243 2.55412 4.4226 4.13547 3.33001 3.70389 3.37807 8.13353 5.15384 5.142 4.51067 3.26257 10.891 3.15206 2.44971 2.34247 2.28985 3.49852 6.10032 2.58496 2.47486 3.10379 3.0278 2.27074 4.15811 7.69554 5.60444 3.8387 3.46369 3.19422
threshold=1.0000000180025095e-35 31.250000000000004 16.250000000000004 7.0499999523162851 0.18924999982118609 764.30001831054699 597.14999389648449 7735.0351562500009 0.23605000227689746 0.3445000052452088 10212.334960937502 2420.9299316406255 1.0000000180025095e-35 0.37730000913143164 4677.7900390625009 0.037750000134110458 2604.184936523438 1.5000000000000002 12.500000000000002 0.44274999201297766 0.17574999481439593 0.78485000133514415 2352.4550781250005 0.46375000476837164 0.19974999874830249 0.17085000127553943 1322.3900146484377 0.16104999929666522 0.48555000126361852 0.50634998083114635
decision_type=2 2 2 2 2 2 2 2 2 2 2 2 2 2 2 2 2 2 2 2 2 2 2 2 2 2 2 2 2 2
left_child=23 2 3 -2 5 11 9 8 -8 -6 -11 13 -13 -3 15 -7 20 19 -19 -18 22 -22 -4 -1 25 26 -25 29 -28 -26
right_child=1 4 16 -5 6 14 7 -9 -10 10 -12 12 -14 -15 -16 -17 17 18 -20 -21 21 -23 -24 24 27 -27 28 -29 -30 -31
leaf_value=0.00099934046639049679 -0.0074365862704634609 -0.010018376785463419 -0.016530115113732129 0.0838532682923748 0.05214560021006142 -0.041224878514223393 -0.001990576443743335 0.077239918576581884 0.022931795117453687 -0.00063139868233171405 -0.042771015435293665 0.071626998493888538 -0.00081870064385668878 0.031416422716977692 -0.052741237348861283 -0.0073765389820593637 -0.025648939904511916 0.04615552372646721 -0.038148850316961802 0.013966693964154423 0.021304945807822367 -0.01050751122678358 0.037571710583197027 -0.022095930752792255 0.029610407534225724 -0.054287168945364783 0.0056633208234998459 0.070025490844272772 0.059514729981404335 -0.010319592620241683
leaf_weight=1588.297579436563 2.5093001350760451 142.85351950279437 35.666807855013758 2.4535883404314518 4.5564217744395128 6.6567713571712401 60.943932067137212 4.249383144080638 31.448323685210198 438.6777252824977 6.4436636026948682 5.3874025456607333 140.0122026023455 4.7422818895429364 5.1327419113367787 22.017506714444607 48.331036180257797 5.2430668007582408 3.6324691893532872 4.50125628709793 16.379915663972501 14.414403576869516 2.7882539927959433 7.4839213015511694 16.172962491866208 5.6890919338911763 5.8641065964475256 4.0387301724404088 6.0838103741407394 7.2553159706294528
leaf_count=9068 26 2557 618 36 42 115 685 14 306 4615 18 39 1170 68 35 309 352 38 25 23 245 213 36 60 117 24 32 39 33 42
internal_value=-3.16194e-05 -0.00225853 -0.00863428 0.0376959 -0.001266 -0.00525842 0.00112222 0.00960326 0.00649246 -0.000700469 -0.00124142 -0.00345029 0.00186559 -0.00868707 -0.0209289 -0.0152345 -0.0103901 -0.0173941 0.0116525 -0.0222737 -0.00414882 0.00641397 -0.0126074 0.00133779 0.0115598 -0.00314169 0.0118323 0.0250056 0.0330841 0.0172448
internal_weight=2649.93 1009.04 135.92 4.96289 873.122 326.802 546.319 96.6416 92.3923 449.678 445.121 292.995 145.4 147.596 33.807 28.6743 130.957 61.7078 8.87554 52.8323 69.2494 30.7943 38.4551 1640.89 52.5879 25.1209 19.4318 27.467 11.9479 23.4283
internal_count=21000 11585 1612 62 9973 4293 5680 1005 991 4675 4633 3834 1209 2625 459 424 1550 438 63 375 1112 458 654 9415 347 149 125 198 65 159
is_linear=0
shrinkage=0.05


Tree=91
num_leaves=31
num_cat=0
split_feature=10 9 7 2 13 12 8 1 11 6 1 1 2 6 2 11 6 6 11 9 2 12 12 2 2 12 3 6 9 10
split_gain=3.09297 3.6566 3.34761 5.44099 3.00778 5.24651 3.58125 3.33743 4.99284 5.08993 3.6924 3.48606 3.74633 3.29976 3.16325 3.01675 2.90325 2.10263 2.69532 2.72733 2.40808 1.91495 3.37955 4.91583 2.81886 2.28444 2.33671 2.06378 0.000584183 0.000185221
threshold=2.5000000000000004 3.5000000000000004 1.0000000180025095e-35 8996.6650390625018 0.2650000005960465 1223.549987792969 0.011850000359117987 0.32619999349117285 18.500000000000004 0.90715000033378612 0.41059999167919164 0.30314999818801885 6236.8850097656259 0.80364999175071727 3369.894897460938 9.5000000000000018 0.9770999848842622 0.96424999833107006 1.5000000000000002 1.0000000180025095e-35 5763.5000000000009 729.29998779296886 208.15000152587893 6457.9150390625009 732.08001708984386 174.55000305175784 1.0000000180025095e-35 0.77494999766349804 6.5000000000000009 3.5000000000000004
decision_type=2 2 2 2 2 2 2 2 2 2 2 2 2 2 2 2 2 2 2 2 2 2 2 2 2 2 2 2 2 2
left_child=2 21 3 17 5 6 -4 11 10 -10 -9 16 -13 -8 15 -7 -6 18 19 -1 -20 22 25 24 -24 26 -2 -23 29 -3
right_child=1 28 4 -5 7 14 13 8 9 -11 -12 12 -14 -15 -16 -17 -18 -19 20 -21 -22 27 23 -25 -26 -27 -28 -29 -30 -31
leaf_value=0.04094810929336154 0.025557848126468715 0.052594794806341355 0.040597835519162184 0.058988311250707838 0.00036091701170851229 0.025824711842653204 0.00072324277675884423 0.016347151867315276 1.8983606266052119e-05 -0.035834072566301903 0.0041097094105976093 -0.018862328446101067 0.036242924795240383 -0.0070759639337204363 -0.056981198935407977 -0.033991223128342865 0.023682558988501648 0.033168008549532925 -0.0087223554823556617 -0.0034725256582944872 -0.030801283334040037 0.013640628155070623 -0.0046043848204140609 -0.032310539500787952 0.040903034251613547 -0.025408477029900341 -0.0048399361664341368 -0.033112805629892737 0.050932984420336981 0.051721586163038347
leaf_weight=5.1577574349939814 10.159771569073202 0.92734781652688925 4.8548417268320909 3.0885788947343817 1429.3339126305655 3.3410141095519048 324.88784748781472 102.27354601025581 58.267180075868964 11.925182631239293 155.15036992169917 37.168051641434431 3.3634343594312659 232.79622410330921 6.8323721364140502 5.7109887655824423 13.47040290571749 3.0583210568875066 148.98014882858843 10.469768980517982 13.465927731245754 4.0586343370378 4.1792724151164355 3.3692694306373587 18.31788519769907 7.0081714801490298 16.736909277737141 5.6408343128859997 2.2660165852867067 1.7595753902569411
leaf_count=43 93 43 44 11 11141 39 2598 778 413 74 1063 282 11 1846 25 52 116 35 1391 99 52 23 47 9 143 35 92 32 264 106
internal_value=-3.15686e-05 0.0100172 -0.00032216 -0.00681658 0.000178558 -0.00296037 -0.00216019 0.00118114 0.00574844 -0.0060722 0.0089716 0.000172388 -0.0142895 -0.00253241 -0.0312987 -0.0119137 0.000578654 -0.00793865 -0.00864464 0.0111882 -0.0105526 0.00705792 0.010402 0.0240138 0.0324492 1.73828e-05 0.00664232 -0.0135494 0.0515243 0.052023
internal_weight=2648.02 74.4237 2573.6 184.221 2389.38 578.423 562.539 1810.95 327.616 70.1924 257.424 1483.34 40.5315 557.684 15.8844 9.052 1442.8 181.132 178.074 15.6275 162.446 69.4707 59.7713 25.8664 22.4972 33.9049 26.8967 9.69947 4.95294 2.68692
internal_count=21000 887 20113 1631 18482 4604 4488 13878 2328 487 1841 11550 293 4444 116 91 11257 1620 1585 142 1443 474 419 199 190 220 185 55 413 149
is_linear=0
shrinkage=0.05


Tree=92
num_leaves=31
num_cat=0
split_feature=9 10 3 14 5 5 2 12 12 14 12 7 5 12 1 8 2 16 2 2 0 1 14 14 12 9 2 2 2 1
split_gain=3.03487 3.72621 3.11925 2.38803 6.75024 8.17498 12.7316 4.66288 5.97734 3.99602 3.75885 6.52774 4.3093 3.82855 6.39085 3.26904 2.53057 2.32831 3.36335 6.8982 3.32825 2.98285 4.2924 3.74304 2.31125 3.45185 2.60631 8.06652 6.83343 5.88778
threshold=3.5000000000000004 2.5000000000000004 1.0000000180025095e-35 0.19135000556707385 88.149997711181655 98.149997711181655 4201.7800292968759 1064.600036621094 369.55000305175787 0.23795000463724139 68.750000000000014 2.5000000000000004 111.25000000000001 83.549999237060561 0.16755000501871112 0.38085000216960913 1684.0750122070315 1.5000000000000002 4842.0000000000009 3680.8850097656255 1.5000000000000002 0.21564999967813495 0.05894999951124192 0.17164999991655353 1450.799987792969 1.5000000000000002 2934.1250000000005 2991.984985351563 2963.6550292968755 0.085349999368190779
decision_type=2 2 2 2 2 2 2 2 2 2 2 2 2 2 2 2 2 2 2 2 2 2 2 2 2 2 2 2 2 2
left_child=2 17 24 10 7 6 -6 8 -5 -7 11 16 -13 14 -12 -15 -4 21 19 20 -19 -2 -23 -24 26 -26 -1 28 -28 -29
right_child=1 -3 3 4 5 9 -8 -9 -10 -11 13 12 -14 15 -16 -17 -18 18 -20 -21 -22 22 23 -25 25 -27 27 29 -30 -31
leaf_value=-0.00041322962906578512 0.0047103453342650977 0.051448207212743562 -0.0089077542591134446 -0.0075678263502190982 0.030121903581011557 0.030786210012886134 0.16411294478798322 -0.042276863033870932 0.014402890108419539 -0.0058407598304498643 -0.010838120601211462 0.005723499979478801 -0.036848683336040793 -0.0054470884304817589 0.042973725200916711 0.002726957697846455 -0.028187735740285026 0.0095707427876339998 -0.027862830772905051 0.054865739955728243 -0.018386751749079146 0.062062179552569735 -0.010484318391797373 0.047247925583430085 -0.024248433341064732 0.019091288194027285 0.013330107427774364 0.015722992933797711 0.086961347722346996 0.00097027011312243467
leaf_weight=958.25969450175762 31.98090479709208 4.7181723238900295 26.289703316986561 100.92934647761285 9.2597331106662732 11.346826830878852 2.1926526278257361 7.1173615287989369 44.653059693053365 21.665245765820146 10.265175888314845 52.222064224071801 6.7077299132943144 419.92753944639117 11.929671038873492 172.58822044730186 48.265952344983816 24.943196646869183 9.5368638187646848 5.9909518361091605 18.571273585781455 6.6557867005467442 7.2506293021142465 4.5816282443702221 19.408265952020887 6.0191427171230307 7.9610683396458608 77.918537184596062 5.2152903079986572 512.25201010704041
leaf_count=6800 203 413 491 983 118 112 15 63 461 198 136 636 76 5514 125 1628 406 191 27 29 119 45 43 35 97 38 37 268 32 1661
internal_value=-3.06414e-05 0.00794142 -0.000390239 -0.00266389 0.00223147 0.0193761 0.0557756 -0.00276086 -0.000828965 0.00674857 -0.00395391 -0.0115591 0.000877688 -0.00230244 0.0180856 -0.00306615 -0.0213893 0.00606697 -0.000673526 0.0045643 -0.00236106 0.0139525 0.0299397 0.0118705 0.000964124 -0.0139891 0.00120761 0.00378188 0.0424738 0.00291803
internal_weight=2646.62 114.229 2532.39 945.36 197.164 44.4645 11.4524 152.7 145.582 33.0121 748.196 133.485 58.9298 614.711 22.1948 592.516 74.5557 109.511 59.0423 49.5054 43.5145 50.4689 18.488 11.8323 1587.03 25.4274 1561.61 603.347 13.1764 590.171
internal_count=21000 1105 19895 10962 1950 443 133 1507 1444 310 9012 1609 712 7403 261 7142 897 692 366 339 310 326 123 78 8933 135 8798 1998 69 1929
is_linear=0
shrinkage=0.05


Tree=93
num_leaves=31
num_cat=0
split_feature=15 13 5 12 14 2 1 12 1 2 2 2 6 2 6 2 1 12 1 2 14 2 5 1 7 7 12 12 6 1
split_gain=3.00692 3.0489 3.57328 5.27011 3.70184 3.70776 8.484 3.65982 3.33879 4.33356 3.00095 6.10988 4.67904 3.10826 10.5907 5.28615 2.97339 4.51668 3.27056 4.6157 5.28428 4.25736 8.47233 4.33601 3.07484 2.84821 4.76189 4.60012 2.33277 1.21652
threshold=0.45000000298023229 0.50000000000000011 12.550000190734865 117.95000076293947 0.30110000073909765 8219.7949218750018 0.099849998950958266 1375.049987792969 0.43064999580383306 2034.3699951171877 10212.334960937502 7735.0351562500009 0.40365000069141393 5119.9750976562509 0.78485000133514415 4751.7250976562509 0.05295000039041043 517.25000000000011 0.10594999790191652 5119.9750976562509 0.072350002825260176 3296.805053710938 36.850000381469734 0.11145000159740449 1.5000000000000002 2.5000000000000004 180.84999847412112 222.84999847412112 0.7666500210762025 0.26745000481605535
decision_type=2 2 2 2 2 2 2 2 2 2 2 2 2 2 2 2 2 2 2 2 2 2 2 2 2 2 2 2 2 2
left_child=1 2 3 -1 5 7 -7 -4 9 -6 11 12 -2 15 -15 -14 17 25 19 24 -21 23 -23 -20 -18 26 -3 -27 -10 -5
right_child=10 16 4 29 8 6 -8 -9 28 -11 -12 -13 13 14 -16 -17 18 -19 21 20 -22 22 -24 -25 -26 27 -28 -29 -30 -31
leaf_value=0.040711992677154155 0.067983487794073455 0.10332224712103144 -0.0021327899970200472 -0.050198041222709169 0.018082341419859402 -0.029281715432255842 0.018416393252138018 -0.02002840708018469 0.0079778227349624631 -0.0038561120906664189 -0.03604542956241219 0.051434459635049293 0.004498049009500865 -0.038367332767250122 0.028036624721103815 0.05300388226273757 -0.022985291487072654 -0.019028672457252656 0.038832360202034351 -0.011049797146493751 0.043224209740816137 0.018733228173356386 -0.0083315490187792704 0.0060231000238769872 -0.0040637925461209645 -0.025260857200216161 0.019090264668912383 0.053125824724804316 0.064668010171060025 -0.015537594362584846
leaf_weight=2.4396154191344968 2.8769810907542697 3.2482228055596369 1564.6713911893312 8.4802432758733612 38.749916301341727 11.357424050569533 52.035334452986717 29.101075846236199 3.1885359100997439 53.710151861421764 4.3136964738368979 7.1867310255765906 196.27976508298889 15.532608202658595 9.788501061499117 5.782301351428031 30.12529378850013 5.0122630819678298 10.414235633797942 8.4095312897115964 9.6095533668994886 36.622820573858917 137.40227706730366 304.81536843371578 74.739266997668892 3.6461883457377553 3.4707280434668064 3.8457189071923494 4.2115588504821062 3.6089553767815223
leaf_count=22 33 35 13101 67 447 27 144 235 21 271 7 20 1547 48 36 27 263 36 114 28 39 165 570 2905 656 27 33 24 30 22
internal_value=-3.06655e-05 -0.000565436 -0.00162868 -0.0263232 -0.00142449 -0.00198787 0.00987082 -0.00245955 0.00792476 0.00533827 0.00528455 0.00603539 0.00461843 0.00381669 -0.0126972 0.00588611 0.00241796 0.0217808 0.0018099 -0.0054826 0.0178945 0.00364152 -0.00263589 0.00710702 -0.00949953 0.0361746 0.0598115 0.0149763 0.0402415 -0.039851
internal_weight=2644.68 2402.92 1771.55 14.5288 1757.03 1657.17 63.3928 1593.77 99.8602 92.4601 241.761 237.447 230.26 227.383 25.3211 202.062 631.361 19.2231 612.138 122.884 18.0191 489.255 174.025 315.23 104.865 14.2109 6.71895 7.49191 7.40009 12.0892
internal_count=21000 19282 14387 111 14276 13507 171 13336 769 718 1718 1711 1691 1658 84 1574 4895 155 4740 986 67 3754 735 3019 919 119 68 51 51 89
is_linear=0
shrinkage=0.05


Tree=94
num_leaves=31
num_cat=0
split_feature=3 14 6 15 6 1 8 11 5 14 6 13 14 8 7 1 11 5 8 5 9 14 5 6 7 1 11 6 11 14
split_gain=2.79921 2.42783 3.61012 3.30826 5.76606 5.12264 3.62845 2.92954 2.8832 7.02912 3.73056 9.73766 3.32949 2.88653 2.74035 7.05479 5.37892 3.27541 3.64353 3.60212 2.28336 5.57358 4.06512 2.25692 3.24037 3.08604 3.12311 2.69812 8.62199 6.86219
threshold=1.0000000180025095e-35 0.024249999783933166 0.43074999749660497 0.10000000335276128 0.89034998416900646 0.1560500040650368 0.2543999999761582 8.5000000000000018 38.549999237060554 0.032150000333786018 0.71114999055862438 0.2650000005960465 0.40195000171661383 0.7150000035762788 5.5000000000000009 0.43355000019073492 1.5000000000000002 52.549999237060554 0.025249999947845939 52.250000000000007 4.5000000000000009 0.06515000015497209 34.049999237060554 0.92535001039505016 3.5000000000000004 0.14414999634027484 5.5000000000000009 0.91574999690055858 17.500000000000004 0.22694999724626544
decision_type=2 2 2 2 2 2 2 2 2 2 2 2 2 2 2 2 2 2 2 2 2 2 2 2 2 2 2 2 2 2
left_child=20 2 -2 6 5 -5 -4 -6 9 10 -3 -12 13 -11 17 16 -16 19 -19 -10 23 22 -22 27 -25 -26 -27 -1 29 -29
right_child=1 8 3 4 7 -7 -8 -9 14 12 11 -13 -14 -15 15 -17 -18 18 -20 -21 21 -23 -24 24 25 26 -28 28 -30 -31
leaf_value=0.0013733739161703898 0.028180784190868436 -0.0025897404116025083 -0.023315215863960372 -0.025469881444001221 -0.0051871527937762431 0.0094513751994592422 -0.0049314635009310038 0.055806887266227706 0.005279551001258662 -0.010803486290122392 -0.027108074663927447 0.10624170298651879 0.039765947164299986 0.034732153524185655 0.062274233421766738 0.082287776365411097 -0.0033088104909857149 -0.016105558142363495 -0.00077879067579216747 0.060265554445989127 -0.070818868050603334 0.062397301173680322 0.017357345812198183 -0.0085230377628328895 -0.0068706268749431703 0.059521501703267289 0.011392854373394703 0.045397131287090046 -0.022875760285539823 -0.02343074149752054
leaf_weight=1433.4594104718417 6.7472004289738825 4.1303241578862053 53.894913737894967 19.398882532957941 2.8439599089324457 22.896667348220944 53.469285282073542 6.39613704290241 142.29356783465482 167.67088115611114 2.1159937884658575 3.8781041875481606 3.4481709031388155 3.5540448464453211 3.6692176051437917 3.4931208565831176 21.13550565065816 42.543656579451635 437.82879442535341 3.0421513095498076 1.820016376208512 5.1096904689911753 4.6381307372357696 122.1634442191571 18.088292956352234 4.271945338696244 15.977372147142885 19.043808676302437 10.125846914947031 4.471723858267068
leaf_count=8133 52 54 828 265 36 241 611 78 1638 1934 21 54 41 28 32 24 244 589 4776 39 18 128 79 641 98 26 98 122 49 23
internal_value=-3.0271e-05 -0.0021087 -0.00764033 -0.00916136 0.00125184 -0.00656528 -0.0141598 0.0370339 -0.00101632 -0.00653099 0.0339732 0.0591675 -0.0088787 -0.00985832 0.000541925 0.0157611 0.00639251 -0.000146367 -0.00213619 0.00643051 0.00124335 0.023379 -0.00749222 0.00108603 -0.00454315 0.00813881 0.0215464 0.00170186 0.0156986 0.0323088
internal_weight=2643.62 1004.45 165.647 158.9 51.5356 42.2955 107.364 9.2401 838.804 184.798 10.1244 5.9941 174.673 171.225 654.006 28.2978 24.8047 625.708 480.372 145.336 1639.17 11.5678 6.45815 1627.6 160.501 38.3376 20.2493 1467.1 33.6414 23.5155
internal_count=21000 11585 2111 2059 620 506 1439 114 9474 2132 129 75 2003 1962 7342 300 276 7042 5365 1677 9415 225 97 9190 863 222 124 8327 194 145
is_linear=0
shrinkage=0.05


Tree=95
num_leaves=31
num_cat=0
split_feature=10 8 2 1 1 5 1 2 2 2 1 8 14 14 14 2 5 13 14 11 16 14 12 12 5 2 14 2 1 1
split_gain=2.83248 2.86073 4.77359 2.62052 3.37783 4.93226 3.37613 14.5071 5.95217 4.53478 4.24517 3.19885 3.11108 2.61578 6.55358 4.76516 1.91069 2.07664 3.15844 2.01484 2.45222 3.94457 3.04312 4.32755 2.96851 1.89762 4.68868 4.47796 6.68972 3.69047
threshold=2.5000000000000004 1.0000000180025095e-35 8996.6650390625018 0.32619999349117285 0.30014999210834509 83.149997711181655 0.36615000665187841 4149.6547851562509 10212.334960937502 3837.3200683593755 0.37064999341964727 0.33644999563694006 0.12394999712705614 0.14434999972581866 0.13444999605417254 10212.334960937502 29.94999980926514 0.2650000005960465 0.071649998426437392 22.500000000000004 4.5000000000000009 0.05894999951124192 720.35000610351574 230.84999847412112 52.95000076293946 5763.5000000000009 0.08585000038146974 4454.0749511718759 0.1405499950051308 0.062049999833107002
decision_type=2 2 2 2 2 2 2 2 2 2 2 2 2 2 2 2 2 2 2 2 2 2 2 2 2 2 2 2 2 2
left_child=1 2 25 4 13 12 7 9 10 -5 -8 -7 -6 14 -3 -15 17 -2 -19 20 22 -22 23 -18 -24 27 -27 29 -29 -1
right_child=16 3 -4 6 5 11 8 -9 -10 -11 -12 -13 -14 15 -16 -17 19 18 -20 -21 21 -23 24 -25 -26 26 -28 28 -30 -31
leaf_value=0.027158156668115219 -0.042190470953371667 -0.00073591137708326447 0.054743491109785658 0.0082416535505039114 -0.028446907146091594 0.030116967436630865 -0.031899938553027418 0.072002930622381209 -0.041956049044473892 -0.050456687881150555 0.0036292525796573155 -0.020272462465409771 -0.0024501205416680456 0.0032683324853965169 -0.01877310367206372 -0.030003305626071144 0.0059731905282851584 -0.030431883827739162 0.041792994266959482 -0.024389806292787843 0.10191327685693673 0.011669142260680061 0.018666851145792359 0.038099776248705253 -0.039508196526615268 -0.054684246204972121 0.0022888062909210737 -0.019408027307485275 0.052529585327241925 -0.010031169738980487
leaf_weight=6.9931506300345054 3.4551236387342197 1276.3947833618149 3.143515244126319 50.470556600019336 32.502580875530839 9.7936403071507794 8.6144019421190006 9.3080038800835592 7.5942491590976706 3.5198413990437976 349.97090500220656 4.6426541432738295 17.816789509728551 551.82145195547491 52.427922792732716 10.975455313920973 30.550957955187187 2.9693694091401994 3.0877267615869641 3.4528337244410059 2.0399963834788641 2.9793244919274002 3.811325788497923 15.957252026768399 5.1637902436777949 6.8759671077132207 7.6056082993745804 5.6127993911504728 7.6180525496602058 144.76806957367808
leaf_count=82 25 10291 11 463 222 89 62 42 13 13 2473 36 129 4206 417 26 351 31 46 29 31 41 30 257 46 29 29 27 37 1416
internal_value=-3.02981e-05 -0.000307186 -0.00633864 0.000154472 -0.000621929 -0.0118509 0.00369117 0.0143537 0.00184803 0.00441488 0.00277572 0.0139119 -0.0192421 -0.000237528 -0.00144756 0.00261948 0.00964984 -0.0112583 0.0063862 0.0127595 0.0148796 0.048347 0.011852 0.016996 -0.0148039 -0.00740851 -0.0247625 -0.00588533 0.0220122 -0.00831749
internal_weight=2641.94 2568.47 182.617 2385.85 1956.38 64.7557 429.478 63.2984 366.18 53.9904 358.585 14.4363 50.3194 1891.62 1328.82 562.797 73.4677 9.51222 6.0571 63.9555 60.5026 5.01932 55.4833 46.5082 8.97512 179.474 14.4816 164.992 13.2309 151.761
internal_count=21000 20113 1631 18482 15416 476 3066 518 2548 476 2535 125 351 14940 10708 4232 887 102 77 785 756 72 684 608 76 1620 58 1562 64 1498
is_linear=0
shrinkage=0.05


Tree=96
num_leaves=31
num_cat=0
split_feature=9 10 3 16 14 2 2 12 8 2 14 1 12 7 1 12 2 1 2 2 5 2 8 12 5 8 2 5 8 2
split_gain=2.72812 3.51692 2.72087 2.14111 3.12287 3.97749 9.07958 2.89612 6.24381 4.00215 3.38369 3.28801 2.08874 5.33888 7.25786 5.30907 5.07538 3.65585 2.79126 2.7265 2.55378 2.99446 2.88072 2.05799 4.92835 4.01597 4.92767 4.71021 3.79661 5.79163
threshold=3.5000000000000004 2.5000000000000004 1.0000000180025095e-35 1.5000000000000002 0.011450000107288362 4842.0000000000009 3680.8850097656255 331.15000915527349 0.13215000182390216 3680.8850097656255 0.19135000556707385 0.12535000592470172 74.450000762939467 2.5000000000000004 0.14774999767541888 76.149997711181655 1721.3899536132815 0.05295000039041043 1796.850036621094 5239.1000976562509 31.250000000000004 8219.7949218750018 0.5709500014781953 19.349999427795414 60.649999618530281 0.14864999800920489 1668.3950195312502 54.049999237060554 0.066449999809265151 3777.3601074218755
decision_type=2 2 2 2 2 2 2 2 2 2 2 2 2 2 2 2 2 2 2 2 2 2 2 2 2 2 2 2 2 2
left_child=2 3 23 7 -5 6 -6 9 -9 10 -2 -10 13 17 19 -14 -16 -4 -19 -15 21 -17 -22 24 25 26 -1 -27 -26 -30
right_child=1 -3 12 4 5 -7 -8 8 11 -11 -12 -13 15 14 16 20 -18 18 -20 -21 22 -23 -24 -25 28 27 -28 -29 29 -31
leaf_value=0.0099276705873471149 0.009077094340968905 0.051363067642906192 0.052031006343145184 -0.036785976269858196 0.00097046251010316279 -0.026551654541612305 0.071286043559147222 -0.010660138392185763 0.012499275625853238 -0.01904257541486222 0.067776333412328207 0.066572298248096101 0.058519594867311425 -0.010790654212941979 -0.0074399346444780946 -0.0073790813611624637 0.026259948724744936 -0.0061788030159806544 -0.023900803863298237 -0.054749522562527492 -0.0015027450848813509 -0.05377529434007805 0.01058192423128242 0.00048162391557827989 0.031619559695285751 0.00021521450393278713 0.075267288262481594 0.052243097542259254 0.0019472536417471623 -0.045471291994171652
leaf_weight=5.2155198454856855 16.120494266971953 4.4030161988921455 1.9645816925913084 5.4384404718875876 38.811335505917668 9.3934553116559965 5.2068635597825041 6.6987543366849449 4.17297289520502 11.809169098734854 2.8961532153189173 8.6157930381596071 3.6828531064093104 28.925661741755903 17.368968744762242 98.453682894818485 31.317364040762186 36.750450444407761 56.189138980582356 4.0172822847962371 605.37251623533666 3.6050520986318579 53.687540413811803 1507.2402612026781 6.501930743455886 21.165027312934402 6.4591447040438652 5.4756256304681292 25.388488210737705 8.6276582032442075
leaf_count=46 127 413 35 30 282 27 27 41 28 37 30 63 41 408 270 1233 231 646 457 21 7150 14 456 8468 42 116 37 38 163 23
internal_value=-2.96795e-05 0.00755142 -0.000370328 0.00578431 -0.000690372 0.00298493 0.00928801 0.0133576 0.028445 0.00381955 0.0180167 0.0489283 -0.00249982 -0.00740213 0.00197352 -0.00136826 0.0142374 -0.0154663 -0.0168931 -0.0161513 -0.00165804 -0.00901795 -0.000518319 0.000893525 0.0087688 0.0216247 0.0460776 0.0109088 -0.00338823 -0.0100797
internal_weight=2640.98 113.566 2527.41 109.163 58.8501 53.4117 44.0182 50.3133 19.4875 30.8258 19.0166 12.7888 941.335 176.533 81.6293 764.802 48.6863 94.9042 92.9396 32.9429 761.119 102.059 659.06 1586.07 78.8334 38.3153 11.6747 26.6407 40.5181 34.0161
internal_count=21000 1105 19895 692 366 336 309 326 132 194 157 91 10962 2068 930 8894 501 1138 1103 429 8853 1247 7606 8933 465 237 83 154 228 186
is_linear=0
shrinkage=0.05


Tree=97
num_leaves=31
num_cat=0
split_feature=6 15 1 8 12 2 2 12 1 12 1 9 7 13 7 1 6 6 16 12 8 2 8 8 8 8 15 1 2 8
split_gain=2.73828 3.70494 4.29175 5.18952 6.81166 5.20051 3.82064 5.83402 5.60763 5.08166 4.06856 3.54643 3.13558 3.08061 4.79723 3.67159 2.97064 6.28 6.38235 5.47815 5.20084 4.15964 2.79874 3.6471 2.54878 2.41041 2.35572 2.18719 3.60243 3.47709
threshold=0.45065000653266912 0.10000000335276128 0.050049999728798873 0.15965000540018084 410.94999694824224 2224.180053710938 7735.0351562500009 159.25000000000003 0.45565000176429754 484.44999694824224 0.46754999458789831 3.5000000000000004 1.5000000000000002 0.2650000005960465 5.5000000000000009 0.069150000810623183 0.63765001296997081 0.69445002079010021 3.5000000000000004 424.44999694824224 0.69749999046325695 8219.7949218750018 0.19794999808073047 0.35254999995231634 0.36325000226497656 0.2661499977111817 0.10000000335276128 0.21965000033378604 2963.6550292968755 0.15444999933242801
decision_type=2 2 2 2 2 2 2 2 2 2 2 2 2 2 2 2 2 2 2 2 2 2 2 2 2 2 2 2 2 2
left_child=26 13 3 12 5 -5 8 -8 11 -9 -10 -4 -3 14 15 24 20 18 -18 -19 21 -15 -16 -24 -2 -17 -1 28 -28 -29
right_child=1 2 6 4 -6 -7 7 9 10 -11 -12 -13 -14 16 22 25 17 19 -20 -21 -22 -23 23 -25 -26 -27 27 29 -30 -31
leaf_value=0.013316341622420756 -0.031201519649867254 0.033500852175159267 -0.00062435484335675968 -0.0071862943264114068 0.10813586750603806 0.063908243872242157 0.04756442526335599 -0.013335227155811575 0.052801909983581322 0.030761075254136735 0.011585290002033476 0.017354037867977474 -0.036025141797296066 -0.0053794508502418891 -0.0018325136361262103 -0.0087138664775879057 0.015379314749443316 0.0016231954841113073 -0.01324507908697695 -0.006696696500861795 -0.051546906833957212 0.040749484328778576 0.077572785678462375 0.0075990338555738529 0.0017789199147966554 -0.00056944214265955482 -0.0048242968765143009 -0.054460022700309453 0.042716697525030739 0.00090368427803000524
leaf_weight=68.544518842361867 23.29539903183468 2.5842091459780958 677.20660606585443 5.9110931917093676 3.0998383015394202 4.553920291364193 11.231699422001837 15.981852538883688 7.6601801277138284 11.051197990775107 27.41736306482926 28.588183095678687 4.3538750139996409 223.97429018607363 5.8394279666244966 200.29754063044675 115.48726815590635 671.62600727193058 23.423355313017964 280.47455161111429 5.9956238642334929 4.9960830807685843 3.9249843694269657 3.5431752181611955 7.8261901400983325 166.25284608756192 16.463734069839123 4.5354216732084733 5.2571187987923613 7.5686899577267468
leaf_count=511 215 29 5335 58 30 25 32 40 62 28 191 288 38 1836 58 1776 966 5386 185 2206 23 13 38 31 72 1289 134 28 24 53
internal_value=-2.92183e-05 -0.000352776 0.00246355 0.0250443 0.0430346 0.023751 0.00186933 0.0172758 0.00107362 0.00469148 0.0205861 0.000103859 -0.010129 -0.00164932 -0.00543159 -0.00641978 -0.000477028 0.000621257 0.0105526 -0.00082772 -0.00557667 -0.00437293 0.0240987 0.0443746 -0.0229079 -0.00501988 0.00798816 -0.00280913 0.0066821 -0.0198411
internal_weight=2638.97 2536.6 799.64 20.5029 13.5649 10.465 779.137 38.2647 740.872 27.0331 35.0775 705.795 6.93808 1736.96 410.98 397.672 1325.98 1091.01 138.911 952.101 234.966 228.97 13.3076 7.46816 31.1216 366.55 102.369 33.825 21.7209 12.1041
internal_count=21000 20250 6156 180 113 83 5976 100 5876 68 253 5623 67 14094 3479 3352 10615 8743 1151 7592 1872 1849 127 69 287 3065 750 239 158 81
is_linear=0
shrinkage=0.05


Tree=98
num_leaves=31
num_cat=0
split_feature=13 5 5 8 9 11 2 1 8 8 16 8 1 2 11 2 8 8 5 12 6 8 2 1 12 9 1 2 8 1
split_gain=2.64009 3.28357 5.64286 8.74739 3.8874 5.33987 11.9685 4.89143 4.11993 3.93167 3.21904 3.1838 3.12148 6.45733 7.21909 5.00522 4.22658 4.13806 4.01037 5.3152 9.67011 6.39189 4.94101 7.85384 4.28316 2.9996 2.17757 2.59431 2.71679 2.60245
threshold=0.50000000000000011 128.25000000000003 123.35000228881837 0.15224999934434894 1.0000000180025095e-35 20.500000000000004 2631.6450195312505 0.26084999740123754 0.7150000035762788 0.76749998331069957 10.500000000000002 0.076949998736381545 0.12384999915957452 6078.9050292968759 16.500000000000004 7735.0351562500009 0.44734999537467962 0.50155001878738414 21.550000190734867 92.450000762939467 0.56874999403953563 0.27255000174045568 7735.0351562500009 0.15104999393224719 1375.049987792969 4.5000000000000009 0.43355000019073492 703.88497924804699 0.11744999885559083 0.15185000002384189
decision_type=2 2 2 2 2 2 2 2 2 2 2 2 2 2 2 2 2 2 2 2 2 2 2 2 2 2 2 2 2 2
left_child=10 2 4 -4 5 7 -7 -2 11 -10 12 -6 13 16 15 -15 25 -18 19 21 -21 -14 24 -24 -20 -1 27 -3 -29 -30
right_child=1 26 3 -5 8 6 -8 -9 9 -11 -12 -13 18 14 -16 -17 17 -19 22 20 -22 -23 23 -25 -26 -27 -28 28 29 -31
leaf_value=-0.0048029770783583241 0.0011370861761568513 0.033028075079769161 -0.015063448935258562 0.10057009193927616 -0.0089273215655419052 -0.0016095198145838548 0.075391874633596145 0.020718430712102439 0.068595449344781942 -0.00089212877571516285 0.046127199478701093 0.0018942277175195449 0.052849498170312759 -0.02477780403023884 -0.050146904650137575 0.0085582194118901025 0.023238508247411121 0.00067286691442842387 0.00067611721106836608 0.038325368390612305 -0.025344685619245862 -0.018436116729688645 0.050871567681917668 0.0057300959899208937 -0.021743719566074144 0.033239527990222596 -0.0415648517421996 0.018666238647599157 -0.03111295227795112 0.00081219158947367905
leaf_weight=452.1748504480347 125.12991292588413 3.687117905355989 2.9346971716731778 3.6943653170019388 83.430057559395209 11.151340886950495 9.2178419791161996 42.801818933337927 4.303144022356717 3.8631500899791718 3.6205795677378765 366.75217997888103 6.4448454994708282 24.969411255791783 14.608009893447159 20.508003391325474 28.069492494221777 73.550681766821072 1170.4849203131162 6.7626110231503835 50.467016117181629 6.1409015841782093 12.191323606297372 45.959594147279859 21.697837013285607 5.241682343883439 5.1175003722310057 6.1688349242322138 15.754409795627 10.731868037022648
leaf_count=4109 989 55 27 38 695 107 50 304 37 23 35 2773 58 93 46 59 243 557 9543 53 372 45 36 124 165 122 33 45 90 74
internal_value=-2.88267e-05 0.00261654 0.0034825 0.0493789 0.003012 0.00906035 0.0332366 0.00612791 0.000527186 0.0357236 -0.000974757 -0.000111277 -0.00106269 -0.00399193 -0.0195675 -0.00974495 -0.00231786 0.00690594 0.000311055 -0.0113513 -0.017821 0.0180675 0.000962253 0.015194 0.000268074 -0.00436704 -0.0110283 -0.00672833 -0.0112173 -0.0181773
internal_weight=2637.63 694.738 653.279 6.62906 646.649 188.301 20.3692 167.932 458.349 8.16629 1942.89 450.182 1939.27 619.122 60.0854 45.4774 559.037 101.62 1320.15 69.8154 57.2296 12.5857 1250.33 58.1509 1192.18 457.417 41.4597 36.3422 32.6551 26.4863
internal_count=21000 5340 5043 65 4978 1450 157 1293 3528 60 15660 3468 15625 5229 198 152 5031 800 10396 528 425 103 9868 160 9708 4231 297 264 209 164
is_linear=0
shrinkage=0.05


Tree=99
num_leaves=31
num_cat=0
split_feature=15 2 2 6 16 6 2 8 2 6 12 1 6 1 2 2 1 2 10 8 14 8 14 6 6 13 6 14 6 6
split_gain=2.55519 2.77343 5.1412 4.10779 2.95403 3.39594 2.52684 2.52136 6.24438 5.19684 6.3105 7.50837 6.96637 6.29118 5.25423 4.4746 6.84938 4.82383 3.49043 3.38711 4.78423 2.89214 2.99576 2.91266 2.83477 6.24311 2.67945 2.18337 1.72723 2.11517
threshold=0.45000000298023229 10212.334960937502 7735.0351562500009 0.40365000069141393 4.5000000000000009 0.77494999766349804 5119.9750976562509 0.36595000326633459 1978.195007324219 0.6521500051021577 588.54998779296886 0.10854999721050264 0.51485002040863048 0.050049999728798873 5017.0549316406259 1796.850036621094 0.3213499933481217 1845.5050048828127 3.5000000000000004 0.36024999618530279 0.15824999660253528 0.37555000185966497 0.1779500022530556 0.43074999749660497 0.9670500159263612 0.50000000000000011 0.86724999547004711 0.096850000321865096 0.62865000963211071 0.64524999260902416
decision_type=2 2 2 2 2 2 2 2 2 2 2 2 2 2 2 2 2 2 2 2 2 2 2 2 2 2 2 2 2 2
left_child=7 2 3 -2 6 -6 -5 18 15 10 11 -10 -12 -11 -15 21 17 -17 19 24 -21 22 -9 -23 26 -26 -1 28 -20 -30
right_child=1 -3 -4 4 5 -7 -8 8 9 13 12 -13 -14 14 -16 16 -18 -19 27 20 -22 23 -24 -25 25 -27 -28 -29 29 -31
leaf_value=-0.00066757576212246583 0.063423022675669558 -0.03525257676170053 0.047095701261200787 0.0036475074483991858 0.0037779421604873008 0.044909032616629166 -0.014250126474675814 0.015811413860841349 -0.043236380931526673 0.050112412637153263 -0.024481025895974683 -0.0085432961206505006 0.045771288452115255 -0.0037601157451614044 0.011512841457069798 0.06175304518726818 0.083964458229546443 0.00091058193787690433 0.069749526328424682 -0.036484650786806641 0.029616639611041353 0.036876938165149545 0.072594968021079898 0.0037458165308080168 0.0009806713781084931 0.053129450906349143 -0.0054710839040758366 0.071592291579925721 -0.069394437546206916 0.017346359140164455
leaf_weight=1288.790778178256 2.8991829697042695 4.2311934828758231 7.2325656861066809 184.73849052237347 11.535163641907276 8.8827622672542912 22.077692419290543 10.282875583739949 21.135474021546543 6.4488660693168631 5.844888010993599 59.498554244171828 8.9052163325250131 217.81952846655622 75.946409025229514 4.267643819563097 4.5490501001477233 13.76677096635103 1.1292652955744396 14.051893244963141 3.3996188733726731 6.8256659845355889 3.0005144001916042 235.89847860741429 24.231602208688859 7.5204193238168946 374.7252067970112 2.3750669278670102 0.87086658924818028 3.6419574399478734
leaf_count=10589 33 7 20 1431 76 76 75 123 77 38 25 293 51 1222 263 40 41 110 36 105 30 70 40 2512 213 68 3093 102 4 137
internal_value=-2.87978e-05 0.00487199 0.00558723 0.00428272 0.00352817 0.0216719 0.00173693 -0.000523183 0.00206865 -0.00196947 -0.0121364 -0.0176369 0.0179331 0.00126077 0.000188355 0.00780278 0.0291379 0.0153083 -0.00153867 -0.00169274 -0.0236079 0.00592073 0.0286379 0.0046775 -0.00146714 0.013332 -0.00174962 0.0313757 0.0144463 0.00060747
internal_weight=2636.52 241.597 237.366 230.133 227.234 20.4179 206.816 2394.93 674.19 395.599 95.3841 80.634 14.7501 300.215 293.766 278.591 22.5835 18.0344 1720.74 1712.72 17.4515 256.008 13.2834 242.724 1695.27 31.752 1663.52 8.01716 5.64209 4.51282
internal_count=21000 1718 1711 1691 1658 152 1506 19282 4905 1969 446 370 76 1523 1485 2936 191 150 14377 14098 135 2745 163 2582 13963 281 13682 279 177 141
is_linear=0
shrinkage=0.05


Tree=100
num_leaves=31
num_cat=0
split_feature=3 14 2 2 10 8 8 14 11 5 16 1 11 14 5 8 2 10 1 9 13 1 2 2 2 2 5 13 16 1
split_gain=2.60462 2.19862 3.42255 4.04769 3.5593 3.92379 3.43667 3.78738 3.83363 3.00557 2.80155 2.78364 2.50981 4.08423 3.73579 3.28076 2.41609 6.20545 12.0495 6.24257 5.07242 4.5969 2.77642 2.0303 6.27933 7.26815 6.19337 9.28338 18.2863 6.97749
threshold=1.0000000180025095e-35 0.024249999783933166 4026.6450195312505 2374.400024414063 1.5000000000000002 0.093949999660253539 0.42915000021457678 0.016950000077486042 5.5000000000000009 64.850002288818374 4.5000000000000009 0.23785000294446948 18.500000000000004 0.025850000791251663 20.750000000000004 0.44024999439716345 4604.5700683593759 1.5000000000000002 0.17324999719858172 1.0000000180025095e-35 0.2650000005960465 0.050049999728798873 4454.0749511718759 2934.1250000000005 2991.984985351563 2963.6550292968755 131.25000000000003 0.50000000000000011 2.5000000000000004 0.050049999728798873
decision_type=2 2 2 2 2 2 2 2 2 2 2 2 2 2 2 2 2 2 2 2 2 2 2 2 2 2 2 2 2 2
left_child=23 2 3 9 5 -5 7 8 -4 11 -11 -2 16 -14 -15 -16 20 19 -19 -18 22 -22 -3 -1 25 -25 29 28 -28 -26
right_child=1 12 6 4 -6 -7 -8 -9 -10 10 -12 -13 13 14 15 -17 17 18 -20 -21 21 -23 -24 24 26 -27 27 -29 -30 -31
leaf_value=-0.00019961354173968777 -0.0092635254593704721 -0.0087843955168596059 -0.050891117443788991 0.053928878090738791 -0.028548937891032262 0.0084720520596714317 0.0094712287833935288 -0.053258912701447218 -0.0051236761795015913 -0.023105195958010884 0.029778573740795164 0.017432436790952573 0.061934588243127399 -0.040408433516689456 -0.0093790650298320056 0.007839915544371653 0.019854046761021184 0.067486387701537628 -0.010160208888206715 -0.0060462943224964122 0.036599419486675187 0.00082348730697901829 -0.063453269042056601 0.0073958636185870721 0.034829929873911952 0.081380625580413035 0.092388387518670859 -0.012780303610577705 -0.01374788716259428 0.00073143625226656855
leaf_weight=1001.9801252076868 29.1716318577528 125.08374317456037 6.0360275916755226 5.7218608632683745 5.1172462161630383 27.87277502939105 8.2582852989435178 9.5262406095862371 18.909174119122326 36.089151138672605 2.6910857334733 14.677974315825848 2.1597687555477014 8.0936199640855175 125.96496631740592 35.447601679945365 33.430436942726374 10.939280223101379 9.1973572056740505 76.503905832767487 9.1862244214862567 397.85316383233294 2.3663751482963553 8.3881770824082178 15.402723193168638 5.4935916336253277 9.8886954262852687 9.6214456707239169 6.8829285353422156 577.65392903238535
leaf_count=7276 556 1657 33 81 53 272 44 67 133 596 55 221 31 95 1595 309 176 65 47 389 144 4953 13 39 57 35 44 31 21 1912
internal_value=-2.82652e-05 -0.00203799 -0.00733006 -0.00304469 0.0102971 0.0162143 -0.0194994 -0.0264399 -0.0161981 -0.0092953 -0.0194354 -0.000327467 -0.000999664 -0.00638923 -0.00725978 -0.00559763 0.000392542 0.00650391 0.0320215 0.00182986 -0.00109469 0.00163089 -0.00979944 0.00120106 0.00341703 0.0366747 0.00267173 0.0263709 0.048831 0.00161703
internal_weight=2635.61 1000.3 164.071 121.342 38.7119 33.5946 42.7297 34.4714 24.9452 82.6298 38.7802 43.8496 836.226 171.666 169.506 161.413 664.56 130.071 20.1366 109.934 534.49 407.039 127.45 1635.31 633.331 13.8818 619.45 26.3931 16.7716 593.057
internal_count=21000 11585 2111 1834 406 353 277 233 166 1428 651 777 9474 2030 1999 1904 7444 677 112 565 6767 5097 1670 9415 2139 74 2065 96 65 1969
is_linear=0
shrinkage=0.05


Tree=101
num_leaves=31
num_cat=0
split_feature=10 9 3 12 12 7 6 5 5 5 10 6 7 12 12 2 12 7 12 5 5 5 12 5 2 2 12 5 12 12
split_gain=2.4198 3.08543 2.6179 2.78909 4.87522 5.85589 3.25941 2.52041 2.34438 3.09657 3.87226 2.26989 3.76804 6.0701 4.67685 3.84965 3.84649 2.87032 2.64362 6.63598 4.32355 4.04294 2.45679 6.28928 2.48995 2.14064 2.11171 1.72267 1.70368 3.10256
threshold=2.5000000000000004 3.5000000000000004 1.0000000180025095e-35 1091.0000000000002 970.10000610351574 3.5000000000000004 0.29524999856948858 68.250000000000014 109.35000228881837 90.950000762939467 1.5000000000000002 0.92535001039505016 3.5000000000000004 324.44999694824224 135.94999694824222 2460.045043945313 1152.4500122070315 2.5000000000000004 19.349999427795414 60.649999618530281 54.049999237060554 72.850002288818374 25.550000190734867 70.350002288818374 2934.1250000000005 1202.1799926757815 588.54998779296886 29.94999980926514 729.29998779296886 230.84999847412112
decision_type=2 2 2 2 2 2 2 2 2 2 2 2 2 2 2 2 2 2 2 2 2 2 2 2 2 2 2 2 2 2
left_child=2 27 11 4 6 25 -4 -7 9 10 -5 18 16 14 -14 -15 17 -13 19 20 -1 -21 23 -20 -24 -6 -8 -2 29 -29
right_child=1 -3 3 8 5 7 26 -9 -10 -11 -12 12 13 15 -16 -17 -18 -19 22 21 -22 -23 24 -25 -26 -27 -28 28 -30 -31
leaf_value=0.017531951311576959 -0.014121148950985599 0.05126634221598151 0.037508913012926387 -0.020762735480884989 -0.026458501403805929 0.028463346326094166 -0.0034541798278360245 0.095366571498248731 -0.045543771976000368 0.036602500601478447 0.033595600114628928 -0.001830884472967144 0.02262940474250438 0.016375763908041213 -0.021072369597943369 0.075182245317470558 -0.050795311113124568 -0.01889205516652467 -0.028449254365657956 -0.030751025774723908 0.060958381323774173 0.0064338991302707281 -0.00030872045940584861 0.024189379027662713 0.0041009147379453791 0.018216537979895052 0.003960783563586691 0.0034183842481601487 -0.011293687249920548 0.028837145454049196
leaf_weight=27.556312877684832 8.8532284684479219 4.0704975822009137 5.1106735430657855 30.089273679070175 3.828461590223017 2.5257185772061339 775.66372465342283 3.1802518162876368 5.4398114811629048 3.2022696249186984 3.6765251718461505 78.820489574223757 9.8657694347202796 7.3176544681191427 16.133226562291384 4.490933932363987 5.2848405241966239 35.871190741658211 20.089381154626611 10.169367942959068 7.236763395369052 25.995204340666533 834.47181137092412 7.9083978086709967 519.37963806092739 8.9489373378455621 109.58409091457725 32.034731537103653 8.4453719444572908 19.199511570855975
leaf_count=164 56 413 43 342 67 30 8990 28 60 48 43 434 63 57 80 20 19 173 98 53 52 152 5908 53 1716 91 1329 215 48 155
internal_value=-2.87558e-05 0.00897271 -0.00028386 -0.00236363 -0.0017788 0.0236377 -0.00230643 0.0657522 -0.0148972 -0.0103876 -0.014844 0.000944497 -0.00475127 0.00901306 -0.00448897 0.0387405 -0.00908875 -0.00716697 0.00156309 0.0109754 0.0265644 -0.00402239 0.00107977 -0.0135807 0.00138295 0.00483066 -0.00253629 0.00646068 0.00951391 0.0129438
internal_weight=2634.44 72.6033 2561.84 951.25 908.842 18.4834 890.358 5.70597 42.4079 36.9681 33.7658 1610.59 157.784 37.8076 25.999 11.8086 119.977 114.692 1452.81 70.9576 34.7931 36.1646 1381.85 27.9978 1353.85 12.7774 885.248 68.5328 59.6796 51.2342
internal_count=21000 887 20113 11071 10578 216 10362 58 493 433 385 9042 846 220 143 77 626 607 8196 421 216 205 7775 151 7624 158 10319 474 418 370
is_linear=0
shrinkage=0.05


Tree=102
num_leaves=31
num_cat=0
split_feature=14 2 2 12 12 15 2 11 8 14 2 2 1 14 6 2 6 5 2 6 9 12 8 5 6 6 11 8 12 5
split_gain=2.44695 5.65203 5.12962 6.23232 4.23019 3.91817 5.60785 4.50661 3.53263 5.25747 4.02312 4.52058 9.36203 6.42059 5.36021 7.78006 6.75634 4.18036 4.84947 3.78718 5.48076 3.34691 8.4642 5.24942 5.11616 4.81137 7.5632 3.24658 2.98608 2.61839
threshold=0.10994999855756761 10212.334960937502 8219.7949218750018 345.34999084472662 1450.799987792969 0.10000000335276128 6236.8850097656259 11.500000000000002 0.12274999916553499 0.10724999755620958 2302.7500000000005 5919.9299316406259 0.28274999558925634 0.059650000184774406 0.70225000381469738 4751.7250976562509 0.73175001144409191 101.54999923706056 2016.5549926757815 0.49670000374317175 1.5000000000000002 341.34999084472662 0.14154999703168872 78.149997711181655 0.84415000677108776 0.57684999704360973 17.500000000000004 0.24894999712705615 25.550000190734867 56.750000000000007
decision_type=2 2 2 2 2 2 2 2 2 2 2 2 2 2 2 2 2 2 2 2 2 2 2 2 2 2 2 2 2 2
left_child=8 2 4 -4 5 6 -2 -7 10 21 17 14 13 -13 15 -12 -16 19 -19 20 -1 25 24 -24 -23 27 -27 -10 -21 -11
right_child=1 -3 3 -5 -6 7 -8 -9 9 29 11 12 -14 -15 16 -17 -18 18 -20 28 -22 22 23 -25 -26 26 -28 -29 -30 -31
leaf_value=0.040259550268554642 0.001129676901669302 -0.029090985685493356 0.0052502608324511398 0.0594332854433565 -0.025223302919832005 0.012585474083872573 -0.018191879484616827 0.00065092807681494205 -0.023776562317550015 -0.0037412449588792615 0.01036961204271843 -0.03972859998030305 0.035007226159629236 0.0036414149493754996 -0.045296884311910562 0.075154918898266587 0.00091221114920097711 0.0014002244779891017 0.075918479914016623 0.0088791677729549538 -0.027516758968815641 0.024739386607098339 0.006334897323696429 -0.0061152173485570843 0.092641172998765883 -0.0029881204597545694 0.0098169371568872614 -0.0047928478856025082 -0.017340706047474671 -0.038682656887025636
leaf_weight=7.488588320091365 650.7270741884131 14.574603954330085 13.94553452730179 8.567746587097643 14.339938847813753 161.29408847494051 39.853651146404445 155.22359451488592 36.014713142998517 9.211765121668579 44.465702437330037 24.709475884214044 7.9315534830093375 13.035669941455124 8.5610027126967889 5.1732989381998769 104.08460505865514 22.675420198589567 2.4158860482275477 11.732956100022419 4.9574092389084399 13.859505459666254 285.85175457876176 120.29465206433088 3.4683114655781528 477.41479072533548 152.03699357574806 60.114554774714634 145.73886321415193 12.827923671808092
leaf_count=90 5371 36 40 27 102 1242 128 1213 249 73 292 90 30 51 52 31 672 296 25 149 46 137 2250 933 53 3722 1274 450 1789 87
internal_value=-2.81848e-05 0.00183069 0.00226239 0.0258704 0.00174205 0.00212601 1.46232e-05 0.00673265 -0.00127824 0.000111225 -0.00531625 -0.000478414 -0.0143737 -0.0247503 0.00343256 0.0171214 -0.00259965 -0.0104754 0.00857512 -0.0132885 0.0132633 0.0005752 0.00410745 0.00264735 0.0383305 -0.00148634 0.000104797 -0.0119051 -0.0153871 -0.0240785
internal_weight=2632.59 1058.53 1043.95 22.5133 1021.44 1007.1 690.581 316.518 1574.07 1171.09 402.97 207.961 45.6767 37.7451 162.285 49.639 112.646 195.009 25.0913 169.918 12.446 1149.06 423.474 406.146 17.3278 725.581 629.452 96.1293 157.472 22.0397
internal_count=21000 8159 8123 67 8056 7954 5499 2455 12841 9228 3613 1218 171 141 1047 323 724 2395 321 2074 136 9068 3373 3183 190 5695 4996 699 1938 160
is_linear=0
shrinkage=0.05


Tree=103
num_leaves=31
num_cat=0
split_feature=1 6 2 13 2 12 6 2 12 6 12 12 1 8 6 2 2 2 1 6 9 1 1 10 5 11 4 9 5 8
split_gain=2.42328 5.50412 4.45655 4.76049 7.11841 9.06572 7.90406 4.63535 5.48062 5.81186 4.50297 4.39828 4.35512 5.05727 5.15932 4.93717 4.29333 3.79168 3.86015 3.79164 3.5334 7.10855 7.60313 3.30236 3.02719 2.98637 2.91616 3.83481 7.00974 4.36309
threshold=0.12384999915957452 0.9770999848842622 6078.9050292968759 0.2650000005960465 3449.265014648438 109.85000228881837 0.85815000534057628 7735.0351562500009 320.94999694824224 0.73524999618530285 88.649997711181655 68.750000000000014 0.13035000115633014 0.041650000959634788 0.51485002040863048 2284.0649414062505 6946.9450683593759 2284.0649414062505 0.12664999812841418 0.98775002360343944 1.5000000000000002 0.10384999960660936 0.067649997770786299 3.5000000000000004 159.25000000000003 3.5000000000000004 1.0000000180025095e-35 1.5000000000000002 91.950000762939467 0.55884999036788952
decision_type=2 2 2 2 2 2 2 2 2 2 2 2 2 2 2 2 2 2 2 2 2 2 2 2 2 2 2 2 2 2
left_child=2 12 3 26 24 10 -7 20 9 -9 -6 -3 13 17 15 -15 -16 18 -2 -13 21 22 -4 -14 25 -5 -1 28 -28 -29
right_child=1 11 7 4 5 6 -8 8 -10 -11 -12 19 23 14 16 -17 -18 -19 -20 -21 -22 -23 -24 -25 -26 -27 27 29 -30 -31
leaf_value=-0.016961579163631328 0.070882488730352619 -0.021637045507392618 -0.03271077475906916 -0.010723145151378989 -0.00081588782461143941 0.028502963285632121 -0.001477101453833777 -0.0080539988652933575 -0.021306331849133109 0.046225929624757384 -0.042868044920422822 0.060769602639243872 2.9928985353922106e-06 0.014039366866493356 0.0088462894130077428 0.10893669923483235 0.053179211105172791 -0.040232717034281905 -0.024820246713902247 0.0073270967666196028 -0.04552409182775833 -0.043522902669463237 0.033906444619719818 0.034150065322842947 -0.030807626159758336 0.00054139245390039537 0.009528447323417703 -0.010483671798888093 -0.025217089953274586 -0.062237581273943188
leaf_weight=60.64311657124199 1.9304516166448573 3.4833577442914274 7.4259298816323343 70.690638122381642 30.488640446215868 68.693628679495305 32.332846424542367 10.465512655675413 16.802472330629826 9.3259784206747991 8.0459071798250061 8.9893678873777372 1672.8348173028789 2.6854178858920923 70.654731994960457 2.7993408236652613 5.9185831211507312 7.6654088050127029 2.3198077734559774 5.2614302802830926 13.647303252480922 12.592228166759012 10.12025175988674 7.1104920129291704 8.903930922970174 350.91495333006606 69.354080565273762 36.993264060700312 18.358318712562323 4.5761416922323397
leaf_count=929 27 25 25 675 143 365 161 31 40 34 30 78 12813 32 604 20 18 39 33 38 53 37 43 247 74 3562 457 248 100 19
internal_value=-2.84854e-05 0.00101056 -0.0022437 -0.00105957 0.00122454 0.0110376 0.018908 -0.0134398 -0.000305686 0.0175233 -0.00959626 0.0287277 0.000733471 0.0112083 0.0156283 0.0624736 0.0122729 -0.0192304 0.0186476 0.0410385 -0.0244166 -0.0148587 0.00571257 0.000147523 -0.00195664 -0.00134733 -0.00791546 -0.00367213 0.00225616 -0.016181
internal_weight=2632.03 1791.65 840.375 759.995 570.071 139.561 101.026 80.3797 36.594 19.7915 38.5345 17.7342 1773.92 93.9737 82.0581 5.48476 76.5733 11.9157 4.25026 14.2508 43.7857 30.1384 17.5462 1679.95 430.51 421.606 189.925 129.282 87.7124 41.5694
internal_count=21000 13974 7026 6763 5010 699 526 263 105 65 173 141 13833 773 674 52 622 99 60 116 158 105 68 13060 4311 4237 1753 824 557 267
is_linear=0
shrinkage=0.05


Tree=104
num_leaves=31
num_cat=0
split_feature=9 10 15 16 11 12 2 12 14 14 14 2 14 11 1 13 12 6 6 2 1 2 2 12 6 1 12 12 12 6
split_gain=2.33509 3.09263 2.37863 2.79866 2.93846 3.78648 5.47899 3.70651 3.22347 6.98195 3.03726 2.68246 4.1486 2.87148 2.74552 2.53101 3.24263 4.80998 5.83792 3.82173 6.15588 5.71477 2.6223 5.15763 5.75105 5.2147 3.91196 5.03624 4.90966 2.26024
threshold=3.5000000000000004 2.5000000000000004 0.45000000298023229 4.5000000000000009 12.500000000000002 135.94999694824222 5239.1000976562509 105.75000000000001 0.10424999892711641 0.12734999507665637 0.086950000375509276 2181.6149902343755 0.10624999925494195 9.5000000000000018 0.12535000592470172 0.50000000000000011 1375.049987792969 0.83765000104904186 0.78904998302459728 3263.7099609375005 0.45945000648498541 1996.2550048828127 3296.805053710938 99.750000000000014 0.75405001640319835 0.253250002861023 553.14999389648449 143.84999847412112 776.75000000000011 0.950850009918213
decision_type=2 2 2 2 2 2 2 2 2 2 2 2 2 2 2 2 2 2 2 2 2 2 2 2 2 2 2 2 2 2
left_child=2 29 15 4 8 7 -7 -6 10 -10 -4 12 14 -13 -5 16 19 18 -18 21 -21 -1 26 25 -25 -24 27 -17 -28 -2
right_child=1 -3 3 11 5 6 -8 -9 9 -11 -12 13 -14 -15 -16 22 17 -19 -20 20 -22 -23 23 24 -26 -27 28 -29 -30 -31
leaf_value=-0.00053649008140619172 0.0040009399476771575 0.0511970616108849 0.0053718016862168974 -0.0098234576659470031 0.0031610731007264102 -0.0050974974046432446 -0.049146400136737253 0.050367896477583177 0.061690787624480672 0.0096941505609045506 -0.025649299394842884 0.014890750686199859 -0.029710198252450817 0.069268846009526139 0.064495093075640539 -0.00035385538661359978 -0.016339435130745657 -0.044364230600445406 0.051834772303619117 0.00081789025832036644 0.028253390488275285 -0.0080472375968966177 0.024430309093900138 0.004547374962285541 -0.014498990595336485 -0.0090866162348243046 -0.016707638757631479 0.012647607189652844 0.0071295883304639878 0.041010276158532567
leaf_weight=707.37447920255363 104.35446340031922 3.8268451320473096 61.147966235876083 2.0577873662114161 26.600825307890776 56.561422960832715 8.0661865472793561 4.9285130947828284 7.7416829243302336 38.875827297568321 9.0596000403165799 5.0179160535335523 4.7174126449972391 4.7031546831130981 3.1374159958213568 130.77692998759449 16.485836486332126 11.017991164699195 3.8790873792022458 527.60406160354614 21.270067624747753 394.51167208701372 30.514688950031996 66.735411509871483 97.593194156885147 18.726769030094147 43.998358130455017 173.03637236449867 42.435065802186728 4.2952590659260741
leaf_count=8160 663 413 434 20 184 432 22 39 61 268 51 24 41 26 36 1234 126 76 35 2409 90 2717 161 294 379 74 379 1706 417 29
internal_value=-2.85825e-05 0.00702003 -0.000343365 0.00447357 0.00280841 -0.00366505 -0.0105953 0.0105402 0.00813662 0.0183291 0.00136883 0.0225368 0.00423481 0.0411994 0.035058 -0.000833529 -0.00183032 -0.0177518 -0.00335369 -0.00152763 0.00188108 -0.00322559 0.00194338 -0.00251071 -0.00676408 0.0116837 0.00438096 0.00705111 -0.00500459 0.00546403
internal_weight=2631.05 112.477 2518.58 232.616 212.982 96.1569 64.6276 31.5293 116.825 46.6175 70.2076 19.6337 9.91262 9.72107 5.1952 2285.96 1682.14 31.3829 20.3649 1650.76 548.874 1101.89 603.817 213.57 164.329 49.2415 390.247 303.813 86.4334 108.65
internal_count=21000 1105 19895 1638 1491 677 454 223 814 329 485 147 97 50 56 18257 13613 237 161 13376 2499 10877 4644 908 673 235 3736 2940 796 692
is_linear=0
shrinkage=0.05


Tree=105
num_leaves=31
num_cat=0
split_feature=3 14 6 14 6 11 5 8 1 6 12 12 12 14 6 14 5 10 12 13 6 5 16 11 5 11 5 11 11 5
split_gain=2.26812 2.08001 3.17561 2.81083 5.59865 2.86609 2.80487 2.75571 2.74826 2.448 3.82864 2.42629 4.81877 4.11047 2.2956 1.87704 4.775 5.78697 8.16174 5.09986 11.7076 5.42291 4.46814 4.14312 4.46032 6.13327 5.95787 3.96481 9.15079 5.52687
threshold=1.0000000180025095e-35 0.011450000107288362 0.43074999749660497 0.013050000183284284 0.81064999103546154 11.500000000000002 86.950000762939467 1.0000000180025095e-35 0.45945000648498541 0.92384999990463268 271.25000000000006 1091.0000000000002 913.75000000000011 0.23505000025033954 0.67444998025894176 0.099950000643730177 34.45000076293946 1.5000000000000002 243.84999847412112 0.2650000005960465 0.6545500159263612 31.650000572204593 2.5000000000000004 11.500000000000002 111.25000000000001 3.5000000000000004 99.350002288818374 6.5000000000000009 8.5000000000000018 58.049999237060554
decision_type=2 2 2 2 2 2 2 2 2 2 2 2 2 2 2 2 2 2 2 2 2 2 2 2 2 2 2 2 2 2
left_child=15 2 -2 4 5 -3 8 9 14 -5 -11 12 -9 -13 -4 27 17 19 22 20 -17 -21 -19 24 26 -26 -18 -1 -29 -30
right_child=1 3 6 7 -6 -7 -8 11 -10 10 -12 13 -14 -15 -16 16 23 18 -20 21 -22 -23 -24 -25 25 -27 -28 28 29 -31
leaf_value=-0.0054849762251794505 0.037594897408444294 -0.031284303050217406 0.0091456437686098981 -0.015432943557425855 0.077609944321417559 0.034489236168413685 -0.029810311105879075 -0.00093804723057765117 0.037349828143634335 -0.018704836440965756 0.068234623308135831 -0.0064742366128547673 0.020801452019152834 -0.053659313369919984 -0.014743637278779816 0.064607780228895295 0.005472525482422024 0.11068727750655774 0.0054722512611625517 0.0092089033106970402 -0.026450106130872099 0.048446847350132077 0.032020042901028216 -0.0029726714410665319 0.059649540382276135 0.0095608784995134498 -0.023057924438365546 0.018033485036861856 -0.0051451203773635254 0.004549145622721738
leaf_weight=267.96788960997947 3.4106076918542376 3.6496922038495523 13.046549833379684 51.786088475724682 3.3697850306052715 3.0323728360235691 16.746511945966631 784.97140647680499 3.3474417012184849 2.7832166086882344 2.3235301459208131 32.433474356308579 26.345967383123934 5.3813439188525072 43.872428424423561 4.2362332604825523 246.49385790410452 4.4096125983633083 7.8542933268472552 62.208579961210489 21.173968188464642 10.257577311247585 3.0558939734473825 291.28777370974422 8.4922220609150845 21.801182907540351 19.765744246076792 76.112036124104634 299.79103602282703 288.5221884904895
leaf_count=1518 22 36 191 762 49 40 223 8854 31 46 43 377 287 49 575 32 1451 39 54 352 111 76 21 1637 61 135 103 466 1648 1711
internal_value=-2.80748e-05 -0.00190801 -0.00961772 -0.00123116 0.0250635 -0.00143576 -0.0117086 -0.00152289 -0.00667857 -0.012176 0.0208519 -0.000809117 -0.000232099 -0.013189 -0.00926791 0.00111881 0.00307353 0.0124773 0.0410527 0.00800459 -0.0112695 0.014763 0.078486 0.00126272 0.00542292 0.0236024 0.00335457 -0.000350886 0.00171973 -0.000390832
internal_weight=2629.93 996.5 80.4235 916.077 10.0519 6.68207 77.0129 906.025 60.2664 56.8928 5.10675 849.132 811.317 37.8148 56.919 1633.43 701.037 113.196 15.3198 97.8764 25.4102 72.4662 7.46551 587.841 296.553 30.2934 266.26 932.393 664.425 588.313
internal_count=21000 11585 1042 10543 125 76 1020 10418 797 851 89 9567 9141 426 766 9415 4072 685 114 571 143 428 60 3387 1750 196 1554 5343 3825 3359
is_linear=0
shrinkage=0.05


Tree=106
num_leaves=31
num_cat=0
split_feature=6 15 5 16 6 5 6 5 6 6 6 11 8 8 5 5 5 5 6 8 14 8 5 12 5 8 6 9 5 4
split_gain=2.2165 3.02458 3.81113 3.12646 5.06901 3.41611 6.96648 5.50753 3.17975 2.9353 2.54477 3.01003 2.81778 4.05278 2.65354 2.43278 3.80046 3.38356 3.18558 2.70884 2.36096 2.3456 3.04343 3.17936 2.3239 3.17895 2.06572 2.56083 2.41574 1.32851
threshold=0.45065000653266912 0.10000000335276128 164.34999847412112 6.5000000000000009 0.79815000295639049 38.549999237060554 0.71114999055862438 42.95000076293946 0.86425000429153453 0.74035000801086437 0.47425000369548803 13.500000000000002 0.76749998331069957 0.73550000786781322 30.44999980926514 72.049999237060561 61.750000000000007 91.549999237060561 0.40365000069141393 0.022149999625980858 0.051950000226497657 0.076949998736381545 126.85000228881837 364.94999694824224 37.45000076293946 0.2071500048041344 0.370049998164177 1.0000000180025095e-35 40.750000000000007 1.0000000180025095e-35
decision_type=2 2 2 2 2 2 2 2 2 2 2 2 2 2 2 2 2 2 2 2 2 2 2 2 2 2 2 2 2 2
left_child=15 10 3 5 9 6 -3 -7 -6 -5 11 24 13 14 -12 16 19 29 -18 -1 -14 -19 23 -23 -2 -26 27 -21 -28 -17
right_child=1 2 -4 4 8 7 -8 -9 -10 -11 12 -13 20 -15 -16 17 18 21 -20 26 -22 22 -24 -25 25 -27 28 -29 -30 -31
leaf_value=0.038328552296690244 0.034775943976061353 -0.0067924689855402374 -0.030103137226973328 0.030872883790519154 -0.031465113865649957 -0.015977298288131801 0.015623006759172612 0.0017707269204260063 0.026521089917525803 0.092328263636423144 -0.0063253136597092854 -0.041168240555981873 -0.048934078621465323 0.038421869083173271 -0.00047849033842491747 -0.034494166673009009 0.017931815371199075 -0.023764978605020012 0.079805903255766628 -0.046542975807507367 -0.0045153506400420363 0.011777310576114799 -0.014204330704669914 0.064501533624612153 -0.041031674765888954 0.012646013824906713 -0.00078437613676363832 0.00049125514467840414 0.025965504164925463 -0.003541666863406115
leaf_weight=6.6374357044696799 3.0577379055321243 50.539997274521738 9.0124245788902027 6.878028380917387 4.8759325481951219 47.404214103939012 110.33304613432847 561.15387226617895 4.5895278370007873 2.7079856395721436 223.71460247947834 8.7223234381526691 5.64832780882716 6.4611190566793075 1463.742127556121 8.5979071795009059 4.9221349377185089 4.3559044487774399 3.6029108427464962 3.7386784665286568 6.3600385766476393 7.9207784957252461 5.3867121785879126 4.4745493605732918 5.5770194921642524 5.4573412286117673 18.527139213867486 12.808473672252147 15.502141395118086 5.80875071696937
leaf_count=52 33 414 75 62 37 340 917 4240 42 29 1809 64 28 47 11982 68 41 29 33 22 44 62 31 39 42 45 120 95 116 42
internal_value=-2.80121e-05 -0.000320168 0.00222705 0.00259659 0.0226054 0.00210116 0.00858094 0.000388228 -0.00334928 0.0482336 -0.00149524 -0.0180836 -0.00127339 -0.0011023 -0.00125363 0.00718776 0.0129371 -0.00315456 0.0440814 0.0082965 -0.0254084 0.00911865 0.0171739 0.0308101 -0.0037954 -0.0144839 0.00435522 -0.0101357 0.0114016 -0.0220141
internal_weight=2628.52 2526.24 797.495 788.483 19.0515 769.431 160.873 608.558 9.46546 9.58601 1728.74 22.8144 1705.93 1693.92 1687.46 102.284 65.7389 36.5446 8.52505 57.2139 12.0084 22.1379 17.782 12.3953 14.0921 11.0344 50.5764 16.5472 34.0293 14.4067
internal_count=21000 20250 6156 6081 170 5911 1331 4580 79 91 14094 184 13910 13838 13791 750 479 271 74 405 72 161 132 101 120 87 353 117 236 110
is_linear=0
shrinkage=0.05


Tree=107
num_leaves=31
num_cat=0
split_feature=1 6 2 11 6 6 1 1 8 2 2 12 6 1 2 6 12 6 12 6 5 10 1 1 5 2 7 2 2 11
split_gain=2.19635 4.89291 4.03567 4.57063 8.64253 8.37891 4.25659 3.96657 4.61497 5.58397 3.97162 3.87036 3.84756 3.71395 3.37248 6.8959 4.91378 7.40806 5.33977 3.30916 3.20803 3.11298 3.89257 3.70312 9.25025 3.06895 2.43694 2.42459 7.36107 6.42319
threshold=0.12384999915957452 0.9770999848842622 6078.9050292968759 15.500000000000002 0.77775001525878917 0.85975000262260448 0.085349999368190779 0.13035000115633014 0.076949998736381545 4388.5549316406259 938.64498901367199 68.750000000000014 0.51485002040863048 0.099849998950958266 3449.265014648438 0.96195000410079967 109.85000228881837 0.75405001640319835 94.149997711181655 0.98775002360343944 56.350000381469734 2.5000000000000004 0.15505000203847888 0.14705000072717669 107.45000076293947 10212.334960937502 4.5000000000000009 1845.5050048828127 1782.195007324219 14.500000000000002
decision_type=2 2 2 2 2 2 2 2 2 2 2 2 2 2 2 2 2 2 2 2 2 2 2 2 2 2 2 2 2 2
left_child=2 7 14 4 6 -6 -4 8 9 -2 -10 -3 -12 -8 27 16 18 -18 -16 -13 -5 23 -23 24 -9 -25 -24 28 -1 -30
right_child=1 11 3 20 5 -7 13 21 10 -11 12 19 -14 -15 15 -17 17 -19 -20 -21 -22 22 26 25 -26 -27 -28 -29 29 -31
leaf_value=-0.0014790603056792848 0.0050370696758722036 -0.020590247965923309 0.006083975719504745 -0.0040394684556620394 0.044135899828972355 -0.015455085614812129 -0.057013339643347684 -0.0094851063672022756 -0.0084771969747017371 -0.059426306195656087 0.067964161299104028 0.056549313706138596 0.017845168378992988 -0.016338594858788847 -0.0010303557048923129 -0.0515262755724381 0.025302374327137302 0.0013758755441077657 -0.052132233398920327 0.006811376708061298 -0.044131776445541719 0.046136508356155737 0.0027536919720037509 0.0010088411566773169 0.025346411340422838 -0.018786273655349864 0.049520681593262672 -0.0068068888059964854 0.08614655022222073 0.0049787731455079092
leaf_weight=324.62083673779853 11.783534280024471 3.4485758170485523 9.5654580220580083 7.271807678043845 13.27784299105406 10.614425680600105 9.7546376390382665 202.17561430949718 13.851789357140659 4.6990037485957137 4.0918473191559306 9.1511662788689119 59.68326414655894 13.215184912085531 44.153339342214167 5.2822672529146066 55.893492159899324 76.805580836720765 5.7813256029039612 5.2699233535677186 15.897298965603111 7.4538305483292779 34.253918106900528 1389.8312264205888 21.04527067579329 19.859845399856567 3.0320833970326921 236.21467916527763 4.5318413963541371 5.2738337349146605
leaf_count=3982 123 25 36 30 50 38 23 1591 184 22 31 78 413 40 211 23 307 383 25 38 46 108 400 10682 189 40 50 1734 55 43
internal_value=-2.73845e-05 0.000961865 -0.00213964 -0.0128502 -0.00517271 0.0176619 -0.0219413 0.000699306 0.010688 -0.0133408 0.01579 0.0269944 0.0210608 -0.033612 -0.00101576 0.0047939 0.00642283 0.0114538 -0.00694682 0.0383735 -0.0315485 0.00013898 0.0131509 -0.000217531 -0.00620119 0.000729966 0.00655677 -0.00292892 -0.0001898 0.0424917
internal_weight=2627.78 1789.63 838.154 79.5967 56.4275 23.8923 32.5353 1771.76 94.1094 16.4825 77.6269 17.8697 63.7751 22.9698 758.557 187.916 182.634 132.699 49.9347 14.4211 23.1691 1677.65 44.7398 1632.91 223.221 1409.69 37.286 570.641 334.427 9.80568
internal_count=21000 13974 7026 263 187 88 99 13833 773 145 628 141 444 63 6763 949 926 690 236 116 76 13060 558 12502 1780 10722 450 5814 4080 98
is_linear=0
shrinkage=0.05


Tree=108
num_leaves=31
num_cat=0
split_feature=9 10 7 2 6 12 12 5 6 15 12 12 12 5 13 12 12 12 12 2 1 14 12 6 6 5 1 9 10 10
split_gain=2.15059 2.94164 2.27027 2.96996 2.38291 4.03892 4.64731 3.51916 2.99303 2.14114 2.86905 9.05973 6.29495 4.36206 4.28894 3.68912 2.23029 5.73554 6.405 5.09598 6.60909 4.37476 3.09503 2.01978 3.64775 2.71465 3.86859 0.000237686 9.28928e-05 1.90075e-05
threshold=3.5000000000000004 2.5000000000000004 1.0000000180025095e-35 8996.6650390625018 0.91574999690055858 788.75000000000011 252.15000152587893 17.849999427795414 0.89574998617172252 0.45000000298023229 66.649997711181655 53.149999618530281 46.250000000000007 30.849999427795414 0.2650000005960465 113.85000228881837 1223.549987792969 970.10000610351574 1041.7500000000002 2991.984985351563 0.22344999760389331 0.22105000168085101 658.75000000000011 0.950850009918213 0.92084997892379772 124.45000076293947 0.37845000624656683 6.5000000000000009 3.5000000000000004 3.5000000000000004
decision_type=2 2 2 2 2 2 2 2 2 2 2 2 2 2 2 2 2 2 2 2 2 2 2 2 2 2 2 2 2 2
left_child=2 23 3 4 7 6 -6 -1 -9 16 11 12 -11 14 -12 -15 17 22 -19 21 -21 -18 -4 24 25 26 -2 28 -3 -29
right_child=1 27 9 -5 5 -7 -8 8 -10 10 13 -13 -14 15 -16 -17 19 18 -20 20 -22 -23 -24 -25 -26 -27 -28 29 -30 -31
leaf_value=0.045037881664523383 0.00013893828374364229 0.051958373850017996 4.1494859312502908e-05 0.039487082347918909 -0.005290556696024142 -0.046185700155223587 0.044957579535146897 -0.0084155308803495754 -0.042761370571066895 0.015697277898072595 -0.047879323983834196 0.079328341255927082 -0.054431314896991573 -0.013126190360280697 -0.0021509576206939895 0.0083601354280853964 0.010140196655201432 0.035914950009730551 0.0038584974075867823 -0.0059992329861929981 -0.055744254370822026 -0.040168529719760065 -0.0064963313413536608 0.038870325691008012 -0.032204863412195965 0.0378069721771555 0.03081329750918671 0.050961229950640764 0.051244040936972039 0.050578755989719316
leaf_weight=2.969257313758134 79.536130763590336 0.70761520601808969 1781.2843553908169 3.5536483377218238 10.159809162840252 2.8783430829644194 8.4109932100400311 143.85991265065968 6.635708535090088 27.43408223241568 7.9592768177390125 5.1155827958136788 3.6224717348814002 23.460813321173191 14.413085669279097 134.54593009874225 30.330217741429806 22.361157397739589 51.399410702288151 16.956545937806371 11.014044672250746 5.0391820184886447 201.50237557571381 4.2953053265810004 6.5611547231674185 6.3925289064645758 11.804303791373966 0.44798867893405248 1.2754257624037562 1.1816092215012757
leaf_count=36 501 43 14162 12 95 21 79 1319 61 200 41 45 19 149 109 937 333 196 384 80 35 40 1542 29 36 45 81 48 106 216
internal_value=-2.75036e-05 0.00674533 -0.000329672 -0.00576524 -0.00668461 0.0089257 0.0174676 -0.0088664 -0.00992992 8.55206e-05 0.0048213 0.0176731 0.0075174 0.00224408 -0.0184195 0.00516985 -0.00039825 -0.000113631 0.0135767 -0.00963938 -0.0255874 0.00297257 -0.000622917 0.00526866 0.00388479 0.00630762 0.00410311 0.0511313 0.0514989 0.0506839
internal_weight=2627.11 112.202 2514.91 178.468 174.914 21.4491 18.5708 153.465 150.496 2336.44 216.551 36.1721 31.0566 180.379 22.3724 158.007 2119.89 2056.55 73.7606 63.34 27.9706 35.3694 1982.79 108.589 104.294 97.733 91.3404 3.61264 1.98304 1.6296
internal_count=21000 1105 19895 1623 1611 195 174 1416 1380 18272 1500 264 219 1236 150 1086 16772 16284 580 488 115 373 15704 692 663 627 582 413 149 264
is_linear=0
shrinkage=0.05


Tree=109
num_leaves=31
num_cat=0
split_feature=3 2 6 8 2 6 6 14 14 9 14 8 12 1 11 1 14 2 2 6 11 0 8 14 11 12 7 12 1 1
split_gain=2.23567 2.21414 4.2788 3.80519 2.47339 6.97989 16.6578 12.2455 7.05672 2.65659 3.74907 2.67676 5.63909 2.64919 2.35031 2.34152 1.94253 3.29321 3.66454 3.82233 5.04913 4.79012 3.22496 3.67885 3.70593 2.4489 4.02829 6.74061 6.36516 4.36418
threshold=1.0000000180025095e-35 8219.7949218750018 0.82644999027252208 0.18425000458955768 6457.9150390625009 0.77494999766349804 0.84415000677108776 0.082350000739097609 0.12734999507665637 4.5000000000000009 0.06515000015497209 0.6585499942302705 328.05000305175787 0.13264999538660052 12.500000000000002 0.45945000648498541 0.024249999783933166 4026.6450195312505 2374.400024414063 0.6098499894142152 8.5000000000000018 1.5000000000000002 0.42915000021457678 0.016950000077486042 5.5000000000000009 66.649997711181655 2.5000000000000004 49.750000000000007 0.12115000188350679 0.054950000718235976
decision_type=2 2 2 2 2 2 2 2 2 2 2 2 2 2 2 2 2 2 2 2 2 2 2 2 2 2 2 2 2 2
left_child=1 4 3 -3 9 8 -7 -8 14 11 13 15 -13 -11 -6 -1 17 18 -2 21 -21 -20 23 24 -19 26 29 28 -28 -18
right_child=16 2 -4 -5 5 6 7 -9 -10 10 -12 12 -14 -15 -16 -17 25 22 19 20 -22 -23 -24 -25 -26 -27 27 -29 -30 -31
leaf_value=0.0003095180739036305 -0.0087200337434268325 -0.013564849872986444 0.037193243240029372 0.017391741000191818 0.010323570104675942 0.050590506593994181 -0.046636181889109868 0.023992341762434467 -0.052533331538081179 0.038701084872426773 0.060650051359143024 0.031470373850479148 -0.0063367678220573728 -0.031463832779210124 -0.023412241788900025 0.011158987259745512 0.0624306553611381 -0.050542750515170043 0.092524423909432871 -0.021848769450180616 0.018437865418558078 -0.0030801875116395227 0.0089689296223497365 -0.052941067281894877 -0.0048747159326116632 0.00032303773520549499 -0.017796284870474147 -0.026791793740349956 0.021425001618041915 -0.01649866873825508
leaf_weight=1404.524059491232 81.494171765167266 18.168319568037987 12.17868337407708 21.883613452315331 10.535008411854507 13.743282446637748 15.005237668752672 10.383862799964843 13.654574036598204 2.3831491221208108 4.5137942736037076 21.177411172538996 18.460172202438116 3.0890235928818583 10.124235779047011 51.555823578499258 1.7931055449880648 5.8319474086165455 2.90699145104736 12.257796006277202 21.278026459738612 2.385156505741179 8.2838197946548444 9.1336160730570537 18.643943198025227 688.09942569560371 14.237972234841434 15.575441576540468 37.827322727069259 75.158914014231414
leaf_count=8319 1428 36 31 46 29 40 31 28 25 40 122 137 108 56 23 344 30 33 34 130 222 20 44 67 133 7833 197 169 372 873
internal_value=-2.70195e-05 0.00111222 0.0112407 0.00334924 0.000777224 -0.00818241 0.00625124 -0.0177499 -0.0246429 0.00121426 0.0269178 0.00104266 0.0138627 -0.000906782 -0.00620895 0.000693668 -0.00189507 -0.0069007 -0.00269699 0.0099445 0.00371256 0.0494357 -0.0189742 -0.0258614 -0.0157562 -0.000919934 -0.00683509 0.00206641 0.0106994 -0.0146595
internal_weight=2626.29 1631.38 52.2306 40.0519 1579.15 73.4462 39.1324 25.3891 34.3138 1505.7 9.98597 1495.72 39.6376 5.47217 20.6592 1456.08 994.908 162.215 120.322 38.828 33.5358 5.29215 41.8933 33.6095 24.4759 832.692 144.593 67.6407 52.0653 76.952
internal_count=21000 9415 113 82 9302 176 99 59 77 9126 218 8908 245 96 52 8663 11585 2111 1834 406 352 54 277 233 166 9474 1641 738 569 903
is_linear=0
shrinkage=0.05


Tree=110
num_leaves=31
num_cat=0
split_feature=14 2 2 8 8 2 12 8 14 2 2 1 14 14 12 14 5 2 6 9 6 12 12 2 5 2 1 6 12 5
split_gain=2.08195 4.73443 4.66369 6.26073 4.17669 3.73003 3.57471 2.99928 4.83277 3.79683 3.91765 8.20615 5.87787 4.73465 6.61745 4.24043 3.8138 4.37124 3.42828 4.84418 3.19532 5.5068 5.54409 5.21747 8.43103 4.18285 3.41976 2.91182 2.84549 2.46193
threshold=0.10994999855756761 10212.334960937502 7735.0351562500009 0.3887500017881394 0.14514999836683276 7332.6101074218759 1450.799987792969 0.12274999916553499 0.10724999755620958 2302.7500000000005 5919.9299316406259 0.28274999558925634 0.059650000184774406 0.017450000159442428 103.64999771118165 0.030749999918043617 101.54999923706056 2016.5549926757815 0.49670000374317175 1.5000000000000002 0.71114999055862438 561.14999389648449 1091.0000000000002 5763.5000000000009 67.850002288818374 4388.5549316406259 0.054950000718235976 0.85684999823570263 51.549999237060554 56.750000000000007
decision_type=2 2 2 2 2 2 2 2 2 2 2 2 2 2 2 2 2 2 2 2 2 2 2 2 2 2 2 2 2 2
left_child=7 2 5 4 -4 6 27 9 20 16 13 12 -12 14 -11 -15 18 -18 19 -1 21 26 -23 25 -25 -22 -9 -2 -20 -10
right_child=1 -3 3 -5 -6 -7 -8 8 29 10 11 -13 -14 15 -16 -17 17 -19 28 -21 23 22 -24 24 -26 -27 -28 -29 -30 -31
leaf_value=0.037521251725310609 0.0038367574176614476 -0.026838312790656904 0.028924690296206725 0.054781124034804875 -0.012746656340005314 -0.029174446678789892 -0.023351039941445079 0.022524786500034505 -0.0035416081200077311 0.063089166984909892 -0.038067189002740219 0.032665888445636247 0.0038719158969738551 -0.018699177746849562 0.0086710241933397603 0.0036904571542936346 0.0012846170312683903 0.071036380333097546 0.0025736911012201537 -0.026307035164977774 0.0025272212323769576 0.017549766634139773 -0.012015333337840073 0.026419903193412298 -0.0080435663780333705 -0.0095515890178337198 -0.0067987648795660967 -0.0022005408905856005 -0.017348265178028881 -0.037601733546854123
leaf_weight=7.5943031189963204 705.97341135819443 14.34658690355718 11.35807358287275 9.4996955022215825 12.777757108211516 9.8326641693711263 13.960527509916572 10.26521928841248 9.1701005361974257 7.0684865042567244 23.765324012376368 7.966927394270896 12.883678196929393 26.719009946100414 26.646376529708505 101.41248211357743 22.644889482762668 2.4934490825980893 20.670901268720627 4.8844780577346683 582.32554309233092 54.721933778608218 22.326034612953663 51.925684489309788 26.959866091609001 81.734484270215034 316.41900893952698 278.50883446913213 134.87831837288104 12.588946173898874
leaf_count=90 5689 36 35 29 34 27 102 97 73 54 90 30 51 161 178 654 296 25 263 46 5307 476 156 184 91 323 2434 2207 1675 87
internal_value=-2.69774e-05 0.00168893 0.00208173 0.0203969 0.00686345 0.00147075 0.00177255 -0.00118282 9.60361e-05 -0.00492195 -0.000207867 -0.0133259 -0.0233238 0.00340836 0.0200801 -0.00097841 -0.00996052 0.00820323 -0.012678 0.0125374 0.000538996 -0.00304146 0.00898275 0.00248469 0.0146417 0.00104053 -0.00587735 0.00212881 -0.0147008 -0.0232475
internal_weight=2624.32 1056.26 1041.91 33.6355 24.1358 1008.28 998.443 1568.07 1168.44 399.629 206.462 44.6159 36.649 161.846 33.7149 128.131 193.166 25.1383 168.028 12.4788 1146.68 403.732 77.048 742.946 78.8856 664.06 326.684 984.482 155.549 21.759
internal_count=21000 8159 8123 98 69 8025 7998 12841 9228 3613 1218 171 141 1047 232 815 2395 321 2074 136 9068 3163 632 5905 275 5630 2531 7896 1938 160
is_linear=0
shrinkage=0.05


Tree=111
num_leaves=31
num_cat=0
split_feature=3 5 5 14 5 5 14 15 5 12 5 1 5 14 14 5 9 1 14 12 1 11 12 14 7 1 5 5 1 16
split_gain=2.08514 1.89919 2.82343 2.08316 3.20173 3.65151 2.71932 4.26844 2.45835 1.80218 3.95011 3.78512 2.62276 1.8382 6.68258 10.9591 5.41615 4.68248 3.76879 5.15597 4.63297 3.8227 9.91183 3.91735 3.40299 3.18961 1.95842 1.21524 0.849631 0.754869
threshold=1.0000000180025095e-35 184.75000000000003 176.75000000000003 0.011450000107288362 49.45000076293946 44.149999618530281 0.013050000183284284 0.10000000335276128 31.250000000000004 5.5499999523162851 60.649999618530281 0.12535000592470172 47.95000076293946 0.065949998795986189 0.069250002503395094 56.750000000000007 4.5000000000000009 0.4910500049591065 0.058250000700354583 517.25000000000011 0.30994999408721929 18.500000000000004 667.50000000000011 0.013650000095367433 1.5000000000000002 0.28804999589920049 34.45000076293946 86.950000762939467 0.18225000053644183 2.5000000000000004
decision_type=2 2 2 2 2 2 2 2 2 2 2 2 2 2 2 2 2 2 2 2 2 2 2 2 2 2 2 2 2 2
left_child=9 2 3 4 5 -2 7 -5 -8 10 12 -12 -1 18 15 26 17 -16 21 20 -20 23 -23 -11 -21 -17 -15 -6 -3 -18
right_child=1 28 -4 6 27 -7 8 -9 -10 13 11 -13 -14 14 16 25 29 -19 19 24 -22 22 -24 -25 -26 -27 -28 -29 -30 -31
leaf_value=0.018552438178078449 -0.0060723614032472326 -0.054966664471787177 0.044372853523610208 0.0066159024561201181 -0.011785661865235633 0.035848454924499805 -0.0081186509630152212 0.083343401994486199 -0.00041296850958362057 0.0056556637638367118 -0.029881460662640809 0.021836286849021034 0.069052769507243539 -0.020481852831741934 0.0010035994302228367 0.090029755949117773 0.070340536296477546 0.036151594677623265 -0.011885555787572458 -0.018637761265706931 -0.047947491702792375 0.014020848843554208 -0.023525474411983008 -0.0045207778247823944 0.030949271096573444 0.028565338261899956 0.018487973975117349 -0.028349017938297912 -0.014122299399775027 0.023605982751205241
leaf_weight=7.2747432254254836 23.348400162532929 2.2702605351805678 3.317786660976707 7.6921415980905277 32.27212549210526 6.6810161913745096 119.42551045445725 2.3714422211050987 776.42331293481402 128.01029602973722 6.8796411640942079 7.2832891792058945 3.9763974617235363 6.3870352655649203 881.35634759720415 6.4197192676365358 3.1341770542785516 9.5787631440907699 42.694374409969896 5.3278983770869663 11.254074828699229 106.86064721713774 21.038153059314936 361.9746894785203 9.868356214836238 3.1446300968527794 6.509930707514286 16.859176471829414 2.899162127636373 1.1929092893842606
leaf_count=46 305 29 42 91 439 67 1456 32 8868 757 38 49 31 35 4984 54 92 71 228 29 48 647 113 2049 61 18 34 224 32 31
internal_value=-2.70567e-05 -0.00183256 -0.00167446 -0.00182955 -0.00960786 0.00325428 -0.00114987 0.0246964 -0.00144021 0.00107337 0.0142839 -0.0032856 0.0364004 0.000864155 0.00232833 0.029265 0.00165252 0.00138149 -0.00109168 -0.0121619 -0.0194084 0.000147148 0.00784483 -0.00186215 0.0135638 0.0698211 -0.000811267 -0.0174693 -0.03206 0.0574566
internal_weight=2623.73 993.56 988.391 985.073 79.1607 30.0294 905.912 10.0636 895.849 1630.17 25.4141 14.1629 11.2511 1604.75 917.724 22.4613 895.262 890.935 687.028 69.1447 53.9484 617.884 127.899 489.985 15.1963 9.56435 12.897 49.1313 5.16942 4.32709
internal_count=21000 11585 11524 11482 1035 372 10447 123 10324 9415 164 87 77 9251 5319 141 5178 5055 3932 366 276 3566 760 2806 90 72 69 663 61 123
is_linear=0
shrinkage=0.05


Tree=112
num_leaves=30
num_cat=0
split_feature=13 5 12 16 5 5 8 1 8 12 5 11 14 1 16 8 1 12 1 14 1 16 6 6 8 6 1 5 12
split_gain=2.04281 3.02074 4.77951 3.24478 2.85417 4.8945 7.4486 3.36789 5.61734 6.11199 2.82768 4.68017 2.80757 3.42435 2.55667 2.53796 3.91186 3.77691 2.12648 3.03525 2.11401 1.98511 2.20534 1.50079 1.43099 1.41176 1.41872 1.19206 0.527052
threshold=0.50000000000000011 12.550000190734865 97.850002288818374 10.500000000000002 128.25000000000003 123.35000228881837 0.15224999934434894 0.05295000039041043 0.44024999439716345 180.84999847412112 13.650000095367433 16.500000000000004 0.30110000073909765 0.43064999580383306 4.5000000000000009 0.16305000334978106 0.3213499933481217 85.350002288818374 0.43355000019073492 0.024249999783933166 0.10684999823570253 2.5000000000000004 0.62865000963211071 0.82104998826980602 0.24534999579191211 0.88275000452995311 0.26745000481605535 148.15000152587893 243.84999847412112
decision_type=2 2 2 2 2 2 2 2 2 2 2 2 2 2 2 2 2 2 2 2 2 2 2 2 2 2 2 2 2
left_child=1 2 -1 12 5 7 -7 8 9 -2 11 -9 15 14 -14 16 -3 -17 19 27 -12 22 -21 -15 -23 26 28 -6 -4
right_child=4 3 25 -5 18 6 -8 10 -10 -11 20 -13 13 23 -16 17 -18 -19 -20 21 -22 24 -24 -25 -26 -27 -28 -29 -30
leaf_value=0.040244741877361268 0.083486939938620858 -0.0058322566119459514 -0.055832571465471159 0.04720874700382538 -0.014614514367154205 -0.01491517979772914 0.091300764744922311 0.059349849234078801 -0.032372802510714664 0.015199765048159113 -0.0041931225050882703 -0.0133754389764282 0.002314342545126238 0.019424468268788478 0.03233477585896731 -0.0052781873793632311 0.0041958855546566183 0.0015818512104665309 -0.040887245326987093 -0.043019574615549588 0.0031024657626892243 0.0012627878429835129 -2.4996150990287469e-05 0.064034253530100435 0.039495112891804636 -0.062462099414351518 0.0050227327206508309 -0.055356722904621784 -0.026829428344107217
leaf_weight=2.5116424150764933 4.8139922851696637 493.00618321308866 2.4838924109935743 3.5299392929300657 3.5354025987908235 2.900651153177022 3.8299636263400316 5.4127828129567188 3.6177104078233233 10.261476299725471 124.36073735100217 3.741338255815208 93.611436179839075 4.2267496995627871 7.6735676014795891 255.69477326609194 121.14474651147611 931.90721938177012 5.0450158528983584 3.7056692563928726 492.63714574207552 5.1957395095378143 15.284219468943773 3.4035882316529751 4.6270038783550262 3.4600574728101483 2.7615244821645319 3.6477281488478184 4.2406693985685706
leaf_count=21 53 4451 21 34 25 27 38 48 20 81 1016 31 711 29 67 1970 964 7289 33 26 3729 34 116 24 38 19 19 25 41
internal_value=-2.65842e-05 -0.000862672 -0.022877 -0.000684898 0.00230279 0.00310833 0.0455255 0.0026656 0.0235788 0.0370056 0.00204125 0.0296266 -0.000773381 0.00702216 0.00458875 -0.00124462 -0.00385415 0.000104861 -0.0104863 -0.00622539 0.00163198 0.00102409 -0.00841492 0.0393231 0.0192721 -0.0351231 -0.0251512 -0.0353042 -0.0375425
internal_weight=2622.27 1929.66 15.4578 1914.2 692.617 651.576 6.73061 644.845 18.6932 15.0755 626.152 9.15412 1910.67 108.915 101.285 1801.75 614.151 1187.6 41.0408 35.9958 616.998 28.8126 18.9899 7.63034 9.82274 12.9461 9.48609 7.18313 6.72456
internal_count=21000 15660 121 15539 5340 5043 65 4978 154 134 4824 79 15505 831 778 14674 5415 9259 297 264 4745 214 142 53 72 100 81 50 62
is_linear=0
shrinkage=0.05


Tree=113
num_leaves=31
num_cat=0
split_feature=3 5 5 6 6 14 14 1 1 6 9 5 14 5 14 1 5 1 14 14 8 1 5 5 14 5 15 14 8 7
split_gain=1.93242 1.7583 5.45494 4.92911 6.62238 5.51118 4.46462 3.38793 2.83409 2.78812 2.73572 2.59066 5.23087 4.34914 4.01476 3.80145 5.33345 3.43955 2.43261 2.2918 2.26098 3.0122 1.74886 2.48158 1.88452 2.9297 3.64123 2.40952 5.46515 2.26075
threshold=1.0000000180025095e-35 34.850000381469734 30.849999427795414 0.93655002117156994 0.91574999690055858 0.094350002706050887 0.011450000107288362 0.16874999552965167 0.34870000183582311 0.83034998178482067 4.5000000000000009 46.750000000000007 0.021249999292194847 46.45000076293946 0.016950000077486042 0.45945000648498541 75.950000762939467 0.45565000176429754 0.077550001442432417 0.087850000709295287 0.56435000896453869 0.064950000494718566 184.75000000000003 176.75000000000003 0.011450000107288362 49.45000076293946 0.10000000335276128 0.013050000183284284 0.35764999687671667 1.0000000180025095e-35
decision_type=2 2 2 2 2 2 2 2 2 2 2 2 2 2 2 2 2 2 2 2 2 2 2 2 2 2 2 2 2 2
left_child=1 2 3 4 5 -1 -4 9 -9 -8 11 12 14 -14 -3 17 -17 -13 -5 -6 21 -12 23 24 25 26 -2 28 -26 -29
right_child=22 10 6 18 19 -7 7 8 -10 -11 20 15 13 -15 -16 16 -18 -19 -20 -21 -22 -23 -24 -25 27 -27 -28 29 -30 -31
leaf_value=-0.006294002497881538 -0.0086003776068030429 -0.012953652962323706 0.057885216694011844 -0.0047593648515362082 0.076603171718001378 0.010902933124074064 -0.0076813001700808932 0.037607415326670154 0.0033822475628783434 0.02375208923148615 -0.036573217611473786 0.00089231467339889866 -3.12597395927575e-05 -0.042944804545023994 -0.052117852096767642 0.038341010112998598 -0.0016380520220002166 -0.035803197603524343 -0.040731738127280703 0.02232887640153329 -0.03106387427714289 0.056540404693263928 -0.031183844330201271 0.040913316741530731 0.0030178681878006916 -0.016807146108027596 0.029016194242701104 -0.011194139918793771 0.089739824804026258 -0.0007508589175631461
leaf_weight=106.11870933091268 20.750102078076456 35.119054082781076 6.1204181956127277 8.9499870426952857 3.7274235440418115 83.0501467671711 22.408706877846271 18.014652993762869 9.1062899259850365 10.295812149532138 1.0323207101318974 1036.6677956739441 214.09321737941355 6.0715501755475989 8.0421304758638126 16.239711493253708 17.154316261410713 6.425383783876895 9.8965286761522275 4.0675618685781956 1.2742215676698831 5.4750737189315259 5.0264328429475418 3.4181120153516522 7.8904827015940082 48.426818336127326 9.3239830099046213 55.230961973080412 2.3600889523513615 839.76282474468462
leaf_count=598 259 184 45 52 26 482 135 115 61 69 15 5874 1202 28 39 116 106 28 48 26 14 152 61 42 94 663 113 841 29 9483
internal_value=-2.61069e-05 0.00103322 0.00462535 0.000779556 0.003117 0.00125591 0.0172109 0.0130497 0.0261158 0.00221434 0.00028218 0.000110492 -0.0043349 -0.0012147 -0.020251 0.00119791 0.017804 0.000666273 -0.0236489 0.0482819 0.0298428 0.041769 -0.00176572 -0.00161593 -0.0017637 -0.00919517 0.00306203 -0.00111926 0.0229847 -0.00139532
internal_weight=2621.54 1629.35 281.756 215.81 196.964 189.169 65.9459 59.8255 27.1209 32.7045 1347.59 1339.81 263.326 220.165 43.1612 1076.49 33.394 1043.09 18.8465 7.79499 7.78162 6.50739 992.19 987.163 983.745 78.5009 30.0741 905.244 10.2506 894.994
internal_count=21000 9415 1657 1232 1132 1080 425 380 176 204 7758 7577 1453 1230 223 6124 222 5902 100 52 181 167 11585 11524 11482 1035 372 10447 123 10324
is_linear=0
shrinkage=0.05


Tree=114
num_leaves=31
num_cat=0
split_feature=10 9 2 10 14 12 5 12 2 8 2 5 14 8 14 2 8 14 5 8 14 12 5 9 10 10 12 5 3 12
split_gain=1.93195 2.61565 2.2057 8.23566 4.90027 13.0644 8.71499 5.68632 3.41483 2.74583 3.32466 6.72332 4.16846 2.53287 2.1567 3.24981 2.46322 1.62082 2.00326 1.89859 1.74734 3.23731 2.76053 0.000209111 8.15234e-05 1.42377e-05 8.93677e-06 4.68691e-06 4.34215e-06 1.7198e-06
threshold=2.5000000000000004 3.5000000000000004 7735.0351562500009 1.5000000000000002 0.065949998795986189 107.64999771118165 46.45000076293946 220.15000152587893 7332.6101074218759 0.61695000529289257 4149.6547851562509 51.95000076293946 0.053950000554323203 0.22874999791383746 0.099950000643730177 4388.5549316406259 0.60834997892379772 0.27504999935626989 32.049999237060554 0.16935000568628314 0.056849999353289611 113.85000228881837 76.350002288818374 6.5000000000000009 3.5000000000000004 3.5000000000000004 479.80000305175787 30.44999980926514 1.0000000180025095e-35 674.54998779296886
decision_type=2 2 2 2 2 2 2 2 2 2 2 2 2 2 2 2 2 2 2 2 2 2 2 2 2 2 2 2 2 2
left_child=2 17 8 4 7 -6 -7 -4 9 14 12 -12 -11 -10 15 -1 -16 18 19 -2 21 -20 -22 24 -3 -25 28 -27 -26 -29
right_child=1 23 3 -5 5 6 -8 -9 13 10 11 -13 -14 -15 16 -17 -18 -19 20 -21 22 -23 -24 25 26 27 -28 29 -30 -31
leaf_value=-0.00097869971319404568 -0.042488233467733685 0.051866789833415555 -0.031795471422002355 0.043424509354256943 0.052256378145494366 -0.029312977150053484 0.014372015027644789 0.0076695236207702279 -0.00063807170504966062 -0.011013774213214898 0.056937956823595925 -0.0010798770572559675 0.011006879694272047 -0.032628698324433152 0.0011722129475960222 -0.007684522568323195 -0.028578130856023693 0.034280819577181564 -0.010761228374621276 0.0022356418620010088 0.012763576700212765 0.032123429321693639 -0.016623801961607364 0.050882255025838055 0.050940647632924024 0.050772265480414594 0.051409280090415503 0.050464548895746197 0.051175173029345766 0.050664949067920906
leaf_weight=1063.2977760396898 4.1791340596973878 0.66866597346961443 19.080125063657761 13.372135706245897 14.217579022049902 18.433370046317577 29.992926925420761 17.497907474637032 10.860020373016598 33.184078317135572 9.2590537071228045 10.83895532786846 60.989328294992447 14.380567595362661 1008.6114283530042 217.65690103918314 7.0059385616332284 4.7016963362693778 6.3408479057252434 5.490651898086071 19.084979442879558 14.382354285567997 13.747478961944578 0.41300298809073854 0.29514714120887198 0.17795967962592818 0.30968279391527176 0.78851746919099241 0.59570738626644015 0.1238775784149766
leaf_count=9902 22 43 47 42 47 46 80 49 44 259 41 38 460 36 8070 912 40 40 39 41 139 108 85 48 32 27 23 168 51 21
internal_value=-2.56218e-05 0.00809207 -0.000252716 0.00658915 0.00162484 0.0101156 -0.00225659 -0.0129165 -0.000568942 -0.000377395 0.00718734 0.0256487 0.00324742 -0.0188644 -0.000753796 -0.00211814 0.000966989 0.00595817 0.00385199 -0.0170933 0.00763379 0.0190017 0.000458608 0.0510713 0.0514243 0.0506322 0.0511779 0.0505375 0.0510975 0.0504918
internal_weight=2619.98 71.2997 2548.68 112.594 99.2219 62.6439 48.4263 36.578 2436.08 2410.84 114.271 20.098 94.1734 25.2406 2296.57 1280.95 1015.62 67.9271 63.2254 9.66979 53.5557 20.7232 32.8325 3.37256 1.8692 1.50336 1.20054 1.09035 0.890855 0.912395
internal_count=21000 887 20113 311 269 173 126 96 19802 19722 798 79 719 80 18924 10814 8110 474 434 63 371 147 224 413 149 264 106 216 83 189
is_linear=0
shrinkage=0.05


Tree=115
num_leaves=31
num_cat=0
split_feature=6 6 2 11 8 11 15 5 11 14 9 8 8 5 5 5 5 6 15 14 14 2 2 2 14 12 2 6 12 0
split_gain=1.92542 2.68516 3.96784 3.95974 3.67749 3.28351 2.39177 3.42215 3.26978 4.96486 3.46555 2.78426 3.3325 2.27515 2.20251 3.41701 2.89388 2.84986 2.61424 4.80329 2.45864 2.21978 2.92386 2.86513 2.21931 3.27722 2.15257 1.98602 2.52127 1.96995
threshold=0.45065000653266912 0.47425000369548803 1508.5350341796877 12.500000000000002 0.16755000501871112 5.5000000000000009 0.10000000335276128 164.34999847412112 1.0000000180025095e-35 0.11935000121593477 4.5000000000000009 0.76749998331069957 0.73550000786781322 30.44999980926514 73.250000000000014 91.549999237060561 61.750000000000007 0.41915000975131994 0.10000000335276128 0.019450000487267975 0.094350002706050887 2460.045043945313 1796.850036621094 816.10000610351574 0.070749998092651381 522.85000610351574 2224.180053710938 0.46635000407695776 328.05000305175787 1.5000000000000002
decision_type=2 2 2 2 2 2 2 2 2 2 2 2 2 2 2 2 2 2 2 2 2 2 2 2 2 2 2 2 2 2
left_child=14 2 5 4 -4 -2 11 8 9 -8 -10 12 13 -3 16 -16 18 -18 19 -1 -21 22 23 -17 29 -26 -13 28 -7 -20
right_child=1 6 3 -5 -6 27 7 -9 10 -11 -12 26 -14 -15 15 21 17 -19 24 20 -22 -23 -24 -25 25 -27 -28 -29 -30 -31
leaf_value=0.067835243152823729 -0.035718212580891903 -0.0058577708610224972 -0.035145999764626804 -0.049504892165717483 0.021057860659273717 -0.016690400999360533 0.0040557670877921061 -0.028812531997802815 0.0015040205699823079 0.047363020410565254 0.033463186748462111 -0.0034100944427685794 0.034664294156435106 -0.00042291530950411803 -0.023678851760660674 -0.02208773909383192 0.017396392886732597 0.07433932683466983 -0.0001739414672368274 -0.0055561471818980608 0.021686865590973742 0.027418616005060254 -0.042677906355518644 0.034132530597033216 0.032293364521976529 -0.031008267484459458 -0.045870607353990886 0.076441977225710889 0.05817293495141166 -0.043236232660243699
leaf_weight=3.9303527958691111 2.4861997365951556 221.85655803885311 5.7479279758408683 10.069016164168714 5.8957233373075724 2.6918346593156457 19.351967021357272 8.8178582713007909 740.72387764090672 10.057424390688537 8.5807129235472512 5.8101561036892218 6.5239478033035985 1458.4349457046483 13.074946501525117 3.9508727884385753 6.2655820660293085 3.3840134423226118 5.1313609853386897 15.081750683952121 18.368405192857608 9.1503476276993734 3.6494952738285056 5.3146507106721401 6.1055370529647899 3.0740964077413082 6.1383636593818665 1.8041063696146009 1.9317572750151155 5.5051253773272038
leaf_count=30 23 1809 36 57 43 34 146 74 5628 84 155 50 47 11982 100 40 53 31 36 96 142 50 20 51 52 22 22 29 31 27
internal_value=-2.48475e-05 -0.000297751 -0.0150123 -0.0265435 -0.00668737 0.0130757 -0.000116495 0.00216115 0.00251188 0.018866 0.00187 -0.00117239 -0.00100203 -0.0011405 0.00671013 -0.00342416 0.0120376 0.0373657 0.00776454 0.0155475 0.00940374 0.00857786 -0.00477089 0.0101599 -0.00691697 0.0110948 -0.0252235 0.0319489 0.0145878 -0.0224617
internal_weight=2618.91 2516.92 30.6266 21.7127 11.6437 8.9139 2486.3 787.532 778.714 29.4094 749.305 1698.76 1686.82 1680.29 101.987 35.1403 66.8462 9.6496 57.1966 37.3805 33.4502 22.0654 12.915 9.26552 19.8161 9.17963 11.9485 6.4277 4.62359 10.6365
internal_count=21000 20250 253 136 79 117 19997 6087 6013 230 5783 13910 13838 13791 750 261 489 84 405 268 238 161 111 91 137 74 72 94 65 63
is_linear=0
shrinkage=0.05


Tree=116
num_leaves=31
num_cat=0
split_feature=1 6 1 14 14 15 2 2 14 12 6 8 13 2 12 6 16 8 8 14 12 14 8 1 6 8 12 4 6 7
split_gain=1.87616 4.40944 3.73816 4.07605 5.94557 6.07666 5.3316 3.6646 4.63587 5.05663 10.3567 7.03295 4.21747 6.14189 7.72091 6.41069 5.00289 4.26869 4.15347 3.95394 3.4202 3.2188 3.1106 5.14937 3.20566 3.00442 2.94073 2.85841 2.85808 2.76992
threshold=0.12384999915957452 0.9770999848842622 0.12894999980926516 0.095150001347064986 0.21644999831914905 0.10000000335276128 6946.9450683593759 6078.9050292968759 0.015250000171363355 119.54999923706056 0.71635001897811901 0.15224999934434894 0.2650000005960465 3449.265014648438 109.85000228881837 0.85815000534057628 1.5000000000000002 0.088550001382827773 0.17085000127553943 0.050550000742077834 68.750000000000014 0.056849999353289611 0.7150000035762788 0.14705000072717669 0.8931500017642976 0.69749999046325695 241.05000305175784 1.0000000180025095e-35 0.98775002360343944 1.5000000000000002
decision_type=2 2 2 2 2 2 2 2 2 2 2 2 2 2 2 2 2 2 2 2 2 2 2 2 2 2 2 2 2 2
left_child=7 2 3 6 5 -5 21 12 -9 10 -10 27 29 16 18 -16 17 -14 -15 -13 -3 -2 25 -24 -25 -4 -6 -11 -22 -1
right_child=1 20 22 4 26 -7 -8 8 9 11 -12 19 13 14 15 -17 -18 -19 -20 -21 28 -23 23 24 -26 -27 -28 -29 -30 -31
leaf_value=0.0027846340508939295 0.0052140281368282084 -0.019496130234472362 4.0815801392662044e-05 0.025078800234684329 -0.025596105113191381 0.087199844578090893 0.051666755475411531 0.028447924247513537 -0.042825719107565705 -0.021398438295281465 0.039292548102713522 -0.0053566451953465212 -0.010295808814165178 0.01444825946813014 0.025999775451625524 -0.0010019909021593888 -0.00653175563375759 0.0082260705918554312 -0.020573844420241204 -0.043008146958029382 0.052879972298380165 -0.026026598770632171 0.077619426456145862 0.019024169911396188 -0.028943329583448654 -0.031843439371087488 0.026515801907716758 0.021934205266206753 0.0067091958083801201 -0.011026713939271003
leaf_weight=49.180525538278744 26.155637298710644 3.4092064704746035 1659.7951973113231 15.120214525610214 6.5653199069201928 5.3223682325333348 4.7252276241779319 6.4157435297965995 6.143077518790963 6.2679540961980793 10.239533475600181 9.0360917672514898 39.317078500054777 12.705554507672785 69.839595341123641 32.078041129745543 239.71026034886017 148.97828778275289 25.369817659258842 30.536395841278136 9.2545269969850761 12.040680144215001 3.1447262503206757 16.739461266668517 4.3982460908591738 7.4214075561612836 4.606841130182147 9.6878277510404587 5.2551278769969931 138.63472276320681
leaf_count=485 224 25 13004 135 47 57 14 25 20 39 45 27 424 64 365 161 2391 1496 109 81 78 94 22 127 23 49 37 26 38 1268
internal_value=-2.43141e-05 0.000890936 0.000640541 0.011599 0.0252229 0.0412524 0.00156414 -0.00198174 -0.0122765 -0.0159098 0.00850021 -0.0231116 -0.000914867 0.00123287 0.010324 0.0175011 -0.00174069 0.0043586 -0.00888715 -0.0344107 0.0255692 -0.004634 0.000157652 0.0179243 0.00904329 -0.000101113 -0.00410776 0.00491172 0.0361578 -0.00741013
internal_weight=2618.09 1783.95 1766.04 74.5363 31.6147 20.4426 42.9215 834.141 78.3266 71.9109 16.3826 55.5283 755.814 567.999 139.993 101.918 428.006 188.295 38.0754 39.5725 17.9189 38.1963 1691.5 24.2824 21.1377 1667.22 11.1722 15.9558 14.5097 187.815
internal_count=21000 13974 13833 608 276 192 332 7026 263 238 65 173 6763 5010 699 526 4311 1920 173 108 141 318 13225 172 150 13053 84 65 116 1753
is_linear=0
shrinkage=0.05


Tree=117
num_leaves=31
num_cat=0
split_feature=3 2 6 2 14 5 2 6 6 2 8 5 2 11 10 5 12 2 10 11 1 8 8 12 7 2 2 14 14 8
split_gain=1.876 1.90549 3.67886 3.42376 3.20507 2.10248 7.98865 6.86292 5.92617 5.69753 4.3839 4.35971 3.39427 5.7498 3.01381 1.63679 4.11215 2.59603 3.49746 5.9344 2.42283 2.3606 5.20645 2.15188 5.53674 7.50724 3.61248 3.42364 2.55286 1.98894
threshold=1.0000000180025095e-35 8219.7949218750018 0.82644999027252208 10212.334960937502 0.066749997437000289 34.850000381469734 6236.8850097656259 0.67035001516342174 0.90125000476837169 6236.8850097656259 0.6585499942302705 24.550000190734867 5763.5000000000009 15.500000000000002 2.5000000000000004 31.250000000000004 9.7500000000000018 2604.184936523438 1.5000000000000002 12.500000000000002 0.44274999201297766 0.54794999957084667 0.51109999418258678 23.849999427795414 2.5000000000000004 5119.9750976562509 2991.984985351563 0.11214999854564668 0.15235000103712085 0.19115000218153003
decision_type=2 2 2 2 2 2 2 2 2 2 2 2 2 2 2 2 2 2 2 2 2 2 2 2 2 2 2 2 2 2
left_child=1 5 3 4 -3 9 12 -8 -9 10 11 -1 14 -14 -7 16 -2 21 20 -20 -19 22 -18 24 27 26 -26 -17 -29 -25
right_child=15 2 -4 -5 -6 6 7 8 -10 -11 -12 -13 13 -15 -16 23 17 18 19 -21 -22 -23 -24 29 25 -27 -28 28 -30 -31
leaf_value=-0.006134648547465562 0.047276922730904378 -0.0022720221144793412 0.034827013020475521 -0.01388261351106683 0.035281001960979767 8.693079317552882e-05 -0.04740739178251302 0.00044422655123015087 -0.041552478068590602 0.032692807974686607 0.042581442974637125 0.0072817126961282862 0.034887570368842477 -0.013790833994910427 0.021767675128313395 -0.039282521996371771 -0.0011617135375822383 -0.024411643094088165 0.048264734002951365 -0.037021183674125803 0.014206734037197105 -0.029898167734444332 0.086256358483310452 -0.0035416604960584771 0.0090749122322901984 0.077031436491431959 -0.035234817781281701 0.035146512126033397 -0.017800751960548585 0.0016107787662544841
leaf_weight=102.8895336498972 3.4044232144951811 11.794585511088373 11.924678387120364 16.914378702640533 10.963093437254427 1193.4158782605082 14.60138228908181 39.593198848888278 10.662163453176616 17.037424593232572 6.7549706990830591 147.15449226344936 17.803600669838492 9.2014928162097913 16.247248179744929 17.540672434493903 59.57481779367663 46.293315764516592 5.0324100842699391 3.4298115102574229 4.4519646242260924 6.7105029672384253 1.7533828448504198 296.8417522048112 15.821972050936898 3.2963872961699954 6.4853700101375571 3.0068097575567654 9.3738866541534644 507.54704549233429
leaf_count=615 41 24 31 26 32 7138 31 99 24 48 45 934 58 24 286 221 1033 355 38 25 23 74 23 4029 243 17 42 41 99 5281
internal_value=-2.45067e-05 0.00101996 0.010475 0.00315526 0.0158185 0.000710286 -0.000127563 -0.0172328 -0.00846578 0.00469252 0.00283483 0.00176107 0.000769517 0.0183013 0.00037813 -0.00174 -0.00695431 -0.00840525 -0.0160611 0.0136976 -0.0210236 -0.00174313 0.00133758 -0.000947763 -0.0104678 0.00660051 -0.00380717 -0.0250732 -0.00494183 -0.000290614
internal_weight=2617.52 1626.96 51.5967 39.6721 22.7577 1575.36 1301.52 64.8567 50.2554 273.836 256.799 250.044 1236.67 27.0051 1209.66 990.565 130.651 127.246 59.2075 8.46222 50.7453 68.0387 61.3282 859.914 55.5251 25.6037 22.3073 29.9214 12.3807 804.389
internal_count=21000 9415 113 82 56 9302 7660 154 123 1642 1594 1549 7506 82 7424 11585 1612 1571 441 63 378 1130 1056 9973 663 302 285 361 140 9310
is_linear=0
shrinkage=0.05


Tree=118
num_leaves=28
num_cat=0
split_feature=9 8 8 2 6 11 9 13 2 12 8 6 6 2 12 12 1 6 6 8 11 2 8 12 12 16 6
split_gain=1.82228 1.8545 3.88761 7.67855 3.10978 3.12504 3.43748 2.40922 2.87741 8.37304 5.67096 2.77301 4.60975 2.81517 2.17384 4.48208 3.55639 1.75357 3.30207 2.96619 2.17562 3.75384 3.72555 3.39577 8.45836 4.80576 1.30272
threshold=3.5000000000000004 0.019049999304115776 0.022149999625980858 1668.3950195312502 0.9670500159263612 1.0000000180025095e-35 1.0000000180025095e-35 0.2650000005960465 2879.2399902343755 988.75000000000011 0.62514999508857738 0.79815000295639049 0.91205000877380382 4454.0749511718759 553.14999389648449 613.45001220703136 0.13125000149011615 0.950850009918213 0.92084997892379772 0.13045000284910205 7.5000000000000009 4257.0849609375009 0.37054999172687536 95.950000762939467 66.649997711181655 1.5000000000000002 0.76015001535415661
decision_type=2 2 2 2 2 2 2 2 2 2 2 2 2 2 2 2 2 2 2 2 2 2 2 2 2 2 2
left_child=1 4 3 -3 5 6 -1 8 10 -10 -4 13 -13 -9 16 -16 -7 18 20 -20 21 22 -2 24 -22 -25 -8
right_child=17 2 7 -5 -6 14 26 11 9 -11 -12 12 -14 -15 15 -17 -18 -19 19 -21 23 -23 -24 25 -26 -27 -28
leaf_value=0.071576492183126367 -0.001893406749282598 -0.030536511533465607 -0.0072548021191408884 0.067097205522796841 0.044322258763658473 -0.013887284874066944 0.027274733150683208 0.00052463855556664468 0.0044187534370861963 -0.033400649939957859 0.023798729621146195 0.0056280197725904558 -0.0029666856770016355 -0.0060223059569989119 -0.048780931659728577 -0.0086281430387997668 0.0018032649251488739 0.037103427497072294 -0.067595546437738296 1.8970045240788237e-05 0.011244359503891034 -0.02892353706910324 0.051054677885824629 0.023223319232184493 0.096850386500624025 -0.0071206192485792994 -0.021188651855117244
leaf_weight=2.6458010468631965 17.605928409146152 3.0880896300077421 317.85162494052202 5.7888740003108978 3.1709157340228549 57.669245035387576 2.6932502593845129 771.01865819375962 197.59135316684842 15.805715251713989 15.41494834423065 541.90012637339532 219.08496268838644 208.62719980627298 8.720222417265175 34.237372572533786 96.618278721347451 4.4216949052643022 2.8613073989981777 3.7450179678853601 11.282644252758471 10.003483198117463 4.0949464817531398 23.390570974559523 3.8769980224315068 29.511308241868392 2.8582314234226942
leaf_count=25 223 33 3269 41 36 543 23 6789 963 66 143 4239 1687 753 67 309 877 49 18 44 123 45 61 227 39 276 32
internal_value=-2.44332e-05 -0.000302 0.000108079 0.0331327 -0.00481566 -0.00557409 0.0246756 -2.00894e-05 -0.0029157 0.00161758 -0.00581845 0.000889308 0.00315363 -0.000869611 -0.00683123 -0.016779 -0.00406151 0.00625068 0.00496819 -0.029266 0.00723512 -0.00358327 0.00809788 0.0122745 0.0331376 0.00629596 0.00232291
internal_weight=2615.58 2504.78 2296.17 8.87696 208.613 205.442 8.19728 2287.29 546.664 213.397 333.267 1740.63 760.985 979.646 197.245 42.9576 154.288 110.794 106.372 6.60633 99.7659 31.7044 21.7009 68.0615 15.1596 52.9019 5.55148
internal_count=21000 19895 17983 74 1912 1876 80 17909 4441 1029 3412 13468 5926 7542 1796 376 1420 1105 1056 62 994 329 284 665 162 503 55
is_linear=0
shrinkage=0.05


Tree=119
num_leaves=31
num_cat=0
split_feature=15 6 12 13 7 8 8 8 14 6 12 6 6 16 8 13 5 16 14 1 2 2 2 16 8 14 1 12 8 5
split_gain=1.77315 2.23915 2.92795 2.98641 2.99768 2.3471 6.8589 5.96409 6.75725 4.83987 3.59641 3.62719 2.70001 5.43818 2.29594 1.77462 2.84212 4.61865 2.84796 4.23049 4.14501 3.88631 3.04684 11.2126 2.98203 2.3518 3.77537 4.6481 5.06936 4.10638
threshold=0.45000000298023229 0.52684998512268078 667.50000000000011 0.2650000005960465 1.5000000000000002 0.53154999017715465 0.42325000464916235 0.30394999682903295 0.25355000793933874 0.94244998693466198 172.55000305175784 0.80645000934600841 0.75075000524520885 1.5000000000000002 0.48065000772476202 0.50000000000000011 12.550000190734865 2.5000000000000004 0.31269998848438268 0.36214999854564672 3231.640014648438 2053.2099609375005 8219.7949218750018 2.5000000000000004 0.36595000326633459 0.010950000025331976 0.14485000073909762 188.34999847412112 0.30175000429153448 72.850002288818374
decision_type=2 2 2 2 2 2 2 2 2 2 2 2 2 2 2 2 2 2 2 2 2 2 2 2 2 2 2 2 2 2
left_child=15 2 3 -2 -5 6 7 9 -9 -3 -7 -12 13 -8 -14 16 17 -1 22 21 -21 -20 24 -24 -18 26 27 29 -29 -17
right_child=1 5 -4 4 -6 10 12 8 -10 -11 11 -13 14 -15 -16 25 18 -19 19 20 -22 -23 23 -25 -26 -27 -28 28 -30 -31
leaf_value=-0.042953817532611863 -0.024304413180151835 -0.002431579274499347 0.071213368258366883 -0.01364537802294128 0.049506989779638716 0.050504296810600459 -0.035702692466136263 0.030965668409333305 -0.023494739821302495 0.036194536717093793 0.032470447612469623 -0.021737189881514758 -0.04635308010408834 0.032713336919994389 -0.013018831935938497 0.076893006002626524 -0.0033390333953674171 0.020179518220590411 0.016620058762000327 0.017363291138621267 0.082969684235126656 -0.0064756692547020857 0.025030925003120097 -0.019285156281948469 0.0014696235218047628 0.0027651817355648454 -0.01823385607876191 -0.035053910272707205 0.032926591094344392 -0.00086039374793286493
leaf_weight=9.5994546469300968 3.7843403220176688 124.50692136352882 2.5843146853148928 2.7812838461250049 5.7927824310027063 6.3132738098502186 5.6548137180507165 34.179135391488671 6.8346630893647662 8.6748749632388336 5.9016375596402195 6.4681030705105513 10.974596260581167 5.9720235913991928 9.7590192444622499 3.8305314276367453 1133.0247463836567 4.1490165053401133 31.511849813861772 8.9819725174456817 3.2891774103045455 43.163731663720682 40.206780083477497 22.128854708746076 450.63854068657383 575.43618829431944 33.851823868229985 7.2636726440396142 4.4057114366441965 3.0502934549003839
leaf_count=75 36 926 24 25 51 47 34 250 40 69 38 39 55 37 47 43 9987 36 363 73 17 219 114 58 3445 4452 258 71 37 34
internal_value=-2.40939e-05 0.00406993 0.0228133 0.0126922 0.0290214 0.00282646 0.00129142 0.00521848 0.0218902 8.43556e-05 0.0197975 0.00412542 -0.0198478 -0.000561396 -0.0306631 -0.0004382 -0.0012577 -0.0239014 -0.00107805 0.00774122 0.0349485 0.00327034 -0.00154392 0.00929893 -0.00197071 0.00184171 -0.00829906 0.0098307 -0.00938825 0.0424247
internal_weight=2614.71 240.182 14.9427 12.3584 8.57407 225.239 206.556 174.196 41.0138 133.182 18.683 12.3697 32.3605 11.6268 20.7336 2374.53 1746.69 13.7485 1732.95 86.9467 12.2711 74.6756 1646 62.3356 1583.66 627.838 52.402 18.5502 11.6694 6.88082
internal_count=21000 1718 136 112 76 1582 1458 1285 290 995 124 77 173 71 102 19282 14387 111 14276 672 90 582 13604 172 13432 4895 443 185 108 77
is_linear=0
shrinkage=0.05


Tree=120
num_leaves=31
num_cat=0
split_feature=3 2 16 8 5 2 2 6 6 14 6 8 5 9 2 8 11 5 10 8 14 2 2 0 14 5 11 13 5 8
split_gain=1.76883 1.65897 5.47811 5.81754 2.30639 7.12942 6.58868 7.71703 15.3874 4.72677 4.20606 3.88192 3.90125 3.80294 3.11492 3.09466 1.60112 2.9427 2.79563 6.8726 2.4475 4.71734 5.37898 4.27802 3.71002 9.38577 10.7094 3.81912 3.66576 7.07109
threshold=1.0000000180025095e-35 8996.6650390625018 2.5000000000000004 0.22524999827146533 34.850000381469734 6236.8850097656259 6236.8850097656259 0.7763500213623048 0.88275000452995311 0.08155000209808351 0.83184999227523815 0.6585499942302705 24.550000190734867 4.5000000000000009 5763.5000000000009 0.56435000896453869 18.500000000000004 20.750000000000004 2.5000000000000004 0.12625000625848773 0.028250000439584259 4026.6450195312505 3777.3601074218755 2.5000000000000004 0.048550000414252288 102.35000228881837 5.5000000000000009 0.50000000000000011 55.350000381469734 0.37054999172687536
decision_type=2 2 2 2 2 2 2 2 2 2 2 2 2 2 2 2 2 2 2 2 2 2 2 2 2 2 2 2 2 2
left_child=1 4 3 -3 5 11 13 9 -9 -8 -7 12 -1 14 -6 -15 20 -18 -19 -20 21 22 23 -2 25 27 -27 -22 29 -23
right_child=16 2 -4 -5 6 10 7 8 -10 -11 -12 -13 -14 15 -16 -17 17 18 19 -21 24 28 -24 -25 -26 26 -28 -29 -30 -31
leaf_value=-0.0057627070439851789 -0.0079433520954171298 0.0013365897137185931 -0.014585495840533168 0.050284653498967186 0.00017267574960417713 0.056869289136282766 -0.010349221060026626 0.028977415163855977 -0.038648092408516167 -0.044430461478020697 0.0092975192865964364 0.040178083562022224 0.0069382575179902069 0.055034089019721816 0.01732165228393796 -0.031969461001801369 -0.032722964578302302 -0.0056101141924017935 -0.036119626057960111 0.057336091927682034 -0.002316209749385421 -0.028937291039094384 0.056381468712411377 0.019256323944452772 -0.00089706817326508891 0.13264794379446823 0.023514785027577575 0.023162575018471816 -0.038488026923859844 0.038610129921084618
leaf_weight=102.54655095865019 89.633920009247959 12.311285346746446 13.160710558295248 11.974473580718039 1201.6769904587418 9.9854350388050097 18.489478096365929 21.680700493976474 13.744265358895062 22.619819149374962 8.6900365157052857 6.7406248250044873 147.31659829779528 5.3767991543281815 27.07617231272161 1.2619478353299198 9.5679626548662764 184.26100075617433 3.075330783845855 5.4594835243187845 60.789525504224002 11.485069932416083 3.8789926171302787 17.236075840890408 548.80000366840977 3.032490834593772 8.6895430926233512 19.40194383286871 17.727505207061768 5.8468453511595717
leaf_count=615 1465 25 24 29 7250 30 46 61 31 46 23 45 934 161 81 14 118 2232 25 77 756 78 37 198 6042 43 113 238 128 35
internal_value=-2.38072e-05 0.000991019 0.0113931 0.0254712 0.000745605 0.00490651 -0.00012747 -0.0143635 0.0027399 -0.0291019 0.0347333 0.00273574 0.00172564 0.000754471 0.000550562 0.0384957 -0.00169108 -0.00565749 -0.0043143 0.0236614 -0.00067056 -0.00651734 -0.00145723 -0.00355657 0.000660003 0.00995701 0.0517475 0.00384826 -0.0225017 -0.00615047
internal_weight=2613.54 1624.65 37.4465 24.2858 1587.21 275.279 1311.93 76.5343 35.425 41.1093 18.6755 256.604 249.863 1235.39 1228.75 6.63875 988.886 202.364 192.796 8.53481 786.522 145.808 110.749 106.87 640.714 91.9135 11.722 80.1915 35.0594 17.3319
internal_count=21000 9415 78 54 9337 1647 7690 184 92 92 53 1594 1549 7506 7331 175 11585 2452 2334 102 9133 1941 1700 1663 7192 1150 156 994 241 113
is_linear=0
shrinkage=0.05


Tree=121
num_leaves=30
num_cat=0
split_feature=6 6 2 11 8 11 2 8 2 14 5 6 5 11 6 6 12 2 10 9 2 14 7 2 2 6 12 7 5
split_gain=1.76441 2.44253 3.58255 3.76548 3.39506 2.96107 2.10126 3.06234 3.07192 2.22168 1.87762 4.91494 3.42269 1.71974 4.83078 5.49925 6.88488 3.22821 2.20432 3.05365 3.65292 3.4579 2.00041 2.84232 1.96321 1.69513 2.45251 0.967942 0.496673
threshold=0.45065000653266912 0.47425000369548803 1508.5350341796877 12.500000000000002 0.16755000501871112 5.5000000000000009 4842.0000000000009 0.55884999036788952 4026.6450195312505 0.06345000118017198 72.450000762939467 0.370049998164177 102.95000076293947 22.500000000000004 0.53834998607635509 0.85815000534057628 667.50000000000011 2822.5500488281255 2.5000000000000004 1.0000000180025095e-35 4321.3249511718759 0.05894999951124192 1.0000000180025095e-35 1903.600036621094 7735.0351562500009 0.46635000407695776 349.44999694824224 2.5000000000000004 62.750000000000007
decision_type=2 2 2 2 2 2 2 2 2 2 2 2 2 2 2 2 2 2 2 2 2 2 2 2 2 2 2 2 2
left_child=6 2 5 4 -4 -2 7 8 10 -8 11 -1 -12 18 -15 16 -16 -17 22 21 -21 -20 23 -3 -24 26 -7 -9 -5
right_child=1 13 3 28 -6 25 9 27 -10 -11 12 -13 -14 14 15 17 -18 -19 19 20 -22 -23 24 -25 -26 -27 -28 -29 -30
leaf_value=-0.011825948501405338 -0.034743697662670207 -0.013124363571399579 -0.034147233212490281 -0.058009069669489016 0.020097879782512144 -0.016924237004829795 0.0047072231702932378 0.056028980054031279 -0.039157215656738006 0.044225105733457844 -0.020977005063980873 0.021191864193380577 0.014978519225793597 -0.04992843126942078 0.013106206634253418 -0.0062223397648660736 -0.028505476020466398 -0.037808992910944715 0.028775782104049644 0.0096740113881564217 0.046146268578110015 -0.017707446518568978 -1.9093961699994513e-05 0.00034128454876547655 0.0072764400049953534 0.070087476752227748 0.056903437421480053 0.016507750361198958 -0.035101458973264048
leaf_weight=17.681844204897061 2.4470814913511294 69.155765543691814 5.6104946970008331 5.6836627824231964 5.9365903101861477 2.7200212068855762 7.1903108209371549 3.279281693045049 4.5103662163019171 7.0376942865550518 17.081682289950553 31.086465555708855 10.805737689137457 6.0196673534810534 50.451512177474797 18.055640439270064 12.379582354798911 14.654106765985487 5.3426414057612446 33.094174552359618 8.6621396550908667 15.931349210441111 2059.0887642428279 90.435772133991122 96.536220133304596 1.8617545207962392 1.9181860908865926 2.9366957983002067 4.0539014860987663
leaf_count=139 23 898 36 31 43 35 21 30 17 30 137 263 89 37 446 191 91 65 42 588 77 100 16614 582 266 29 30 24 26
internal_value=-2.39439e-05 -0.000285425 -0.0144117 -0.0255711 -0.00625872 0.0121361 0.00643534 0.00353398 0.000943665 0.0242542 0.00330317 0.00922065 -0.00704506 -0.00011321 -0.00648496 -0.00374775 0.00490748 -0.0203733 0.000158889 0.0093846 0.01724 -0.00603389 -9.22753e-05 -0.00549378 0.000307625 0.0297852 0.0136081 0.0373574 -0.0484723
internal_weight=2611.65 2510.04 30.2317 21.2846 11.5471 8.94704 101.61 87.3821 81.1661 14.228 76.6557 48.7683 27.8874 2479.81 101.561 95.5408 62.8311 32.7097 2378.25 63.0303 41.7563 21.274 2315.22 159.592 2155.62 6.49996 4.63821 6.21598 9.73756
internal_count=21000 20250 253 136 79 117 750 699 645 51 628 402 226 19997 830 793 537 256 19167 807 665 142 18360 1480 16880 94 65 54 57
is_linear=0
shrinkage=0.05


Tree=122
num_leaves=31
num_cat=0
split_feature=3 11 11 5 7 12 6 1 1 6 2 6 2 12 1 2 8 8 12 8 2 1 12 1 6 16 12 16 11 5
split_gain=1.66099 1.65079 6.00411 6.63142 5.60134 5.11656 4.97019 3.87664 5.94292 6.02511 8.73993 7.07045 4.66415 5.21127 3.42336 3.13627 6.51638 4.4074 3.58086 2.70808 2.65405 2.17662 4.02681 2.26449 1.5638 1.7956 5.25444 2.51183 4.74918 3.49764
threshold=1.0000000180025095e-35 6.5000000000000009 7.5000000000000009 93.049999237060561 4.5000000000000009 720.35000610351574 0.763350009918213 0.15984999388456347 0.23605000227689746 0.61234998703002941 2034.3699951171877 0.80914998054504406 10212.334960937502 331.15000915527349 0.15505000203847888 8219.7949218750018 0.37555000185966497 0.14864999800920489 1547.4000244140627 0.24534999579191211 6457.9150390625009 0.073150001466274275 604.54998779296886 0.14414999634027484 0.29524999856948858 7.5000000000000009 495.25000000000006 4.5000000000000009 21.500000000000004 39.549999237060554
decision_type=2 2 2 2 2 2 2 2 2 2 2 2 2 2 2 2 2 2 2 2 2 2 2 2 2 2 2 2 2 2
left_child=1 7 3 4 5 -3 -5 14 9 10 -9 -11 13 -10 21 18 17 -17 20 -20 -4 22 -1 -23 -2 27 -27 -26 29 -29
right_child=24 2 15 6 -6 -7 -8 8 12 11 -12 -13 -14 -15 -16 16 -18 -19 19 -21 -22 23 -24 -25 25 26 -28 28 -30 -31
leaf_value=-0.00037627055315149683 0.023473855141444469 0.012745350609335574 0.0014719807706651431 -0.036588971693094961 0.069256355830204716 0.064944923878335059 0.026876514573116302 0.0061116590284198925 -0.008150977691154573 -0.0068163648668646912 0.10062312787215436 0.024832737848058287 -0.049542684337147175 0.012556792500563125 -0.037093864756959097 0.014559651936097385 -0.013840311414302003 0.05969256756637871 0.00014132268779816436 -0.0472839972300165 -0.010471901918225264 -0.0088394898037012243 0.045141563697073964 0.007287657726773894 -0.0022540796619405445 -0.033231362830188842 0.040899844961997445 -0.0080319508052491186 -0.040745457730959167 0.017725880089276579
leaf_weight=37.263654838665389 6.1595877755898973 41.706279629608616 986.47777540027164 8.9013219624757749 6.1798268605489275 5.2898719185031942 4.7210083333775392 5.1655145250260812 89.362451383145526 35.195974087808281 4.6464499980211258 35.391524989157915 5.1604997515678397 46.032521323068067 8.423432460986076 14.5909416154027 12.209406703710554 8.5959745496511442 5.3923553191125375 6.8135118363425136 48.812683106400073 176.54626354784705 5.5874628089368334 24.82798188040033 893.68760052125435 12.292396245524285 2.9674065159633747 17.971920812735334 4.7746488740667692 49.42323678615503
leaf_count=216 48 254 6004 40 42 38 32 43 497 210 29 211 6 299 42 33 23 25 33 31 118 999 41 149 10481 138 43 206 60 609
internal_value=-2.34761e-05 0.000960096 0.00198347 0.0165318 0.0245055 0.0186209 -0.0145941 -0.00152418 0.00331305 0.0141552 0.0508675 0.00905203 -0.00288879 -0.00111061 -0.0057546 0.00108605 0.015724 0.0312916 0.000591417 -0.0263323 0.000908841 -0.0046737 0.00555891 -0.00685113 -0.00164068 -0.00179835 -0.0188159 -0.00152949 0.00744322 0.0108572
internal_weight=2610.57 1623.29 1149.69 66.7983 53.176 46.9962 13.6223 473.604 220.955 80.3995 9.81196 70.5875 140.555 135.395 252.649 1082.89 35.3963 23.1869 1047.5 12.2059 1035.29 244.225 42.8511 201.374 987.277 981.117 15.2598 965.857 72.1698 67.3952
internal_count=21000 9415 6673 406 334 292 72 2742 1295 493 72 421 802 796 1447 6267 81 58 6186 64 6122 1405 257 1148 11585 11537 181 11356 875 815
is_linear=0
shrinkage=0.05


Tree=123
num_leaves=31
num_cat=0
split_feature=15 2 2 14 1 2 12 13 5 16 14 1 11 2 2 5 2 14 14 11 14 16 1 12 2 5 11 11 1 12
split_gain=1.62991 2.2562 4.05464 2.76119 2.2644 3.01157 1.84426 1.58635 2.58244 4.27316 2.62038 3.79377 5.15528 3.45624 2.85511 6.02384 3.6268 2.15678 3.65127 4.39818 5.1461 4.59471 3.48861 4.2569 3.55507 3.2665 2.98363 7.05013 4.24034 1.76692
threshold=0.45000000298023229 10212.334960937502 7735.0351562500009 0.3887500017881394 0.47634999454021459 5119.9750976562509 225.75000000000003 0.50000000000000011 12.550000190734865 2.5000000000000004 0.31269998848438268 0.36214999854564672 14.500000000000002 2053.2099609375005 3090.220092773438 131.25000000000003 1996.2550048828127 0.010950000025331976 0.042649999260902412 17.500000000000004 0.025850000791251663 2.5000000000000004 0.14485000073909762 517.25000000000011 3971.8400878906255 46.45000076293946 3.5000000000000004 1.5000000000000002 0.14705000072717669 751.54998779296886
decision_type=2 2 2 2 2 2 2 2 2 2 2 2 2 2 2 2 2 2 2 2 2 2 2 2 2 2 2 2 2 2
left_child=7 2 3 4 5 -2 -6 8 9 -1 14 13 -13 -12 16 -16 -10 22 19 20 -19 -21 23 25 -24 -9 27 -20 -28 -25
right_child=1 -3 -4 -5 6 -7 -8 17 10 -11 11 12 -14 -15 15 -17 -18 18 26 21 -22 -23 24 29 -26 -27 28 -29 -30 -31
leaf_value=-0.041778884313524951 0.0038280641830992692 -0.033717712675184107 0.04206567315266161 0.048032849691801618 0.0072187869313835628 -0.01536311343725193 0.05923200549818624 -0.016433747700569334 -0.0010049547774098086 0.019103970526991691 0.015701443196074385 0.057576860719157109 -0.009459918351037086 -0.0060681047817366758 0.00022182316019870048 0.024962286712353638 -0.0072889776774210067 -0.0053168212022040714 0.0069781389850179275 0.014789566582483954 0.017814128025635419 0.059537640661673108 -0.0089354954696563762 -0.046023860544373386 -0.048104714918448782 0.043714784844621345 -0.0035406422816734481 -0.023094844833492712 0.0071909237484131657 0.0045261770375659548
leaf_weight=9.332988463342188 195.53120478021447 3.9191824197769156 6.9825672060251227 3.4115111082792273 3.7307711206376544 22.829021865036339 3.1375015079975128 3.0645942706614759 706.72936533635948 4.1696193215902886 31.696884391596541 7.8478862706106138 4.5195202827453613 42.921350458404049 569.19126902986318 25.715107282623649 340.10509640350938 53.231134756468236 38.173789095366374 20.034159694565464 43.855653751874343 8.0381502504460496 26.115046874852851 3.5850863773375741 7.4442380145192137 8.5677552275592443 166.82435267628171 39.815832139109261 205.35744976531714 3.3384204269386828
leaf_count=75 1530 7 20 30 27 77 27 31 8297 36 363 60 30 219 2704 136 2467 418 293 168 373 77 232 28 26 98 1310 270 1543 28
internal_value=-2.30699e-05 0.00390745 0.00453328 0.00338706 0.00271082 0.00182167 0.030979 -0.000420392 -0.00119675 -0.0229782 -0.00102662 0.0074304 0.0330791 0.00317932 -0.0014747 0.00129124 -0.00304657 0.00173532 0.0026176 0.0101718 0.0051318 0.0276026 -0.00800474 0.00939248 -0.0176241 0.0278684 0.000517327 -0.00837494 0.00238068 -0.0216493
internal_weight=2609.22 239.542 235.623 228.64 225.228 218.36 6.86827 2369.67 1742.23 13.5026 1728.73 86.9856 12.3674 74.6182 1641.74 594.906 1046.83 627.446 575.331 125.159 97.0868 28.0723 52.1151 18.5559 33.5593 11.6323 450.171 77.9896 372.182 6.92351
internal_count=21000 1718 1711 1691 1661 1607 54 19282 14387 111 14276 672 90 582 13604 2840 10764 4895 4452 1036 791 245 443 185 258 129 3416 563 2853 56
is_linear=0
shrinkage=0.05


Tree=124
num_leaves=31
num_cat=0
split_feature=9 10 1 2 2 11 11 11 1 2 1 1 2 2 6 6 5 5 1 1 15 14 2 2 2 11 12 2 9 10
split_gain=1.62203 2.5677 1.84163 5.118 3.29675 4.05998 4.05666 2.9534 2.69594 3.16851 2.24207 1.68027 4.06998 8.43216 6.41391 4.25749 3.53268 3.42194 2.92682 2.87698 2.19822 1.92941 3.70389 8.18915 2.22546 2.25596 1.73282 0.916507 0.000160267 6.35391e-05
threshold=3.5000000000000004 2.5000000000000004 0.11805000156164171 4257.0849609375009 4149.6547851562509 8.5000000000000018 4.5000000000000009 2.5000000000000004 0.10315000265836717 2631.6450195312505 0.15265000611543658 0.45945000648498541 3024.5700683593755 6457.9150390625009 0.90565001964569103 0.78095000982284557 24.94999980926514 69.549999237060561 0.45565000176429754 0.51650002598762523 0.10000000335276128 0.15094999969005587 10212.334960937502 8219.7949218750018 10212.334960937502 21.500000000000004 288.44999694824224 1565.2949829101565 6.5000000000000009 3.5000000000000004
decision_type=2 2 2 2 2 2 2 2 2 2 2 2 2 2 2 2 2 2 2 2 2 2 2 2 2 2 2 2 2 2
left_child=11 2 3 8 6 -6 7 -4 9 -2 -8 18 16 14 15 -14 27 19 21 -18 -19 24 23 -23 25 -1 -20 -13 29 -3
right_child=1 28 4 -5 5 -7 10 -9 -10 -11 -12 12 13 -15 -16 -17 17 20 26 -21 -22 22 -24 -25 -26 -27 -28 -29 -30 -31
leaf_value=-0.0010022373503928239 0.0055978468324856317 0.05172011982489251 0.013336143693560218 -0.037224476189404242 0.00033275222660253851 0.051719587030837247 0.016456281480374087 0.075478007758881152 -0.019211562687064556 0.057874143998077866 -0.0075318247547995617 -0.017132730324268951 0.024647525731096857 -0.018877235394245476 -0.020122866513274777 0.065227376276687135 0.018500385556284981 -0.019847420291169295 -0.039889536871153652 -0.014999616477761213 0.011720819398957057 0.0015174677082744658 -0.026678477893292821 0.041139341306131727 0.014823801649331687 -0.0077395821660482733 0.00044338341245433007 -0.053456526427984499 0.050584640681398799 0.051083918192822257
leaf_weight=1548.9259477360174 11.20898699201644 0.61111743887886349 5.2085298951715213 9.0779811292886716 6.8259400427341452 8.7982137426733953 12.931985095143316 3.0210238397121429 6.5869018323719493 3.9095778539776793 39.475015765056014 3.4214137457311145 16.629814408719543 11.672555349767206 5.212913565337657 10.573058657348154 30.717491339892149 20.591129247099165 7.5102477073669416 8.0986854601651412 7.5316128376871339 639.29806736018509 11.196018844842909 13.312493540346621 21.029967159032822 135.08514798153192 4.1260389648377895 3.5264705717563629 1.3636631756089626 1.0968434119131414
leaf_count=12781 106 43 41 27 23 37 99 32 46 23 258 32 75 31 22 57 291 166 42 64 68 4969 28 41 48 1133 29 18 264 106
internal_value=-2.2924e-05 0.00591603 0.00462266 -0.00569975 0.00878942 0.0292695 0.00351234 0.0361481 0.00748498 0.0191162 -0.0016125 -0.000284674 0.00553986 0.0175623 0.0306837 0.0404199 -0.00163394 0.00188835 -0.000573334 0.0115109 -0.0113931 -0.000450456 0.00183651 0.00232571 -0.00134082 -0.00154268 -0.0255881 -0.0355692 0.0509888 0.0513116
internal_weight=2608.57 110.116 107.044 30.7834 76.2607 15.6242 60.6366 8.22955 21.7055 15.1186 52.407 2498.46 117.975 44.0883 32.4158 27.2029 73.8868 66.9389 2380.48 38.8162 28.1227 2368.85 663.807 652.611 1705.04 1684.01 11.6363 6.94788 3.07162 1.70796
internal_count=21000 1105 692 202 490 60 430 73 175 129 357 19895 824 185 154 132 639 589 19071 355 234 19000 5038 5010 13962 13914 71 50 413 149
is_linear=0
shrinkage=0.05


Tree=125
num_leaves=27
num_cat=0
split_feature=3 12 5 1 12 2 5 11 1 5 16 2 16 12 1 12 1 2 14 5 5 5 16 12 16 2
split_gain=1.63146 1.6186 3.65055 3.13516 4.21196 2.05313 1.58686 4.1376 4.86032 3.68425 4.62947 7.21906 3.6895 4.26835 3.80175 3.58068 6.88512 3.0993 2.31153 1.5589 2.24028 1.80121 1.7184 4.75439 2.05417 1.23462
threshold=1.0000000180025095e-35 5.5499999523162851 86.450000762939467 0.23224999755620959 2.7500000000000004 2034.3699951171877 111.25000000000001 1.5000000000000002 0.1349500045180321 99.350002288818374 4.5000000000000009 5360.7849121093759 6.5000000000000009 129.55000305175784 0.3213499933481217 373.55000305175787 0.196650005877018 3024.5700683593755 0.085149999707937254 184.75000000000003 176.75000000000003 169.65000152587893 7.5000000000000009 495.25000000000006 4.5000000000000009 2053.2099609375005
decision_type=2 2 2 2 2 2 2 2 2 2 2 2 2 2 2 2 2 2 2 2 2 2 2 2 2 2
left_child=1 2 3 4 5 -1 9 8 -8 12 11 -11 14 -14 -3 17 -17 -9 -10 20 21 22 24 -24 -2 -21
right_child=19 6 -4 -5 -6 -7 7 15 18 10 -12 -13 13 -15 -16 16 -18 -19 -20 25 -22 -23 23 -25 -26 -27
leaf_value=-0.012359566982607564 -0.0018806934914019757 -0.0007516851316402293 -0.017814350438106967 -0.015236585816923796 0.066884381124546796 0.03683335172560185 -0.0044194430665183727 0.0021991559073343959 0.032578255307487008 -0.010381249551379571 -0.044794620856129397 0.052717568162879695 -0.0085105848630589263 0.028452217457947029 0.0065317210767149017 0.0063128639214064496 -0.031811040948481167 0.021509475846720971 0.089067407409402471 -0.0045452151279812975 0.038520621635194846 -0.033438765334430291 -0.032457724018781178 0.037401052319767994 0.0069036424912763614 -0.055015327556344876
leaf_weight=4.1722580343484932 886.27880394505337 1114.013590804534 6.8071450963616362 3.8367610783316186 6.1913412921130648 4.3143087550997734 5.0154358781874162 57.446359024965204 3.7876135110855103 65.526505625108257 8.6412367559969407 4.8697981564328066 11.471856631338595 24.470497079892084 213.50319780036807 33.054232261725701 18.45505351619795 32.554211534559727 3.4701306694187224 2.4108510445803395 3.486779896542429 4.4300892278552046 11.980131892487405 3.0570050738751879 71.954691743594594 2.436175350099802
leaf_count=31 10403 6386 37 26 49 21 28 416 28 389 39 16 64 158 1287 198 93 123 26 40 42 35 137 42 865 21
internal_value=-2.2263e-05 0.000952969 0.0134952 0.0250066 0.035526 0.0126486 0.000754012 0.00558224 0.0334309 0.000239279 -0.0102559 -0.00601627 0.00084767 0.0166547 0.000419698 0.00316692 -0.0073464 0.00918391 0.0595873 -0.0016261 -0.00148637 -0.00162905 -0.00148426 -0.0182556 -0.00122107 -0.0299121
internal_weight=2607.64 1621.6 25.3218 18.5147 14.6779 8.48657 1596.28 153.783 12.2732 1442.5 79.0375 70.3963 1363.46 35.9424 1327.52 141.51 51.5093 90.0006 7.25774 986.035 981.188 977.701 973.271 15.0371 958.233 4.84703
internal_count=21000 9415 164 127 101 52 9251 912 82 8339 444 405 7895 222 7673 830 291 539 54 11585 11524 11482 11447 179 11268 61
is_linear=0
shrinkage=0.05


Tree=126
num_leaves=31
num_cat=0
split_feature=6 6 2 11 14 8 11 5 5 14 6 5 2 5 6 8 14 2 14 11 10 2 2 5 7 2 6 11 6 2
split_gain=1.58072 2.25672 3.3276 3.56145 3.16766 3.35252 2.66903 1.86185 3.75321 3.98526 4.13259 2.6573 2.59282 2.52629 2.50098 1.92624 1.90952 6.22988 3.80798 1.882 1.55383 2.04377 6.06377 2.13416 1.69273 2.49673 2.73085 2.30915 1.57002 4.3966
threshold=0.45065000653266912 0.47425000369548803 1508.5350341796877 12.500000000000002 0.049149999395012862 0.16755000501871112 5.5000000000000009 73.250000000000014 75.450000762939467 0.05464999936521054 0.3445000052452088 61.750000000000007 6457.9150390625009 99.350002288818374 0.41915000975131994 0.32774999737739569 0.099950000643730177 3837.3200683593755 0.13094999641180041 15.500000000000002 2.5000000000000004 6236.8850097656259 4526.3251953125009 111.25000000000001 1.0000000180025095e-35 1903.600036621094 0.94885000586509716 10.500000000000002 0.63765001296997081 6457.9150390625009
decision_type=2 2 2 2 2 2 2 2 2 2 2 2 2 2 2 2 2 2 2 2 2 2 2 2 2 2 2 2 2 2
left_child=7 2 6 4 -4 -6 -2 11 -9 13 -11 12 16 -10 19 -12 17 -1 -18 -13 24 22 23 -22 25 27 -27 -3 29 -26
right_child=1 20 3 -5 5 -7 -8 8 9 10 15 14 -14 -15 -16 -17 18 -19 -20 -21 21 -23 -24 -25 28 26 -28 -29 -30 -31
leaf_value=0.0072376329982230848 -0.033494164324283739 -0.0018555568117879181 -0.03991729932712243 -0.047534679874394033 -0.022528834641915622 0.046055733388631614 0.028050143146823088 -0.059918018824985278 -0.042979820449771063 0.060083788371886132 -0.0067721085703410086 0.043955748587567983 0.044516540525412374 0.0025017811022423112 0.070040707467445257 0.032743826370958261 0.057470391468307319 -0.049535857333578591 0.0050833931299990431 -0.010870729152174385 0.0020472923982703174 -0.015739136186835014 0.064571958430568385 0.031973146516094286 -0.0012674106704864919 -0.0016960641741210584 0.038999909339370753 -0.020011121250962174 0.00063051442595177145 -0.020803422564413296
leaf_weight=22.920208700001243 2.4068235121667403 30.644565273076296 4.323209937661888 9.4671330605633539 3.3203035504557192 3.8453547172248363 6.5717537607997656 2.6977598336525253 6.3149588003288937 4.0890663899481323 11.637116760015486 3.1371104493737203 4.2381376028060904 5.9110646769404411 3.3665861766785383 4.1958843355532727 4.2172954622656134 6.1228302568197241 19.546576405642554 3.123841792345047 46.105627816985361 8.2998292702250165 4.805777119472622 6.8416968291858202 334.82497073151171 88.448957088403404 4.3237680736929169 40.87215484585613 1878.2396582076326 31.50979645550251
leaf_count=183 23 417 24 57 24 31 94 16 45 37 86 30 14 39 31 38 40 18 150 23 665 35 51 88 2808 575 29 521 14720 88
internal_value=-2.17864e-05 -0.000269677 -0.0139159 -0.0248277 -0.0061166 0.0142762 0.0115524 0.00609464 -0.00327166 0.00148191 0.0152729 0.0109899 0.00688909 -0.0209903 0.0352877 0.00369996 0.00386921 -0.00473131 0.0143803 0.0166006 -0.000104624 0.00746112 0.0107953 0.00591422 -0.000312082 -0.00521122 0.000200613 -0.0122316 4.65054e-05 -0.00294777
internal_weight=2606.37 2504.85 29.9346 20.956 11.4889 7.16566 8.97858 101.518 34.8459 32.1481 19.9221 66.6726 57.045 12.226 9.62754 15.833 52.8069 29.043 23.7639 6.26095 2474.92 66.0529 57.7531 52.9473 2408.86 164.289 92.7727 71.5167 2244.57 366.335
internal_count=21000 20250 253 136 79 55 117 750 261 245 161 489 405 84 84 124 391 201 190 53 19997 839 804 753 19158 1542 604 938 17616 2896
is_linear=0
shrinkage=0.05


Tree=127
num_leaves=31
num_cat=0
split_feature=3 6 1 11 8 5 11 1 1 2 6 11 2 9 11 11 6 14 6 5 2 2 2 7 5 5 5 16 2 16
split_gain=1.52875 1.67081 2.56303 5.98476 2.55764 3.90552 3.74976 5.18775 4.37509 2.46759 2.0557 7.23613 6.62092 4.73155 2.33318 5.32844 8.56383 4.16872 4.53908 4.14286 4.01455 2.23181 2.02444 1.84938 1.45831 1.97348 1.68942 1.56411 4.29549 1.84571
threshold=1.0000000180025095e-35 0.92535001039505016 0.43064999580383306 13.500000000000002 0.42065000534057623 57.750000000000007 18.500000000000004 0.16225000470876697 0.057050000876188285 1956.3850097656252 0.91574999690055858 17.500000000000004 1261.0349731445315 1.5000000000000002 6.5000000000000009 8.5000000000000018 0.73704999685287487 0.10235000029206277 0.59025001525878917 111.25000000000001 8219.7949218750018 757.45501708984386 2302.7500000000005 2.5000000000000004 184.75000000000003 176.75000000000003 169.65000152587893 7.5000000000000009 1924.195007324219 4.5000000000000009
decision_type=2 2 2 2 2 2 2 2 2 2 2 2 2 2 2 2 2 2 2 2 2 2 2 2 2 2 2 2 2 2
left_child=1 10 4 -4 6 9 8 -8 -3 -6 14 12 21 -14 17 16 -16 18 -1 -19 -17 -12 -7 -13 25 26 27 29 -29 -2
right_child=24 2 3 -5 5 22 7 -9 -10 -11 11 23 13 -15 15 20 -18 19 -20 -21 -22 -23 -24 -25 -26 -27 -28 28 -30 -31
leaf_value=0.010545978668741759 -0.0018162162674402401 0.058118278379841341 0.051130248569913841 -0.026965520697358521 -0.0070075010161655795 -0.016285133517401202 -0.003077150419386969 0.047976235816874352 -0.0081856721068803012 -0.046511828568170883 0.049377897249204668 -0.043855674615760898 0.033462100929730794 -0.019060564658032145 -0.0016418086332533905 0.0005319322390728861 0.025390160057324137 0.0014505789215391012 -0.009126996853672846 0.028508328378517085 0.019475846930934397 0.11483716306218816 0.023698870192211466 -0.00088169129888945896 -0.029241935997586729 0.035626677613508406 -0.032682380592273318 0.014027604168823274 -0.04050910277921687 0.0064920691002672767
leaf_weight=34.229813385289162 884.89330254227389 2.5556309453677377 6.1967141856439394 4.0608079172670841 5.8869310682639542 6.6617777051869762 12.691600734135138 8.1848417818546277 93.994533615536056 12.032713782973586 2.9893043935298946 4.935331632383166 11.893691759556534 6.7054023544769725 56.117617015610449 866.24891323794145 61.307751525659114 161.86321412527468 204.42170868231915 15.50156863988377 28.899474803358316 2.3070877678692341 6.0323314145207405 5.0809312015771866 4.7399810226634136 3.5775373456999651 4.345853265374898 6.2335976811591527 8.5804419629275781 72.309227471705526
leaf_count=215 10403 14 48 25 46 49 70 54 521 37 36 24 58 27 318 5132 393 954 1145 102 69 27 24 27 61 42 35 106 73 865
internal_value=-2.13212e-05 0.00092269 -0.00395686 0.0202132 -0.00563157 -0.0185029 -0.00227594 0.0169389 -0.00643064 -0.0335339 0.00145084 0.0136178 0.0285713 0.0145265 0.00116202 0.00245721 0.0124716 -0.00199043 -0.0063053 0.00381541 0.00114353 0.0778917 0.00271555 -0.0220563 -0.00157518 -0.00144136 -0.00157718 -0.00143811 -0.0175606 -0.00118859
internal_weight=2605.48 1620.8 158.298 10.2575 148.04 30.6138 117.427 20.8764 96.5502 17.9196 1462.5 33.9117 23.8955 18.5991 1428.59 1012.57 117.425 416.016 238.652 177.365 895.148 5.29639 12.6941 10.0163 984.68 979.94 976.362 972.017 14.814 957.203
internal_count=21000 9415 888 73 815 156 659 124 535 83 8527 199 148 85 8328 5912 711 2416 1360 1056 5201 63 73 51 11585 11524 11482 11447 179 11268
is_linear=0
shrinkage=0.05


Tree=128
num_leaves=31
num_cat=0
split_feature=6 6 14 12 12 1 1 1 12 8 8 14 12 8 6 7 1 6 11 11 8 5 5 8 5 1 8 8 5 12
split_gain=1.42378 2.07334 3.16914 4.65362 3.00719 2.57119 2.40203 1.7215 3.36655 3.08385 9.51746 3.66438 2.92459 12.8 6.59808 2.94422 2.62938 3.60042 2.46763 1.86409 2.41568 1.68899 2.85207 2.8097 2.47728 3.92048 2.22331 1.9859 2.94971 2.77625
threshold=0.45065000653266912 0.47425000369548803 0.12975000590085986 445.05000305175787 157.44999694824222 0.39259999990463262 0.27365000545978552 0.18975000083446505 1375.049987792969 0.48389999568462377 0.45104999840259558 0.35774999856948858 970.10000610351574 0.11935000121593477 0.84415000677108776 1.0000000180025095e-35 0.18225000053644183 0.48984999954700476 1.5000000000000002 18.500000000000004 0.49725000560283666 72.049999237060561 61.750000000000007 0.24534999579191211 91.549999237060561 0.26745000481605535 0.022149999625980858 0.076949998736381545 126.85000228881837 364.94999694824224
decision_type=2 2 2 2 2 2 2 2 2 2 2 2 2 2 2 2 2 2 2 2 2 2 2 2 2 2 2 2 2 2
left_child=21 2 5 4 -4 6 -2 12 9 10 -9 -11 16 15 -15 -14 17 -3 -18 20 -10 22 26 -24 25 -23 -1 -26 29 -29
right_child=1 7 3 -5 -6 -7 -8 8 19 11 -12 -13 13 14 -16 -17 18 -19 -20 -21 -22 24 23 -25 27 -27 -28 28 -30 -31
leaf_value=0.033450785399115911 -0.023667870452262693 0.027733036753901603 0.024514446257569013 0.063410572461120251 -0.044204497841314166 0.015557727510070155 -0.073095743382856307 0.0019603593421897055 0.00024331435106396027 0.0076242005101919315 -0.024401758298205851 0.056656745810080469 0.0074062395963416143 0.029909310284249781 -0.0051919623238007228 -0.030850578868867648 0.025789495829541726 -0.0015658413360995979 -0.016603171864539881 -0.043521503787995394 -0.049003333951414658 -0.034615288243996206 0.014660145311654871 0.073513686355621582 -0.023092047889654254 0.027816487112196565 0.0029008974794428014 0.010566325424304978 -0.016190613490579844 0.059995849870390909
leaf_weight=6.7563878968358031 14.044387269299486 10.568613015115259 2.9197311177849752 2.8941863505169749 3.5009580291807652 3.3574653239920726 2.9793863240629426 801.85509677347727 12.580405032262208 126.42653649637941 35.764454908086918 3.9288177466951302 6.6794770793058005 45.530133532360196 18.964208200573921 20.354472365230322 3.7238401281647375 1334.3260160858044 43.910445068497211 5.4185659866780034 3.1046857251785687 10.448496527737005 5.2236414737999421 3.3148410227149725 4.2816880643367794 3.311581674963235 50.243209258420393 7.9273686311207729 5.3411420769989482 4.4271223992109299
leaf_count=52 130 97 27 29 26 26 15 6380 112 890 232 31 75 384 150 163 33 11086 317 34 13 84 42 32 29 26 353 62 31 39
internal_value=-2.1023e-05 -0.000256202 -0.0133892 0.010772 -0.0129554 -0.0244316 -0.0323184 -9.85078e-05 0.00151737 0.00194809 0.000834757 0.00910201 -0.00117544 0.00748223 0.019588 -0.0213982 -0.0017445 -0.0013356 -0.0132891 -0.0182387 -0.0095045 0.00579098 0.0105591 0.0375085 -0.00295316 -0.0195901 0.0065221 0.00746328 0.0148565 0.028279
internal_weight=2604.11 2502.83 29.6961 9.31488 6.42069 20.3812 17.0238 2473.14 989.079 967.975 837.62 130.355 1484.06 91.5283 64.4943 27.0339 1392.53 1344.89 47.6343 21.1037 15.6851 101.275 65.5381 8.53848 35.7374 13.7601 56.9996 21.9773 17.6956 12.3545
internal_count=21000 20250 253 82 53 171 145 19997 7692 7533 6612 921 12305 772 534 238 11533 11183 350 159 125 750 479 74 271 110 405 161 132 101
is_linear=0
shrinkage=0.05


Tree=129
num_leaves=31
num_cat=0
split_feature=15 6 12 2 2 14 14 2 8 8 8 11 1 2 6 5 8 2 1 8 6 12 1 11 2 1 2 8 14 5
split_gain=1.50772 2.08479 5.33696 4.85163 3.31064 2.51904 5.38786 4.38071 2.75113 5.96011 4.84071 3.75696 3.7165 6.51846 2.21343 2.21232 1.48203 5.53892 4.59175 6.11579 4.82834 5.74141 5.71407 4.42677 4.04854 5.91006 3.69975 3.15575 4.44185 2.78548
threshold=0.45000000298023229 0.5976499915122987 674.54998779296886 3630.6350097656255 2631.6450195312505 0.011950000189244749 0.010049999691545965 3118.025024414063 0.53154999017715465 0.42325000464916235 0.39155000448226934 18.500000000000004 0.090649999678134932 1751.2099609375002 0.57684999704360973 87.649997711181655 0.36595000326633459 1978.195007324219 0.44875000417232519 0.53154999017715465 0.6521500051021577 588.54998779296886 0.090649999678134932 14.500000000000002 1796.850036621094 0.3213499933481217 1845.5050048828127 0.36024999618530279 0.15824999660253528 102.35000228881837
decision_type=2 2 2 2 2 2 2 2 2 2 2 2 2 2 2 2 2 2 2 2 2 2 2 2 2 2 2 2 2 2
left_child=16 2 3 4 14 6 7 15 9 10 -7 -11 -10 -14 -2 -3 27 24 20 23 21 -19 -22 -20 29 26 -26 -1 -29 -18
right_child=1 5 -4 -5 -6 8 -8 -9 12 11 -12 -13 13 -15 -16 -17 17 18 19 -21 22 -23 -24 -25 25 -27 -28 28 -30 -31
leaf_value=-0.00097244379056746493 0.0019924096986176621 -0.002247183650988182 0.062639211077131107 -0.028558108372668291 0.070491790522206652 0.0035562187196607632 -0.06328932488101513 0.047798511017821142 -0.017905952685394095 -0.02889537890255104 0.041229812685895616 0.018807970443452171 -0.004128491822524007 0.068898973990079965 0.053592650277024367 -0.050634617020394526 0.0072953123655662812 -0.018811480540905999 0.035485477819584166 0.069525045680090256 0.016729718358935969 0.01550249649784631 -0.0031196906531555505 -0.029356495455250171 0.053811498753089972 0.077841214650485588 0.0013994935181864481 -0.035483689220909553 0.027863367461435248 -0.0077301024946667268
leaf_weight=1678.1669416176155 11.81865592021496 8.6417659441940504 5.1186326295137397 7.0251598060131064 2.8015842512249938 137.53035903745331 4.4632392637431613 3.552877649664878 4.1135496497154262 21.614251445978883 9.0901512135751528 5.1016181558370581 5.4348510820418579 6.9804118787869811 2.5217073517851523 3.2508501131087533 219.57787006243598 76.736020606243983 5.1955360504798573 5.0588086396455756 42.662966709118336 14.492683267220853 241.46123801195063 5.3349972758442163 4.4730153856799069 4.5980368293821803 13.618047057883812 13.588988191680984 3.4748981082811943 35.886304407846183
leaf_count=14238 125 76 45 30 18 1015 23 15 20 117 69 27 48 41 31 18 2373 357 29 31 237 74 1218 23 40 41 110 107 32 372
internal_value=-2.09076e-05 0.00376318 0.0162599 0.00643668 0.0207783 0.00201857 -0.0149019 -0.000919551 0.0037928 0.00193423 0.0058919 -0.019786 0.0232835 0.0369308 0.0110661 -0.0154739 -0.000403521 0.00158906 -0.00224823 0.0243412 -0.00335255 -0.0133603 -0.000139182 0.00263512 0.00698233 0.0272234 0.0143584 -0.00118998 -0.0225837 0.00518462
internal_weight=2603.39 239.06 29.2857 24.1671 17.1419 209.774 19.9087 15.4455 189.865 173.336 146.621 26.7159 16.5288 12.4153 14.3404 11.8926 2364.33 669.096 390.942 15.5893 375.353 91.2287 284.124 10.5305 278.153 22.6891 18.0911 1695.23 17.0639 255.464
internal_count=21000 1718 249 204 174 1469 132 109 1337 1228 1084 144 109 89 156 94 19282 4905 1969 83 1886 431 1455 52 2936 191 150 14377 139 2745
is_linear=0
shrinkage=0.05


Tree=130
num_leaves=31
num_cat=0
split_feature=9 10 1 2 2 11 11 11 1 13 12 3 1 6 2 5 2 1 2 2 8 12 12 1 2 1 6 6 12 1
split_gain=1.50507 2.4412 1.65988 4.71098 3.01161 3.67516 3.62187 2.68193 2.44477 3.61779 2.17175 1.55464 1.69308 6.29633 5.09502 4.0303 3.34328 2.30167 4.00546 3.11627 2.29487 1.90445 4.03867 3.679 1.60497 6.32589 7.51021 11.7852 5.57249 6.17968
threshold=3.5000000000000004 2.5000000000000004 0.11805000156164171 4257.0849609375009 4149.6547851562509 8.5000000000000018 4.5000000000000009 2.5000000000000004 0.10315000265836717 0.2650000005960465 94.149997711181655 1.0000000180025095e-35 0.050049999728798873 0.90395000576972973 2852.765014648438 35.95000076293946 2200.0000000000005 0.062049999833107002 1440.3249511718752 844.73501586914074 0.35005000233650213 74.450000762939467 76.149997711181655 0.13984999805688861 2906.7700195312505 0.085349999368190779 0.86844998598098766 0.77775001525878917 1041.7500000000002 0.28034999966621404
decision_type=2 2 2 2 2 2 2 2 2 2 2 2 2 2 2 2 2 2 2 2 2 2 2 2 2 2 2 2 2 2
left_child=11 2 3 8 6 -6 7 -4 9 -2 -8 24 13 14 15 -13 -15 18 19 -14 -16 23 -23 -19 -1 26 27 -26 -27 -30
right_child=1 -3 4 -5 5 -7 10 -9 -10 -11 -12 12 17 16 20 -17 -18 21 -20 -21 -22 22 -24 -25 25 28 -28 -29 29 -31
leaf_value=-0.00059670573039386128 0.059445746784177828 0.050939117777482182 0.012515695535038644 -0.035888655367636101 0.00047535693252145163 0.049465525614198869 0.018414578651412414 0.07178220017858114 -0.018273537120920984 0.0037847431112068585 -0.0066772812610492067 -0.036630888111257739 -0.0172799959780328 0.024979623211040122 -0.054148079291925659 0.03416940583290954 0.1279407198921487 -0.017179127975950542 -0.033917839978199277 0.057591426969220483 0.0019003201071828299 0.051309165848725982 -0.0010278236554175806 -0.0013809325119085898 0.010201687654652567 0.0020621191788916045 -0.010572614819444747 0.058499061914473863 -0.005930858633095522 -0.053404090425147481
leaf_weight=955.15576626453549 3.9451205655932489 2.9046375188045195 5.2046904191374761 8.9403226077556592 6.7991014793515197 8.761264853179453 10.891493735834954 3.0143616534769535 6.5599985383450976 11.227299155667422 41.412307132035494 2.4963430613279405 3.1068915277719524 1.5581829743459814 4.4918218031525603 10.318487069569526 1.5960130132734773 55.661415403708816 13.686808142811058 2.5146014662459493 3.0776049494743347 3.7052104650065294 712.67838327214122 109.04911138117313 42.499542377889156 497.97207123786211 20.3308185338974 17.971953712403774 25.814816258847713 9.3334887921810132
leaf_count=6863 35 413 41 27 23 37 83 32 46 94 274 47 71 33 42 177 17 774 141 52 19 39 8357 1193 147 1679 65 74 82 23
internal_value=-2.06194e-05 0.00571229 0.00448175 -0.00533756 0.00844038 0.0280593 0.00339638 0.0342519 0.00723061 0.0182577 -0.00145227 -0.000272793 -0.00189993 0.0113379 0.00116552 0.0203774 0.0770776 -0.00224599 -0.019323 0.0162114 -0.0313597 -0.00187176 -0.000757131 -0.00671969 0.000685332 0.00267996 0.0157169 0.0245555 0.00070402 -0.0185372
internal_weight=2602.68 109.661 106.756 30.6727 76.0832 15.5604 60.5229 8.21905 21.7324 15.1724 52.3038 2493.02 923.941 23.5385 20.3843 12.8148 3.1542 900.402 19.3083 5.62149 7.56943 881.094 716.384 164.711 1569.08 613.923 80.8023 60.4715 533.12 35.1483
internal_count=21000 1105 692 202 490 60 430 73 175 129 357 19895 10962 335 285 224 50 10627 264 123 61 10363 8396 1967 8933 2070 286 221 1784 105
is_linear=0
shrinkage=0.05


Tree=131
num_leaves=31
num_cat=0
split_feature=1 1 14 11 12 14 5 12 8 12 12 2 12 12 1 14 14 14 9 2 2 14 14 16 6 16 1 6 12 5
split_gain=1.39734 3.94142 4.06538 4.34637 5.73926 4.18076 4.11152 4.11151 3.98336 3.61661 3.55011 3.22206 4.05092 7.06944 5.98485 10.7595 6.36829 3.98479 3.36256 3.28446 10.5237 7.55347 6.56514 7.94689 3.99944 3.47313 5.8604 3.28724 3.16272 3.11618
threshold=0.12384999915957452 0.12894999980926516 0.095150001347064986 15.500000000000002 178.75000000000003 0.22694999724626544 43.549999237060554 630.54998779296886 0.1009500026702881 241.05000305175784 166.34999847412112 5919.9299316406259 341.34999084472662 495.25000000000006 0.079450000077486052 0.084150001406669631 0.10325000062584878 0.047949999570846565 1.0000000180025095e-35 4604.5700683593759 4526.3251953125009 0.19784999638795855 0.038949999958276756 1.5000000000000002 0.84705001115798961 6.5000000000000009 0.070749998092651381 0.78734999895095836 1547.4000244140627 82.250000000000014
decision_type=2 2 2 2 2 2 2 2 2 2 2 2 2 2 2 2 2 2 2 2 2 2 2 2 2 2 2 2 2 2
left_child=11 2 3 8 -5 6 -4 -8 -2 -7 -10 19 14 -14 16 -16 -13 -15 -17 20 25 22 23 -21 -24 28 -27 -23 -1 -3
right_child=1 29 5 4 -6 9 7 -9 10 -11 -12 12 13 17 15 18 -18 -19 -20 21 -22 27 24 -25 -26 26 -28 -29 -30 -31
leaf_value=-0.0020228125427468472 -0.041604631687401174 -0.00097815643076361682 0.0070167202684789489 0.066748047221545467 0.00012238266992191865 -0.026224174970885722 0.067822821797839869 0.0061421878749633885 -0.026489588353274016 0.034467038177715327 0.016142781855562609 -0.0068205999602689972 -0.049211231898426355 0.029828482804563294 0.021170726115401758 -0.0095079792031136853 0.061467177257940278 -0.019223138722744039 -0.052512293420479583 0.060588979913883456 -0.05867353046170834 0.074288318774709622 0.00343287961432891 -0.002623137822494518 -0.027589243746673792 0.068638508286773453 0.0029461038258033036 0.021832425316767507 0.036147641869483833 0.0039309706966505825
leaf_weight=639.33341371221468 7.1315095419995513 1265.0862838926259 7.3170903585851219 5.1468284782022229 8.6894678398966771 5.9453310407698137 11.150503541342912 3.5657070521265259 7.4424436986446407 4.1807708013802767 14.200548751978202 7.0424303971230966 15.505282409489153 6.0325664826668826 13.577126771211622 7.1750318109989193 6.6266279220581055 13.20000642351806 12.403379507362841 9.0883228406310099 8.0370827168226224 5.4323611482977849 26.964899735059589 10.977865087799726 16.901788553223014 4.709318550303581 12.164314681664107 6.6338113844394684 5.4732928257435551 434.21386595326476
leaf_count=6132 62 9837 64 39 66 42 114 27 55 34 111 24 44 28 50 27 28 43 43 55 28 29 112 49 68 54 115 28 69 3523
internal_value=-2.07343e-05 0.000770606 0.0120058 0.00187721 0.0249058 0.0254261 0.0376476 0.0528777 -0.00919615 -0.00116655 0.00148265 -0.00171773 -0.011153 -0.0240901 -0.00155529 -0.0130329 0.0262847 -0.00383741 -0.0367522 -0.00068576 -0.00180358 0.0091647 0.00231673 0.0260067 -0.00851991 -0.00111281 0.0212804 0.0454488 -0.00169881 0.000276249
internal_weight=2601.35 1774.07 74.7702 42.6108 13.8363 32.1594 22.0333 14.7162 28.7745 10.1261 21.643 827.279 81.5625 34.7379 46.8246 33.1555 13.6691 19.2326 19.5784 745.716 669.717 75.999 63.9329 20.0662 43.8667 661.68 16.8736 12.0662 644.807 1699.3
internal_count=21000 13974 614 333 105 281 205 141 228 76 166 7026 287 115 172 120 52 71 70 6739 6398 341 284 104 180 6370 169 57 6201 13360
is_linear=0
shrinkage=0.05


Tree=132
num_leaves=31
num_cat=0
split_feature=15 2 2 2 12 2 5 11 5 2 2 1 12 12 9 2 8 8 2 1 8 2 1 7 5 8 5 7 11 12
split_gain=1.39946 2.04223 3.82189 2.20476 9.17046 4.1915 2.96893 1.46385 6.00346 2.9452 3.86472 2.41452 2.00253 3.66074 4.54495 2.8251 1.90137 1.69524 4.08526 5.15903 4.01396 3.7512 4.97721 3.42529 3.11355 2.80341 2.38474 6.3554 3.02622 2.28688
threshold=0.45000000298023229 10212.334960937502 7735.0351562500009 5119.9750976562509 185.55000305175784 4751.7250976562509 106.64999771118165 22.500000000000004 47.95000076293946 1595.4400024414065 1190.2650146484377 0.12535000592470172 1041.7500000000002 410.94999694824224 1.0000000180025095e-35 1272.039978027344 0.21085000038146975 0.36595000326633459 1978.195007324219 0.44875000417232519 0.53154999017715465 1796.850036621094 0.3213499933481217 4.5000000000000009 107.45000076293947 0.36024999618530279 82.250000000000014 5.5000000000000009 19.500000000000004 561.14999389648449
decision_type=2 2 2 2 2 2 2 2 2 2 2 2 2 2 2 2 2 2 2 2 2 2 2 2 2 2 2 2 2 2
left_child=7 2 3 5 -5 6 -2 17 9 10 16 -11 13 15 -15 -10 -9 25 21 23 -21 24 -23 -20 -19 26 28 -28 -1 -27
right_child=1 -3 -4 4 -6 -7 -8 8 12 11 -12 -13 -14 14 -16 -17 -18 18 19 20 -22 22 -24 -25 -26 29 27 -29 -30 -31
leaf_value=-0.00094443431167475574 0.0014521729881826725 -0.032721588154720441 0.040883644908176101 -0.041777097820230834 0.019943982614218439 0.046782590155174199 0.021236664256285342 0.01045115781278666 -0.011304084600340413 -0.0052084930864898073 0.052591139804281734 -0.041851452774778759 0.044582198544085863 0.036699863049464633 -0.031058875604228653 0.017123647275357253 -0.036344578835037257 0.007011266260871645 -0.0041378894447389909 0.0095463107958755761 0.065573205124826367 0.014440923601038963 0.073033551574228861 0.012135183882262521 -0.010788374015379262 -0.01145247876122301 0.0013159608335736291 0.035507990125080519 -0.0084293604564739857 -0.055892784208164493
leaf_weight=1033.4424558902392 177.09409756038804 3.8030498921871176 6.8970718383789054 12.150008373428138 11.924760357476769 5.7751911468803874 21.236079475143924 3.655225159134714 12.31288620457053 5.9866656456142691 2.53149928478524 18.050263229757547 2.7683609724044791 3.0227055978029993 13.652768805157391 30.114443048136309 5.3445732705295086 216.10853463981766 322.821179212071 9.7586461466271412 4.7542909309267989 17.731362961465496 4.5556417256593695 35.936681767227128 27.719484832137823 12.964806692209097 405.69369213352911 14.061478281859307 155.33955303090625 3.7270845733582965
leaf_count=8715 1402 7 20 38 46 27 178 51 154 35 32 95 26 33 109 220 60 2326 1609 50 29 146 40 197 290 115 3495 133 1299 23
internal_value=-2.13564e-05 0.00362568 0.0042137 0.0031053 -0.0112053 0.00479327 0.00357058 -0.00039019 -0.0063909 -0.0227597 -0.00198681 -0.0327251 0.00301911 0.00107231 -0.0187765 0.0088736 -0.0173387 -0.000131998 0.00204905 -0.00132554 0.0279002 0.00678247 0.0264177 -0.00250782 0.00498772 -0.000990049 -0.000778508 0.00246137 -0.0019225 -0.0213754
internal_weight=2600.93 238.88 235.077 228.18 24.0748 204.105 198.33 2362.05 97.4394 35.5682 11.5313 24.0369 61.8712 59.1028 16.6755 42.4273 8.9998 2264.61 639.386 373.271 14.5129 266.115 22.287 358.758 243.828 1625.23 1608.54 419.755 1188.78 16.6919
internal_count=21000 1718 1711 1691 84 1607 1580 19282 815 273 143 130 542 516 142 374 111 18467 4687 1885 79 2802 186 1806 2616 13780 13642 3628 10014 138
is_linear=0
shrinkage=0.05


Tree=133
num_leaves=31
num_cat=0
split_feature=3 2 5 13 16 6 5 14 12 2 12 2 2 5 2 12 2 12 10 2 6 0 12 14 2 14 5 11 14 6
split_gain=1.43177 1.55428 4.88712 7.89602 12.0801 4.3631 4.13376 6.03448 5.77008 3.19105 2.8623 4.57202 4.27364 3.44715 3.17719 6.15482 4.40455 1.50305 4.33996 4.17516 2.86185 2.58776 2.5604 2.33055 2.26164 2.21569 4.71791 2.52928 2.14362 0.270623
threshold=1.0000000180025095e-35 2906.7700195312505 131.25000000000003 0.50000000000000011 2.5000000000000004 0.41915000975131994 37.45000076293946 0.25014999508857733 83.549999237060561 2879.2399902343755 970.10000610351574 1625.7600097656252 1322.3900146484377 85.450000762939467 1845.5050048828127 800.64999389648449 1765.7249755859377 1091.0000000000002 1.5000000000000002 2991.984985351563 0.29524999856948858 1.5000000000000002 1064.600036621094 0.23505000025033954 2352.4550781250005 0.19135000556707385 87.250000000000014 21.500000000000004 0.15235000103712085 0.75894999504089367
decision_type=2 2 2 2 2 2 2 2 2 2 2 2 2 2 2 2 2 2 2 2 2 2 2 2 2 2 2 2 2 2
left_child=1 9 5 4 -4 -3 8 -8 -7 10 14 12 -12 -13 16 -16 -1 20 19 23 -2 -20 25 24 -19 27 -27 -22 29 -21
right_child=17 2 3 -5 -6 6 7 -9 -10 -11 11 13 -14 -15 15 -17 -18 18 21 28 22 -23 -24 -25 -26 26 -28 -29 -30 -31
leaf_value=0.00043943537335237046 0.03521817281316126 0.037802699419239798 0.076379512745286773 -0.012964074459671474 -0.0085227071680569044 0.031956195604700068 -0.0027118135937598451 0.016161327435592825 0.0043946885318300061 -0.030903200823541772 0.0099250526713857267 0.016278320342370648 -0.028529242941840352 0.059427920872610111 -0.0034837197722008815 -0.039698472196124324 0.022027734168795735 -0.0048828153147979668 0.056329002961313601 -0.058202705378564694 -0.0018652854094155847 -0.0084126533356064497 0.042937415400426893 -0.050705872652831177 0.043930838267113997 -0.0010731197319068975 0.017212160408430131 -0.012671310361998079 -0.010065879166854823 -0.041162822330687764
leaf_weight=582.93785261188168 5.3902539098635307 8.3429513126611692 10.786714285612108 9.5916780307889002 6.8502213582396498 23.040767338126898 419.98747367202304 47.103946612915024 108.00280917529017 8.4726509749889356 24.576286548515782 19.731571107637141 10.233789116144179 6.0470744096674016 295.4384016932454 12.217501281760631 24.624821440782398 17.038271752186127 3.4986763102933756 5.9419134706258756 677.12585448694881 2.7618976598605514 3.2566593773663035 2.3544064704328767 2.7568524777889243 148.65587527421303 46.252384941559285 58.857848855783232 4.5793376490473738 3.8332800567150116
leaf_count=4957 45 45 47 32 22 91 1417 168 359 34 234 120 63 43 1566 53 164 284 47 33 8294 28 40 27 32 1503 445 746 30 31
internal_value=-2.11852e-05 0.000892992 0.00282435 0.0235471 0.0434033 0.00189398 0.00139311 -0.000808547 0.0092407 -0.000350469 -8.51886e-05 0.0104396 -0.0013801 0.0264002 -0.000781942 -0.00492186 0.00131442 -0.00152696 -0.0106944 -0.0172908 -0.00110969 0.0277678 -0.00131931 -0.00367801 0.00191543 -0.00147414 0.00326604 -0.00272946 -0.0382959 -0.0515206
internal_weight=2600.29 1617.99 633.707 27.2286 17.6369 606.478 598.135 467.091 131.044 984.28 975.807 60.5887 34.8101 25.7786 915.219 307.656 607.563 982.304 42.7646 36.5041 939.539 6.26057 934.149 22.1495 19.7951 930.892 194.908 735.984 14.3545 9.77519
internal_count=21000 9415 2181 101 69 2080 2035 1585 450 7234 7200 460 297 163 6740 1619 5121 11585 512 437 11073 75 11028 343 316 10988 1948 9040 94 64
is_linear=0
shrinkage=0.05


Tree=134
num_leaves=31
num_cat=0
split_feature=13 2 16 1 12 12 6 2 5 5 2 5 5 2 5 15 6 6 14 1 1 6 5 6 8 1 2 1 2 6
split_gain=1.3877 2.98175 7.65079 2.70373 3.14406 3.71721 15.671 4.87633 3.05452 4.12689 5.0587 2.91159 2.63243 5.66343 8.4688 8.64019 12.016 6.31133 6.27359 10.7567 8.35083 3.62906 5.68485 4.86003 5.27453 4.87724 3.8318 4.62397 5.48572 3.52482
threshold=0.2650000005960465 8219.7949218750018 2.5000000000000004 0.12384999915957452 1268.299987792969 913.75000000000011 0.80234998464584362 7332.6101074218759 155.70000457763675 84.850002288818374 4149.6547851562509 81.450000762939467 34.850000381469734 1522.1949462890627 30.849999427795414 0.10000000335276128 0.78485000133514415 0.88574999570846569 0.028849999420344833 0.21564999967813495 0.23785000294446948 0.80364999175071727 36.250000000000007 0.91205000877380382 0.025249999947845939 0.060350000858306892 6659.7651367187509 0.10684999823570253 7332.6101074218759 0.69445002079010021
decision_type=2 2 2 2 2 2 2 2 2 2 2 2 2 2 2 2 2 2 2 2 2 2 2 2 2 2 2 2 2 2
left_child=1 3 -3 8 5 7 -7 -5 9 11 -11 -1 13 -2 15 16 -15 -17 19 -16 -20 26 -23 24 -24 -25 29 -28 -29 -14
right_child=12 2 -4 4 -6 6 -8 -9 -10 10 -12 -13 21 14 18 17 -18 -19 20 -21 -22 22 23 25 -26 -27 27 28 -30 -31
leaf_value=-0.0056672243291941487 -0.0042842258142738957 0.043689307189456628 -0.018938059516162717 1.1035114931037894e-05 -0.02817552900008724 0.067999895953292186 -0.021832478278529081 -0.041697072737502922 0.035788489146348808 -0.012016584569446979 -0.050534036778143866 0.032763008102461612 0.0017328527403749742 0.012622250981737849 0.11566007709745141 0.014542754405155497 -0.018328949409344486 0.065549418901021769 0.004649011282747288 0.0041518863195448086 0.052521757547873395 -0.026375190766718071 -0.011293256019999559 0.038863227713738076 0.0077324851665327892 -0.0046457436059546805 -0.034482830955266351 -0.033946773532117107 0.0031314140509468655 -0.0045925679703081963
leaf_weight=141.31921403028537 116.67011685948819 11.418495714664461 8.5118476897478086 367.78005388076417 9.9224500593263638 9.4073269609361905 10.031988279428331 7.1440906450152388 3.9868602491915217 34.588520970195532 11.312333848327397 5.106707395752891 462.69898672227282 62.901372801046818 4.8207579609006626 37.820406998507679 62.530960797797889 7.2228905970696351 30.008121575694531 3.9224874889478087 13.080174302682279 16.539818542543799 39.837726566242054 6.6620868020690969 425.66706733743194 194.13471425219905 18.890324629843235 13.133669016882775 41.485092617571354 420.3006538215559
leaf_count=1317 1440 39 26 3101 79 87 74 20 30 364 41 49 3882 391 44 238 368 50 185 30 90 127 375 63 3372 1523 46 45 117 3387
internal_value=-2.11222e-05 -0.0020841 0.0169424 -0.00271547 -0.000377766 0.000321645 0.0216404 -0.000783703 -0.00752972 -0.00842769 -0.0215093 -0.00432694 0.000625958 0.00463693 0.00931889 0.0039378 -0.00280765 0.0227219 0.0270175 0.0656341 0.0191816 -0.000203413 0.00258089 0.00329967 0.00610427 -0.00320219 -0.00219109 -0.0131593 -0.00578444 -0.001278
internal_weight=2598.86 620.53 19.9303 600.6 404.286 394.363 19.4393 374.924 196.314 192.327 45.9009 146.426 1978.33 338.977 222.307 170.476 125.432 45.0433 51.8315 8.74325 43.0883 1639.35 682.841 666.302 465.505 200.797 956.509 73.5091 54.6188 883
internal_count=21000 5227 65 5162 3361 3282 161 3121 1801 1771 405 1366 15773 2836 1396 1047 759 288 349 74 275 12937 5460 5333 3747 1586 7477 208 162 7269
is_linear=0
shrinkage=0.05


Tree=135
num_leaves=31
num_cat=0
split_feature=9 14 7 12 12 12 12 7 7 15 8 12 4 11 11 5 14 8 8 12 14 14 5 11 5 12 2 2 1 8
split_gain=1.41244 1.51209 5.63645 2.85276 2.30589 5.58823 2.21935 4.05502 4.53091 2.39687 4.45929 3.30154 1.40206 1.64635 5.79592 6.39653 4.67121 3.23261 5.4335 7.25355 4.5052 3.21571 2.91261 8.52471 3.89934 2.89176 2.68501 2.13317 1.52881 5.91925
threshold=3.5000000000000004 0.23795000463724139 3.5000000000000004 450.44999694824224 28.650000572204593 12.949999809265138 561.14999389648449 1.5000000000000002 3.5000000000000004 0.10000000335276128 0.12274999916553499 94.149997711181655 1.0000000180025095e-35 6.5000000000000009 7.5000000000000009 93.049999237060561 0.15824999660253528 0.25045000016689306 0.29954999685287481 357.15000915527349 0.094350002706050887 0.10814999788999559 75.450000762939467 4.5000000000000009 41.850000381469734 1375.049987792969 6946.9450683593759 4604.5700683593759 0.050049999728798873 0.36325000226497656
decision_type=2 2 2 2 2 2 2 2 2 2 2 2 2 2 2 2 2 2 2 2 2 2 2 2 2 2 2 2 2 2
left_child=12 4 3 -3 5 -2 9 -8 -9 11 -11 -6 28 17 15 16 -15 22 19 -19 -20 -17 24 -24 -14 26 -16 -27 29 -1
right_child=1 2 -4 -5 6 -7 7 8 -10 10 -12 -13 13 14 25 21 -18 18 20 -21 -22 -23 23 -25 -26 27 -28 -29 -30 -31
leaf_value=-0.0070979279228016862 -0.0068650886246123385 0.070617495625514837 -0.042957570412885046 -0.00092234452445379709 0.01710893494827221 0.091996138683482276 0.068274936490090074 -0.014789401846173812 0.051061795684704571 -0.02453621397336931 0.026206664200290226 -0.012907269519121793 0.001214954239086613 0.03302908135009059 0.00052162038772681006 0.0056301096239265167 -0.0011486680051556416 0.0048335700764130449 -0.0080796996201582573 0.050677956063828411 0.0087581708295146072 -0.044116055160683364 0.013999373469122077 -0.021039841621545232 -0.014528570918971216 -0.0080789330954204579 0.011400581439656506 -0.044082909855658173 -0.002144262371268676 0.04576180081960865
leaf_weight=15.710585659369828 3.4447416297625741 4.5641412296099571 2.2473295533563942 2.0059564113616943 11.462509056902489 2.4432974270312116 3.3125295427162191 8.3304500390076992 3.8053982337005428 5.9251527581363943 16.079236367368139 45.627061189967208 59.383596502244473 38.316528785973787 961.52018721494824 8.0044286064803583 13.526536121964453 27.203323863446712 97.321568947285414 12.635944738984106 67.127920707687736 5.4676648303866378 52.346792869269848 25.970329791307449 116.46837648190558 15.93673647940159 60.272034257650375 5.5455680042505255 898.08465406671166 7.9893529545515767
leaf_count=256 35 54 23 25 115 41 43 93 40 56 166 414 363 237 5689 45 81 156 513 85 399 25 327 135 624 99 143 12 10627 79
internal_value=-2.19012e-05 0.00554251 0.025395 0.0487752 0.00379954 0.0341583 0.00190881 0.0192429 0.00585934 -0.00147681 0.0125431 -0.00688058 -0.000266152 0.00064403 0.00168624 0.0161352 0.0241117 -0.00187611 0.00280702 0.0193742 -0.00120652 -0.0145594 -0.00564018 0.0023802 -0.00921213 0.000781643 0.00116333 -0.0173732 -0.00181348 0.0107213
internal_weight=2598.08 109.248 8.81743 6.5701 100.43 5.88804 94.5423 15.4484 12.1358 79.094 22.0044 57.0896 2488.83 1567.05 1108.59 65.3152 51.8431 458.458 204.289 39.8393 164.449 13.4721 254.169 78.3171 175.852 1043.27 1021.79 21.4823 921.785 23.6999
internal_count=21000 1105 102 79 1003 76 927 176 133 751 222 529 19895 8933 6331 388 318 2602 1153 241 912 70 1449 462 987 5943 5832 111 10962 335
is_linear=0
shrinkage=0.05


Tree=136
num_leaves=31
num_cat=0
split_feature=10 6 6 14 5 5 8 3 11 1 2 2 6 2 11 2 14 2 14 11 11 5 7 6 8 8 8 2 14 1
split_gain=1.32181 1.70708 2.05032 1.60825 2.34844 2.73212 2.6539 1.34573 1.83199 2.50804 3.5034 3.46608 2.08166 6.82627 8.49592 3.06915 2.22235 5.36875 2.24713 1.80616 4.25227 5.28097 4.79077 4.14724 2.99216 4.51049 5.12876 3.21183 2.99067 4.51246
threshold=2.5000000000000004 0.94244998693466198 0.91745001077651989 0.29264999926090246 32.049999237060554 35.95000076293946 0.16305000334978106 1.0000000180025095e-35 18.500000000000004 0.49780000746250158 8996.6650390625018 6457.9150390625009 0.93285000324249279 1866.9799804687502 2.5000000000000004 1415.664978027344 0.030049999244511131 4257.0849609375009 0.031449999660253532 6.5000000000000009 7.5000000000000009 93.049999237060561 4.5000000000000009 0.73524999618530285 0.25045000016689306 0.29954999685287481 0.31695000827312475 3630.6350097656255 0.010049999691545965 0.30014999210834509
decision_type=2 2 2 2 2 2 2 2 2 2 2 2 2 2 2 2 2 2 2 2 2 2 2 2 2 2 2 2 2 2
left_child=7 2 3 4 6 -6 -2 19 12 10 11 -10 16 15 -15 -14 17 -9 -18 24 21 22 -21 -23 28 27 -27 -26 29 -1
right_child=1 -3 -4 -5 5 -7 -8 8 9 -11 -12 -13 13 14 -16 -17 18 -19 -20 20 -22 23 -24 -25 25 26 -28 -29 -30 -31
leaf_value=0.029125082757401329 -0.045538247968967854 0.04047442606584653 -0.031625654617822699 0.041146610142214171 0.06965544799881819 0.0073070586394792169 0.0068110028938551549 -0.0020291803734081492 -0.0077875556050353671 0.029938341084392719 -0.05422243772576716 0.020836585666340147 0.0015340545485301492 -0.037427325784659092 0.034712465571030256 -0.035865938298506338 0.038380097246343635 -0.026744648098033338 -0.00021694099669426303 0.0156215364220866 0.00098767528802413593 -0.037043509823857249 0.062086746952330366 0.01954047397906631 0.008718167265802124 -0.031515246529926086 0.0014041261596359255 0.040072879700860105 -0.0070758127310912456 -0.025636643178587666
leaf_weight=13.384705021977426 4.4794150537345541 3.5650702975690356 3.6207762779667965 3.2814605813473454 1.8243614796083409 47.636093655601144 5.268671668600291 106.62531143240631 170.32093791663647 4.7093729674816123 3.8478705883026114 11.27597703412175 15.991790103726091 4.8042750470340279 27.121810147538781 8.3495168890804035 3.7970915567129842 27.675374291837215 549.31722692027688 46.492141362279654 1063.3254161383957 7.9418947175145131 6.2989905700087538 5.4676717966794968 29.347094140946865 12.81892269104719 153.642175167799 11.317079678177832 237.74704385362566 5.2324324026703826
leaf_count=89 43 54 43 46 33 600 68 1612 2244 34 15 54 299 43 247 97 58 193 6175 278 6042 36 41 34 201 61 855 40 1341 24
internal_value=-2.14507e-05 0.00677225 0.00495484 0.00707437 0.00518602 0.00960679 -0.0172444 -0.000208781 -0.00171585 -0.00609548 -0.00701056 -0.00601018 -0.000596013 0.00865017 0.0238568 -0.0112948 -0.00135285 -0.0071223 4.8025e-05 0.000674674 0.00175315 0.0140483 0.0211657 -0.0139717 -0.00195358 0.00251588 -0.00113095 0.0174444 -0.0055646 0.013734
internal_weight=2596.53 69.6758 66.1108 62.49 59.2085 49.4605 9.74809 2526.85 933.837 190.154 185.445 181.597 743.682 56.2674 31.9261 24.3413 687.415 134.301 553.114 1593.02 1129.53 66.2007 52.7911 13.4096 463.489 207.125 166.461 40.6642 256.364 18.6171
internal_count=21000 887 833 790 744 633 111 20113 11071 2347 2313 2298 8724 686 290 396 8038 1805 6233 9042 6431 389 319 70 2611 1157 916 241 1454 113
is_linear=0
shrinkage=0.05


Tree=137
num_leaves=30
num_cat=0
split_feature=13 9 5 11 2 1 1 0 8 12 8 7 8 5 8 16 16 5 12 5 16 12 2 2 5 2 6 1 2
split_gain=1.31551 2.76037 4.96621 3.93121 9.37317 3.83955 6.97696 3.81701 3.65337 3.32898 2.62479 6.5609 6.12923 5.26873 2.44939 2.41086 2.17802 2.16604 4.26313 2.12305 1.9074 4.8899 3.43353 2.23472 4.80033 3.53282 1.38506 1.25976 0.348706
threshold=0.50000000000000011 1.0000000180025095e-35 145.05000305175784 20.500000000000004 2631.6450195312505 0.26084999740123754 0.43355000019073492 1.5000000000000002 0.7150000035762788 131.55000305175784 0.048350000753998763 3.5000000000000004 0.054950000718235976 40.750000000000007 0.76749998331069957 10.500000000000002 1.5000000000000002 12.550000190734865 97.850002288818374 20.150000572204593 7.5000000000000009 105.75000000000001 4085.184936523438 3263.7099609375005 131.25000000000003 3190.2099609375005 0.88275000452995311 0.26745000481605535 2963.6550292968755
decision_type=2 2 2 2 2 2 2 2 2 2 2 2 2 2 2 2 2 2 2 2 2 2 2 2 2 2 2 2 2
left_child=15 2 3 5 9 7 -7 -2 10 -5 11 13 -12 -3 -10 17 -6 18 -1 -14 23 -22 -23 25 -25 -19 27 -20 -13
right_child=1 8 -4 4 16 6 -8 -9 14 -11 12 28 19 -15 -16 -17 -18 20 26 -21 21 22 -24 24 -26 -27 -28 -29 -30
leaf_value=0.039352917951951283 0.0055859172998065781 0.022481834861109162 -0.03325955010407055 0.043199309202062414 0.087278881546970777 0.031991033433625193 -0.010020800519737597 -0.016272009720166462 0.058039417118112314 -0.018241855411939893 0.059734510019720577 -0.040989074277663247 0.016539805427627282 -0.013290139861579675 0.0048158275416210752 0.039467287926667094 0.040341896157427136 -0.0013204833552131182 -0.034606675991971626 -0.00076048443890680377 -0.050753076772782159 0.01127610941306045 -0.047409590052866914 0.0010765758978147791 0.023128330531675442 -0.021410738204091426 -0.060355372477851381 0.0064739259394734627 -0.061307585916867038
leaf_weight=2.5041649360209695 104.58777354098856 13.952849117573349 7.4725145585834971 2.9797352980822351 5.024157799780367 30.453156301751733 14.630029708147047 24.687680032104254 4.4190560294082371 8.4749946240335685 4.343215887900441 4.1460215868428332 18.575007930397987 39.247378955595195 4.2317013591527939 3.7288317382335654 4.8646509721875191 1218.3357709128177 6.1188189242966455 391.40940712962765 6.7380594185087856 12.969673659652473 3.0852975510060778 599.99547430640087 25.737476929090917 22.28241655533202 3.2303893696516743 2.6851303186267614 4.3033843599259853
leaf_count=21 861 135 46 33 28 229 90 168 37 79 44 35 164 346 26 35 25 12287 61 2979 49 133 15 2768 131 122 19 19 15
internal_value=-2.14461e-05 0.00185321 0.00674526 0.00827277 0.0285274 0.00579337 0.0183577 0.00141172 -0.000197728 -0.00225908 -0.000782985 -0.0104086 0.000649259 -0.00390821 0.032004 -0.000697437 0.0641889 -0.000776109 -0.0200016 2.33332e-05 -0.000628153 -0.0150047 -1.57165e-06 -0.000452578 0.0019836 -0.00168132 -0.0323524 -0.0220774 -0.0513375
internal_weight=2595.21 687.803 203.175 195.702 21.3435 174.359 45.0832 129.275 484.628 11.4547 475.977 61.6496 414.328 53.2002 8.65076 1907.41 9.88881 1903.68 14.5385 409.984 1889.14 22.793 16.055 1866.35 625.733 1240.62 12.0343 8.80395 8.44941
internal_count=21000 5340 1559 1513 165 1348 319 1029 3781 112 3718 531 3187 481 63 15660 53 15625 120 3143 15505 197 148 15308 2899 12409 99 80 50
is_linear=0
shrinkage=0.05


Tree=138
num_leaves=31
num_cat=0
split_feature=15 5 6 12 11 12 2 5 5 2 14 2 2 2 16 14 16 2 2 2 2 12 2 5 1 2 14 14 5 14
split_gain=1.26663 3.63682 3.50321 3.02047 6.814 7.54527 5.04347 7.26927 4.78979 4.76533 4.55067 3.61508 5.48274 3.06854 2.4963 8.71503 4.14988 3.20735 5.0208 2.5731 5.32764 11.0847 4.58367 3.9725 6.774 4.75882 2.18697 2.69407 2.72058 6.16915
threshold=0.10000000335276128 164.34999847412112 0.45065000653266912 228.44999694824222 12.500000000000002 238.15000152587893 2143.3649902343755 48.250000000000007 13.650000095367433 3449.265014648438 0.18924999982118609 7735.0351562500009 5239.1000976562509 1978.195007324219 4.5000000000000009 0.3189499974250794 6.5000000000000009 8996.6650390625018 5919.9299316406259 6236.8850097656259 4604.5700683593759 19.349999427795414 4388.5549316406259 103.64999771118165 0.12384999915957452 8996.6650390625018 0.36770001053810125 0.24374999850988391 73.250000000000014 0.01794999931007624
decision_type=2 2 2 2 2 2 2 2 2 2 2 2 2 2 2 2 2 2 2 2 2 2 2 2 2 2 2 2 2 2
left_child=2 3 26 8 5 9 13 -8 -2 -5 -7 12 -10 -6 19 17 -17 18 -16 20 22 -22 -4 25 -25 -21 27 28 29 -1
right_child=1 -3 14 4 6 10 7 -9 11 -11 -12 -13 -14 -15 15 16 -18 -19 -20 23 21 -23 -24 24 -26 -27 -28 -29 -30 -31
leaf_value=0.071274743005753025 0.058108614168070928 -0.028476966278711248 -0.00053729276513822012 0.025601445479884279 -0.0074777278645560309 0.0057278054162702222 0.026695813646929325 -0.0032547496142247192 -0.00051599577997085385 0.11326732244775872 0.023890452399444977 0.022314804471651 -0.019689770888970538 -0.038941270375993486 -0.010598760554635 0.086470983779319971 0.0072861657050611074 -0.048795249098116694 0.029765334219926179 -0.015670620793128066 0.073841324153895563 0.006047645276400236 -0.018847195062771674 -0.016979779774274329 0.054678953395986531 0.0075093711120568689 -0.028411925208556055 0.045627958779294875 -0.004727746719032695 0.0097868601620351072
leaf_weight=4.6706401556730262 3.3761342354118815 9.9286047294735891 1226.0604743831791 3.4701127782464019 85.663645056542009 182.40193032776006 29.335231648292392 65.480314345797524 331.36771452974062 2.8016952499747276 42.528032067697495 15.057745575904844 42.010889704339206 8.5199250131845456 137.21245391003322 3.4833799209445706 3.1515892595052719 5.0682357996702185 8.1624152995645982 91.663419175893068 6.2882806393317869 146.54612542362884 35.160950303077698 6.6004649400711042 6.5914338976144791 29.193666404113173 3.447502475231885 5.591389760375022 21.737092656549066 32.220330388983712
leaf_count=37 33 81 11552 37 912 1434 170 332 2789 16 344 43 148 56 1165 35 24 8 37 306 33 634 160 23 30 87 19 47 169 239
internal_value=-2.14332e-05 0.00160097 -0.000773624 0.00196874 0.0049134 0.0106701 -0.00212879 0.00601173 -0.00118928 0.0647629 0.00916186 -0.00170468 -0.00267334 -0.0103239 -0.00121639 -0.00722225 0.0488584 -0.00969556 -0.00833242 -0.000607002 2.06182e-05 0.00883698 -0.00104775 -0.00722764 0.0188251 -0.0100714 0.0103838 0.0124665 0.00930386 0.0175716
internal_weight=2594.79 821.942 1772.85 812.013 420.201 231.202 188.999 94.8155 391.812 6.27181 224.93 388.436 373.379 94.1836 1705.18 157.078 6.63497 150.443 145.375 1548.1 1414.06 152.834 1261.22 134.049 13.1919 120.857 67.667 64.2195 58.6281 36.891
internal_count=21000 6395 14605 6314 3301 1831 1470 502 3013 53 1778 2980 2937 968 14094 1269 59 1210 1202 12825 12379 667 11712 446 53 393 511 492 445 276
is_linear=0
shrinkage=0.05


Tree=139
num_leaves=31
num_cat=0
split_feature=9 10 1 14 3 2 2 12 12 12 3 12 10 1 2 6 12 7 14 14 11 11 6 1 12 10 6 8 8 8
split_gain=1.32383 2.32817 1.52901 4.07691 2.80322 3.32554 2.56966 2.12427 6.238 4.08135 1.26948 1.40825 4.09373 5.2104 4.31819 2.46606 2.34107 3.51541 2.61949 2.26267 1.3912 4.7227 5.42891 5.43784 3.79288 3.12681 3.67516 3.16508 4.53882 2.66482
threshold=3.5000000000000004 2.5000000000000004 0.32619999349117285 0.064350001513957991 1.5000000000000002 1978.195007324219 2163.724975585938 97.850002288818374 66.649997711181655 121.54999923706056 1.0000000180025095e-35 1091.0000000000002 1.5000000000000002 0.14265000075101855 2991.984985351563 0.29524999856948858 970.10000610351574 3.5000000000000004 0.19135000556707385 0.23505000025033954 6.5000000000000009 7.5000000000000009 0.6521500051021577 0.21965000033378604 279.75000000000006 2.5000000000000004 0.78734999895095836 0.25045000016689306 0.29954999685287481 0.24534999579191211
decision_type=2 2 2 2 2 2 2 2 2 2 2 2 2 2 2 2 2 2 2 2 2 2 2 2 2 2 2 2 2 2
left_child=10 2 4 -4 7 -6 -5 8 -2 -9 20 15 14 -14 19 -12 18 -18 -17 -13 25 22 23 -22 -24 27 -27 29 -29 -1
right_child=1 -3 3 6 5 -7 -8 9 -10 -11 11 12 13 -15 -16 16 17 -19 -20 -21 21 -23 24 -25 -26 26 -28 28 -30 -31
leaf_value=-0.0052459122048003314 5.7897896416199846e-05 0.050895345214149325 0.045636895951432166 0.028296681182809931 0.0062917210975149034 -0.045363271221018478 -0.0244125117163322 -0.035364132561873138 0.065152783028815539 0.0054537713841919366 0.033274300250792581 0.0024855680068476623 0.078059053035305095 -0.014332517640725302 -0.039731940389229801 -0.0033529068837991555 0.0010126987683967514 0.046092775944973359 0.0034042132058931642 -0.050314035284716965 0.0081137800161253746 0.00074608953902767451 0.011599931764461471 -0.055589531547658777 0.039892944218394177 0.066931493200942369 -0.0064639573964583065 0.017573965464120142 -0.0012824341293179581 -0.041883182110578794
leaf_weight=243.94195142947137 11.57469802722335 2.738288677763193 7.4646627232432392 3.8268947526812536 6.0281878598034364 6.4494804963469505 5.8424049541354179 6.9307012483477584 5.3961792550981036 52.620849348604679 5.1234149858355513 18.425575884990398 2.7375081907957783 3.4479905720800161 13.430444534868 672.00642854254693 13.500734789296986 6.3627343941479912 182.34624685067683 2.2801873460412017 11.385417614132168 1042.374488000758 30.025073267519474 4.7465896829962722 19.563630741089582 3.5684643145650616 3.2672228142619133 39.754651594907045 161.78447623178363 5.0662688538432112
leaf_count=1384 73 413 56 41 55 27 25 38 39 338 42 305 30 34 92 8392 159 58 1823 27 66 5943 177 22 123 40 33 236 887 22
internal_value=-2.16402e-05 0.00537491 0.00420047 0.0178782 0.00156728 -0.0204078 -0.00355138 0.00515052 0.0207559 0.000703321 -0.00025806 -0.00173246 -0.0108695 0.0265571 -0.0176512 -0.00131349 -0.00151619 0.0154529 -0.00191072 -0.0033289 0.000608099 0.00156572 0.0145655 -0.0106299 0.022762 -0.00171191 0.031851 -0.00222112 0.00243709 -0.00599133
internal_weight=2594.01 108.872 106.134 17.134 89.0001 12.4777 9.6693 76.5224 16.9709 59.5516 2485.14 919.661 40.3217 6.1855 34.1362 879.34 874.216 19.8635 854.353 20.7058 1565.48 1108.1 65.7207 16.132 49.5887 457.383 6.83569 450.547 201.539 249.008
internal_count=21000 1105 692 122 570 82 66 488 112 376 19895 10962 488 64 424 10474 10432 217 10215 332 8933 6331 388 88 300 2602 73 2529 1123 1406
is_linear=0
shrinkage=0.05


Tree=140
num_leaves=30
num_cat=0
split_feature=13 2 16 2 2 2 2 8 6 6 6 2 8 11 6 11 2 8 8 6 12 11 8 6 8 2 2 8 12
split_gain=1.24759 2.54499 8.37475 7.08303 3.24551 3.52506 7.73408 3.75079 3.10138 2.15102 4.62216 3.12216 3.10682 5.71336 4.05139 4.03408 3.12292 2.05473 3.71169 3.56946 3.41256 4.18986 3.46927 2.27083 2.00925 1.58808 3.2298 1.48379 1.37496
threshold=0.2650000005960465 7735.0351562500009 2.5000000000000004 7332.6101074218759 6659.7651367187509 5476.3298339843759 4751.7250976562509 0.19264999777078631 0.77144998311996471 0.9670500159263612 0.95974999666214 4751.7250976562509 0.43280000984668737 6.5000000000000009 0.96974998712539684 15.500000000000002 2852.765014648438 0.019049999304115776 0.022149999625980858 0.73374998569488536 53.149999618530281 17.500000000000004 0.011850000359117987 0.80364999175071727 0.16935000568628314 1595.4400024414065 2822.5500488281255 0.54794999957084667 273.94999694824224
decision_type=2 2 2 2 2 2 2 2 2 2 2 2 2 2 2 2 2 2 2 2 2 2 2 2 2 2 2 2 2
left_child=1 3 8 4 5 6 -1 -7 -3 10 17 25 13 16 -15 -16 24 20 19 -19 21 -2 -22 -20 -11 28 -27 -14 -12
right_child=9 2 -4 -5 -6 7 -8 -9 -10 12 11 -13 27 14 15 -17 -18 18 23 -21 22 -23 -24 -25 -26 26 -28 -29 -30
leaf_value=-0.0030063271240331597 0.026770232405044028 0.058464040977049853 -0.019611132549027917 -0.060158825056521786 0.027245400562367423 -0.034904872936684789 0.023540699222324116 -0.0032261255826616722 0.013579988460077286 0.044666840289415699 -0.038415101264082707 -0.049546485402986527 -0.032160551369811892 0.092278209607153147 0.047687630623556514 -0.0011995878224298493 -0.041167872860567882 0.07602698781299283 -0.00048313110955800967 0.0051031440991789866 -0.005163754983285444 -0.027672637036693822 -0.033456130685218098 0.0032017799635030812 -0.015231654388478065 0.039238706402818041 -0.01924841512355914 0.0095014885139390361 0.0062080346650220854
leaf_weight=510.10348539357074 15.602446260396393 8.0706630125641841 11.289565389975904 5.3085329160094252 9.24653786793351 16.882835429627448 28.995273014064878 20.924795239232481 7.3570392131805411 2.7771304063498992 6.1614434192888492 6.8961496129631987 4.9206079579889757 2.7097199074924019 9.7348844534717518 7.4485814631916574 4.5883442312479019 3.2276981920003882 1046.7281928847078 3.9389520576223731 127.8510029084282 4.5687328558415166 11.838555154390631 696.15172142756637 2.8234372213482857 3.8597421757876855 6.0766830742359161 3.7780246511101723 2.39817282743752
leaf_count=4790 163 30 32 19 43 71 135 84 23 34 61 18 27 28 96 69 17 24 8213 32 1165 44 95 5541 25 35 28 28 30
internal_value=-2.12191e-05 -0.00198138 0.0131133 -0.00266323 -0.00214252 -0.00261354 -0.0015785 -0.0173721 0.0370601 0.000592601 0.000358962 -0.0208332 0.012252 0.0198621 0.0354567 0.0264963 -0.0105853 0.000640712 0.00113638 0.0370456 -0.00478549 0.014439 -0.00756151 0.000988719 0.01447 -0.0101276 0.00347054 -0.0140657 -0.0259129
internal_weight=2592.26 618.179 26.7173 591.461 586.153 576.906 539.099 37.8076 15.4277 1974.08 1935.3 25.3922 38.7807 30.0821 19.8932 17.1835 10.1889 1909.91 1750.05 7.16665 159.861 20.1712 139.69 1742.88 5.60057 18.496 9.93643 8.69863 8.55962
internal_count=21000 5227 85 5142 5123 5080 4925 155 53 15773 15449 172 324 269 193 165 76 15277 13810 56 1467 207 1260 13754 59 154 63 55 91
is_linear=0
shrinkage=0.05


Tree=141
num_leaves=25
num_cat=0
split_feature=1 1 6 1 2 11 12 12 12 8 6 2 2 5 1 9 5 5 1 1 8 11 2 12
split_gain=1.25279 6.81458 3.32318 3.14841 2.68873 2.54469 3.66758 5.63631 3.27324 5.28916 4.01177 2.87082 2.40771 2.8902 6.39416 5.95577 4.86207 4.7699 4.06306 2.73256 2.20364 1.88666 1.46319 0.742916
threshold=0.14705000072717669 0.14635000377893451 0.9770999848842622 0.24305000156164172 10212.334960937502 10.500000000000002 741.19998168945324 814.80001831054699 341.34999084472662 0.11415000259876253 0.40365000069141393 8219.7949218750018 10212.334960937502 106.64999771118165 0.12894999980926516 1.0000000180025095e-35 102.95000076293947 114.04999923706056 0.073150001466274275 0.13264999538660052 0.23204999417066577 9.5000000000000018 3024.5700683593755 183.05000305175784
decision_type=2 2 2 2 2 2 2 2 2 2 2 2 2 2 2 2 2 2 2 2 2 2 2 2
left_child=1 12 4 21 5 8 11 -8 10 -10 -2 -7 13 16 17 -16 19 -15 -18 -1 -5 -4 23 -3
right_child=2 22 3 20 -6 6 7 -9 9 -11 -12 -13 -14 14 15 -17 18 -19 -20 -21 -22 -23 -24 -25
leaf_value=-0.00032723426629214744 0.034405479528694424 -0.0071518383536364654 0.083473551803083454 0.030062300734182243 -0.017720519577528272 -0.00012803772611996278 -0.032415076072436683 -0.0035616972304474991 -0.0051379410374281596 0.012387230256758584 -9.4180780033401148e-05 0.022986793037895914 0.019651254160256607 0.022051797226197187 0.072946466786338121 0.014804202707255007 0.019991188469824429 -0.0045217118580019701 -0.036335976323199147 -0.0073759289725533169 -0.022631797040791182 0.027549483134544861 -0.063478811759570125 -0.039923925432788498
leaf_weight=804.58603272365872 8.6057768787723017 2.9831724651157838 2.6863480973988754 4.068854933604598 19.497736342251301 656.75542934110854 21.84037525462918 75.212554171681404 57.196407445240766 174.10522325674538 404.4442773424089 13.713198781013487 14.113433032296596 21.04488752502948 5.9331199023872641 17.09502571541816 3.9372926130890873 85.47184422868304 17.132241414859891 165.83704830333591 3.8722827062010765 3.4384912168607116 4.1657784730195999 4.1143257669173181
leaf_count=6940 67 25 28 30 42 5289 144 576 496 1387 3155 44 40 200 58 157 35 701 121 1353 28 30 18 36
internal_value=-2.13246e-05 -0.00125566 0.000957659 0.0251422 0.000719999 0.00097466 -0.000970277 -0.0100547 0.00329138 0.0080536 0.00062461 0.000344733 -0.000871666 -0.00113004 0.00589353 0.0297844 -0.00204772 0.00072851 -0.02581 -0.0015318 0.00436744 0.0520777 -0.0399559 -0.0261494
internal_weight=2591.85 1146.41 1445.44 14.066 1431.37 1411.87 767.522 97.0529 644.352 231.302 413.05 670.469 1135.15 1121.04 129.545 23.0281 991.493 106.517 21.0695 970.423 7.94114 6.12484 11.2633 7.0975
internal_count=21000 9684 11316 116 11200 11158 6053 720 5105 1883 3222 5333 9605 9565 1116 215 8449 901 156 8293 58 58 79 61
is_linear=0
shrinkage=0.05


Tree=142
num_leaves=31
num_cat=0
split_feature=1 1 5 5 11 5 15 2 12 12 16 1 2 5 1 12 13 2 12 8 16 8 8 11 5 8 8 3 7 9
split_gain=1.2178 3.51478 3.67075 4.95999 8.12695 11.3261 3.0492 2.93596 3.4548 6.70688 5.76099 13.446 7.40168 3.82702 4.07724 3.81083 3.28541 5.58691 7.01854 5.64472 4.61431 4.59243 3.29191 2.97857 2.71928 2.99449 2.70832 2.70258 4.71009 5.00097
threshold=0.12384999915957452 0.12894999980926516 84.450000762939467 40.350000381469734 11.500000000000002 52.95000076293946 0.10000000335276128 5919.9299316406259 341.34999084472662 495.25000000000006 1.5000000000000002 0.085349999368190779 7735.0351562500009 42.95000076293946 0.089850001037120833 135.94999694824222 0.2650000005960465 3449.265014648438 109.85000228881837 0.57844999432563793 1.5000000000000002 0.17085000127553943 0.088550001382827773 3.5000000000000004 115.75000000000001 0.28695000708103185 0.093949999660253539 1.0000000180025095e-35 1.5000000000000002 1.5000000000000002
decision_type=2 2 2 2 2 2 2 2 2 2 2 2 2 2 2 2 2 2 2 2 2 2 2 2 2 2 2 2 2 2
left_child=7 2 3 6 26 -6 -2 16 10 -10 12 -12 -9 -11 -15 -13 27 20 21 -20 22 -19 -18 -22 25 -4 -5 28 29 -1
right_child=1 -3 24 4 5 -7 -8 8 9 13 11 15 -14 14 -16 -17 17 18 19 -21 23 -23 -24 -25 -26 -27 -28 -29 -30 -31
leaf_value=0.026799172858122236 -0.013963629827383556 0.00025008379584758777 0.0012814006227307567 -0.026275098167457319 0.11719370856493963 0.027756322332811792 0.038069007182182868 -0.037257239487206238 -0.047899662232004925 -0.038386064635799383 0.074744602410883529 0.015116729398168919 0.020798568293864766 -0.01653097585330732 0.038532417465915209 -0.036076147375664946 -0.0087612085854272912 0.016194619564806959 0.014279382407354999 0.069404779775762246 -0.018745514407945675 -0.021459849359402889 0.0076812129712053494 -0.0036802814000792337 0.028739945290418973 -0.043075948674863931 0.01699950631335069 -0.015503929551870136 -0.0081256086479651237 -0.015092005779880062
leaf_weight=22.928724657744169 14.251518439035864 1693.1158989840187 9.5164507664740103 4.7704064985737231 4.9714876627549556 12.292047431692479 3.5088596628047517 16.716513969004158 14.927806708961723 5.4556402526795891 6.8841815702617195 7.3879908546805364 8.1749124825000745 6.6600830703973752 6.7886031027883291 7.156893864274025 38.257557420642115 12.232586584985254 94.319230094086379 4.8843369111418715 39.326000934932381 23.954151659272611 148.98603637202177 197.99004659615457 4.2128866962157181 6.3393442071974269 14.93481782497838 56.749057478969917 93.461017400026321 10.336007601115851
leaf_count=152 111 13360 71 41 51 100 37 58 44 18 31 29 29 27 26 25 424 62 491 24 379 104 1496 2012 45 41 117 923 602 70
internal_value=-2.11139e-05 0.00071867 0.0113255 0.0180329 0.0284659 0.0535122 -0.00368371 -0.00160915 -0.010701 -0.0228473 -0.00182943 0.017175 -0.0181904 -0.00306475 0.0112638 -0.010073 -0.000628913 0.00127374 0.0101179 0.0169935 -0.00154662 -0.00873111 0.0043217 -0.00617676 -0.00696612 -0.0164532 0.00652323 -0.00643566 -0.0023748 0.0137828
internal_weight=2591.49 1767.91 74.7978 54.7291 36.9688 17.2635 17.7604 823.577 80.1526 33.8321 46.3205 21.4291 24.8914 18.9043 13.4487 14.5449 743.425 559.95 135.39 99.2036 424.56 36.1867 187.244 237.316 20.0687 15.8558 19.7052 183.475 126.726 33.2647
internal_count=21000 13974 614 457 309 151 148 7026 287 115 172 85 87 71 53 54 6739 4992 681 515 4311 166 1920 2391 157 112 158 1747 824 222
is_linear=0
shrinkage=0.05


Tree=143
num_leaves=27
num_cat=0
split_feature=15 2 2 14 6 2 14 11 6 6 5 14 14 8 14 2 2 14 11 6 8 14 5 14 11 11
split_gain=1.20972 2.21603 3.00707 2.35811 1.91628 5.3406 2.44318 1.24737 5.67281 5.18664 5.21137 4.17086 3.60136 1.45 4.14748 6.71622 5.05015 5.84101 4.84887 4.42774 2.63483 4.36259 2.31308 2.30241 7.40925 3.56495
threshold=0.45000000298023229 10212.334960937502 7735.0351562500009 0.3887500017881394 0.5976499915122987 3630.6350097656255 0.011950000189244749 22.500000000000004 0.45065000653266912 0.53834998607635509 47.95000076293946 0.099950000643730177 0.032850001007318504 0.36595000326633459 0.016950000077486042 6457.9150390625009 1177.0050048828127 0.021750000305473808 16.500000000000004 0.73374998569488536 0.36024999618530279 0.15824999660253528 74.950000762939467 0.020650000311434272 17.500000000000004 1.0000000180025095e-35
decision_type=2 2 2 2 2 2 2 2 2 2 2 2 2 2 2 2 2 2 2 2 2 2 2 2 2 2
left_child=7 2 3 4 5 -2 -6 13 -9 -10 11 -11 -12 20 15 18 19 -18 -15 -16 23 22 -22 24 -1 -25
right_child=1 -3 -4 -5 6 -7 -8 8 9 10 12 -13 -14 14 16 -17 17 -19 -20 -21 21 -23 -24 25 -26 -27
leaf_value=-0.0098235688876352322 0.026493859760536975 -0.034258824856758595 0.036587638321904599 0.044291726391944418 -0.016526147507072313 -0.026972185819232733 0.0024638349983635019 0.065398099309958421 -0.048681703741081224 -0.035345090003852275 0.026352004447769459 0.0021733571052961263 -0.0028677348675416976 0.017286039426526349 -0.0018046149144562232 0.073959186580731168 -0.031193074732647076 -0.000979859797578559 -0.012119244001029164 0.017149010085174349 -0.048572602067641933 0.030310945618919161 -0.0042049607708693898 0.012553105803731302 0.011998933674610517 -0.00045300094942930753
leaf_weight=186.79123846068978 21.335962488781664 3.8486313819885245 6.8682882189750663 3.4071278013288966 18.7184353612829 5.9795891493558875 178.0045549107017 2.7089458499103776 7.2288481406867495 19.240222385618839 14.191878882935269 12.044912070967255 41.038797989487648 51.42519254097715 53.014092147699557 4.2537440136075011 16.631247724639252 419.36882575578056 19.27376951277256 73.579891614732333 8.7686208051163721 3.3338835609611115 4.4176179766654959 54.89201098959893 49.125550424912944 1311.2185239997925
leaf_count=1680 214 7 20 30 129 29 1289 27 48 133 135 107 365 439 627 17 92 2448 148 916 73 31 34 477 462 11023
internal_value=-2.16945e-05 0.00337405 0.00399217 0.00300787 0.00238004 0.0147897 0.000656915 -0.000365466 -0.00593369 -0.00799497 -0.00459538 -0.0209003 0.00464047 -0.000127411 0.00189227 0.0129409 0.000420285 -0.00213234 0.00926965 0.00921175 -0.000922962 -0.020789 -0.0337087 -0.000718103 -0.00527941 6.96005e-05
internal_weight=2590.71 238.163 234.314 227.446 224.039 27.3156 196.723 2352.55 96.4536 93.7447 86.5158 31.2851 55.2307 2256.09 637.547 74.9527 562.594 436 70.699 126.594 1618.55 16.5201 13.1862 1602.03 235.917 1366.11
internal_count=21000 1718 1711 1691 1661 243 1418 19282 815 788 740 240 500 18467 4687 604 4083 2540 587 1543 13780 138 107 13642 2142 11500
is_linear=0
shrinkage=0.05


Tree=144
num_leaves=27
num_cat=0
split_feature=3 2 5 13 16 6 5 11 6 2 2 8 12 12 2 6 2 11 14 5 5 5 14 5 5 2
split_gain=1.24236 1.41825 4.26058 6.43505 10.0812 3.83109 3.58262 7.38074 3.87474 2.99563 4.82495 3.81704 4.50314 3.03084 3.00921 6.62968 4.22369 2.54509 2.54467 1.34335 1.718 1.47619 1.40497 2.7231 2.25683 1.27125
threshold=1.0000000180025095e-35 2906.7700195312505 131.25000000000003 0.50000000000000011 2.5000000000000004 0.41915000975131994 97.549999237060561 10.500000000000002 0.95974999666214 2795.660034179688 2737.8000488281255 0.24894999712705615 152.84999847412112 400.15000915527349 2104.825073242188 0.950850009918213 2086.454956054688 12.500000000000002 0.095150001347064986 184.75000000000003 176.75000000000003 169.65000152587893 0.011450000107288362 86.950000762939467 83.149997711181655 2053.2099609375005
decision_type=2 2 2 2 2 2 2 2 2 2 2 2 2 2 2 2 2 2 2 2 2 2 2 2 2 2
left_child=1 9 5 4 -4 -3 8 -8 -7 10 14 13 -13 18 16 -16 -1 -12 -11 20 21 22 23 -2 -24 -21
right_child=19 2 3 -5 -6 6 7 -9 -10 11 17 12 -14 -15 15 -17 -18 -19 -20 25 -22 -23 24 -25 -26 -27
leaf_value=0.00094644901755413418 -0.0029849249061926412 0.035809868607080929 0.069826658096358379 -0.011272712837349728 -0.0078373099159988191 0.0035639830664020039 -0.026040648727773341 0.0073688412725371327 -0.018888345540267651 -0.032238438144195622 0.048123694373313805 -0.021460402292736446 0.038849903451002199 -0.055042175266230065 -0.0074832724849943537 0.037761923605589713 0.053158414096979682 0.0053453004511338211 0.012265811938531185 -0.0022046364892065263 0.032964267542242472 -0.031070000795555226 -0.0022118666747825782 -0.026355986325762429 0.0035761042333976364 -0.054724390206019359
leaf_weight=725.49640641279984 60.041421144618653 8.1737341880798322 10.845986008644106 9.4219684302806872 6.7970256581902495 508.98983366880566 33.64708431228064 32.497036344371736 19.969757124548778 8.0714097693562525 7.8573444196954352 6.6407896056771261 5.7968163713812828 7.0407339036464682 197.07793053053319 8.443181468639521 3.8941909596323958 6.2366719460114837 5.3349294140934935 2.3137753568589678 3.6445805225521317 4.1823138799518338 664.0154851594707 15.728721307590602 225.64948376105167 2.295079592615366
leaf_count=5926 811 45 47 32 22 1746 108 115 66 35 47 27 31 26 1005 53 27 31 26 40 42 35 7774 222 2640 21
internal_value=-2.15538e-05 0.000831274 0.00268214 0.0220897 0.0399064 0.00181145 0.00134449 -0.00962635 0.00271634 -0.000356923 0.000157174 -0.015193 0.00664853 -0.0284789 -0.000280564 -0.00562452 0.00122521 0.029194 -0.0145284 -0.00142763 -0.0013001 -0.00142889 -0.00130048 -0.0078364 -0.000743839 -0.028358
internal_weight=2590.1 1612.23 630.342 27.065 17.643 603.277 595.104 66.1441 528.96 981.89 949.006 32.8847 12.4376 20.4471 934.912 205.521 729.391 14.094 13.4063 977.871 973.262 969.617 965.435 75.7701 889.665 4.60885
internal_count=21000 9415 2181 101 69 2080 2035 223 1812 7234 7089 145 58 87 7011 1058 5953 78 61 11585 11524 11482 11447 1033 10414 61
is_linear=0
shrinkage=0.05


Tree=145
num_leaves=31
num_cat=0
split_feature=10 2 14 14 14 12 14 12 1 8 15 2 3 12 12 2 8 14 14 2 2 16 12 11 11 12 12 15 2 2
split_gain=1.16906 1.37051 2.09683 1.99667 3.69496 3.60536 3.46652 4.36921 2.54806 3.24371 2.40317 2.01123 1.21623 2.07756 3.02612 5.93309 5.67889 2.90722 3.14673 5.1378 3.2781 2.12026 1.73647 1.52795 3.78649 4.66355 7.25937 5.62788 2.61872 5.81972
threshold=2.5000000000000004 392.72000122070318 0.061149999499320991 0.056150000542402274 0.061850000172853477 113.85000228881837 0.04605000093579293 539.95001220703136 0.10774999856948854 0.3481499999761582 0.10000000335276128 3263.7099609375005 1.0000000180025095e-35 1091.0000000000002 588.54998779296886 7735.0351562500009 0.60834997892379772 0.23505000025033954 0.10895000025629999 4149.6547851562509 2963.6550292968755 8.5000000000000018 533.85000610351574 6.5000000000000009 10.500000000000002 252.15000152587893 41.549999237060554 0.10000000335276128 2963.6550292968755 3058.5649414062505
decision_type=2 2 2 2 2 2 2 2 2 2 2 2 2 2 2 2 2 2 2 2 2 2 2 2 2 2 2 2 2 2
left_child=12 2 -2 5 -5 11 7 -7 10 -10 -6 -3 23 14 21 16 -16 18 20 -20 -15 22 -14 -1 25 26 -25 -27 -26 -30
right_child=1 3 -4 4 8 6 -8 -9 9 -11 -12 -13 13 17 15 -17 -18 -19 19 -21 -22 -23 -24 24 28 27 -28 -29 29 -31
leaf_value=-0.001778984292914826 -0.070692728758005849 -0.031233410338904297 0.015382884876081183 -0.042175553387220087 -0.027193615727315008 0.042538383631144906 0.09035367240982374 -0.018727732765971221 0.00502631597990241 0.045293165088072178 0.031783737453230848 0.023709983797949693 -0.001589775677721056 -0.0021173606342512535 0.00094104132950926513 0.060071413565367639 0.043514294584057728 -0.047862627349941372 -0.00064601783440955656 0.092278942244548037 -0.039094902628051466 -0.029745326831952412 -0.013953826144781856 0.023025824062753844 -0.0021289937211050269 0.007013038147223663 -0.0050535864994777791 0.030361563638931388 0.043400244073980118 0.002433880508807152
leaf_weight=461.68325613997877 1.41568694950547 4.3108758553862598 1.4144201673334462 4.3473393400199702 8.2043862411519495 9.3581173223210481 2.2609128830954424 4.2233963233884415 22.109847230371091 6.4633877694141111 2.1878406122559673 2.7143562785349786 725.52914787270129 14.646754206158223 115.3199582323432 4.8745418190956107 8.4038565382361394 5.1408940199762574 8.4857966750860196 1.8036475405096997 10.145012963563202 6.9865199476480475 29.554617782123387 28.916725773364305 534.40705673396587 86.632786013185978 112.83295540139079 36.759730871766806 8.9116795137524587 318.83304518461227
leaf_count=2611 20 61 31 35 85 138 35 51 271 104 35 21 8596 234 1455 20 74 51 125 12 71 84 349 182 3794 502 628 230 47 1048
internal_value=-2.1157e-05 0.00639927 -0.0276742 0.00785637 0.00154591 0.0198088 0.0330294 0.0234867 0.00642387 0.0141348 -0.0147773 -0.0100048 -0.00019699 -0.00163214 -0.00113018 0.00596453 0.0038328 -0.0127475 -0.00760162 0.0156429 -0.0172489 -0.0023274 -0.00207372 0.000643783 0.00163603 0.00686146 0.000674572 0.0139688 2.9022e-05 0.00354779
internal_weight=2588.88 69.0106 2.83011 66.1805 43.3128 22.8677 15.8424 13.5815 38.9655 28.5732 10.3922 7.02523 2519.87 930.891 890.669 128.598 123.724 40.2221 35.0812 10.2894 24.7918 762.07 755.084 1588.98 1127.29 265.142 141.75 123.393 862.152 327.745
internal_count=21000 887 51 836 530 306 224 189 495 375 120 82 20113 11071 10578 1549 1529 493 442 137 305 9029 8945 9042 6431 1542 810 732 4889 1095
is_linear=0
shrinkage=0.05


Tree=146
num_leaves=31
num_cat=0
split_feature=9 10 5 1 1 12 8 6 1 7 5 11 8 1 6 11 12 6 1 8 8 6 6 7 5 5 5 1 11 1
split_gain=1.22975 2.20223 1.49187 2.44234 2.48561 2.57844 1.40062 1.95848 1.27241 3.03932 4.91223 7.15321 4.30348 3.5831 3.01188 3.30676 2.86171 3.04532 2.80019 2.1758 2.12526 2.67446 1.82986 1.24651 2.90534 3.2187 2.93692 1.85295 7.31052 3.63491
threshold=3.5000000000000004 2.5000000000000004 125.64999771118165 0.32619999349117285 0.27365000545978552 97.850002288818374 0.2913499921560288 0.66804999113082897 0.45945000648498541 2.5000000000000004 77.649997711181655 12.500000000000002 0.2621500045061112 0.50634998083114635 0.90125000476837169 13.500000000000002 54.549999237060554 0.6545500159263612 0.45565000176429754 0.27695000171661383 0.35500000417232519 0.74365001916885387 0.82784998416900646 1.0000000180025095e-35 55.350000381469734 59.649999618530281 52.250000000000007 0.44875000417232519 12.500000000000002 0.44564999639987951
decision_type=2 2 2 2 2 2 2 2 2 2 2 2 2 2 2 2 2 2 2 2 2 2 2 2 2 2 2 2 2 2
left_child=8 2 3 4 5 -2 7 -5 18 14 11 13 -13 -11 16 -16 22 -18 23 -20 21 -12 -10 24 26 -26 -1 29 -29 -25
right_child=1 -3 -4 6 -6 -7 -8 -9 9 10 20 12 -14 -15 15 -17 17 -19 19 -21 -22 -23 -24 27 25 -27 -28 28 -30 -31
leaf_value=-0.00027227029779503778 0.018556517275825749 0.050846987172381154 0.02675890907875262 -0.012583272962211465 -0.027092828756849194 -0.0032166685206774363 0.045688464703450352 0.02901502917522222 -0.0010873754231054218 0.019795032852861813 0.011765505524386174 0.028413072424364957 0.08480653824379078 -0.025353684087918039 -0.002029893909278953 -0.054459761749776882 -0.013911069203461003 0.014457864279566588 -0.042131057873988007 0.002685713043413944 0.020464593573711425 -0.045224563246154675 -0.050176896046589176 -5.6794241168220301e-05 -0.039371876335977218 -0.0074989749484023378 0.035373529887048304 0.0469825333224013 -0.017163982405964034 -0.029897462420928819
leaf_weight=66.778669214807451 17.836045265197754 2.5786510764155528 6.7863639444112769 4.8417589515447599 8.1641217060387117 57.215793173760176 4.1056791804730883 6.8080531097948551 3.8044210243970147 14.073605641722681 3.1899334602057916 8.0176759846508485 5.852377161383628 6.3896553367376319 7.1156620308756811 5.2087971828877926 12.625348234549163 37.731038950383663 7.1327934563159925 4.3657694905996323 3.5959926024079314 5.804704125970602 3.7890639640390873 2159.1416664943099 8.7749850507825595 81.386774654500186 6.3258950486779204 9.1977836582809704 8.5895261876285058 10.253535062074659
leaf_count=625 118 413 47 26 50 363 40 48 31 108 27 61 56 35 45 30 86 262 42 29 30 34 19 17258 75 777 70 73 60 62
internal_value=-2.08741e-05 0.00519351 0.00408036 0.00252532 -0.000892359 0.00195772 0.0205765 0.0117264 -0.000248738 0.00483645 0.0146901 0.0244868 0.0522079 0.00569734 -0.00174311 -0.0241888 0.00303051 0.00734521 -0.000501062 -0.025115 -0.0120243 -0.0250131 -0.0255825 -0.000380648 -0.00459505 -0.010601 0.00281224 -6.60561e-05 0.0160061 -0.000197835
internal_weight=2587.48 108.336 105.758 98.9715 83.216 75.0518 15.7555 11.6498 2479.15 117.198 46.9239 34.3333 13.8701 20.4633 70.2743 12.3245 57.9499 50.3564 2361.95 11.4986 12.5906 8.99464 7.59348 2350.45 163.266 90.1618 73.1046 2187.18 17.7873 2169.4
internal_count=21000 1105 692 645 531 481 114 74 19895 824 351 260 117 143 473 75 398 348 19071 71 91 61 50 19000 1547 852 695 17453 133 17320
is_linear=0
shrinkage=0.05


Tree=147
num_leaves=28
num_cat=0
split_feature=13 5 5 8 1 8 12 5 11 16 12 1 14 5 16 1 12 12 12 1 10 1 8 11 12 13 8
split_gain=1.13538 2.31897 3.97396 5.34012 2.46879 5.23786 5.03492 2.46062 3.80107 2.31119 2.05416 2.03395 2.58157 1.98098 3.74852 1.88775 2.87389 4.96561 3.04908 2.5086 6.27671 2.45685 1.76781 3.24645 1.17935 0.541401 0.510691
threshold=0.50000000000000011 128.25000000000003 123.35000228881837 0.16135000437498095 0.05295000039041043 0.44024999439716345 180.84999847412112 13.650000095367433 16.500000000000004 10.500000000000002 623.14999389648449 0.43355000019073492 0.024249999783933166 12.550000190734865 2.5000000000000004 0.062049999833107002 751.54998779296886 970.10000610351574 303.15000915527349 0.074450001120567336 1.5000000000000002 0.075750000774860396 0.12094999849796297 18.500000000000004 279.75000000000006 0.2650000005960465 0.2808500081300736
decision_type=2 2 2 2 2 2 2 2 2 2 2 2 2 2 2 2 2 2 2 2 2 2 2 2 2 2 2
left_child=9 2 4 -4 5 6 -2 8 -6 13 -9 12 24 14 25 16 18 -18 -15 20 -17 -21 -14 -24 -3 -1 -27
right_child=1 11 3 -5 7 -7 -8 10 -10 -11 -12 -13 22 15 -16 19 17 -19 -20 21 -22 -23 23 -25 -26 26 -28
leaf_value=-0.05299812847222083 0.073846409812655001 -0.053747133444630169 -0.010428245774297046 0.079211421716099656 0.053687224185221538 -0.033807484449295926 0.012582801892691656 0.0024580706357658598 -0.012304124427005313 0.038625930808662917 -0.005155341556043979 -0.040104506065828265 0.026144612730943047 -0.0029735919190540536 0.018160016706111181 0.0027857092373864598 0.061265805769795262 -0.013011662978567318 -0.02190141584936817 -0.028117770805988148 0.045463255021305014 -0.00044866290168478045 0.0036686655050431082 -0.045096589936458167 -0.012300598348976642 -0.013009346949665379 -0.041298588148250853
leaf_weight=3.3541158065199834 5.013259099796417 3.4707827772945157 2.9218137655407181 3.8516962714493275 5.4610008522868139 3.6574316211044779 10.131215594708918 503.80142948694993 3.6342360209673643 3.7382718101143828 107.50081476231571 4.9037302844226351 5.5784582479391274 58.056493000127375 4.5655273939482859 56.20250824932009 4.0003771446645242 5.1426669824868441 33.585347670596093 8.0607405123300833 10.175106580136342 1707.1207199788187 18.654580486938361 4.1771626012632614 3.3954569352790713 2.9690408706665039 3.4481208398938179
leaf_count=30 53 26 28 37 48 20 81 3948 31 35 797 33 47 527 38 470 47 43 266 67 103 13982 142 25 24 28 24
internal_value=-2.03662e-05 0.00172302 0.00244796 0.0405446 0.00204426 0.0198938 0.0328628 0.0015033 0.0273187 -0.00064982 0.00111921 -0.00993187 -0.00573761 -0.000727231 -0.0192428 -0.000586208 -0.00724346 0.0194871 -0.00991035 -0.0002096 0.0093278 -0.000578698 0.000911935 -0.00525314 -0.0332512 -0.0367188 -0.0282099
internal_weight=2586.57 686.153 645.973 6.77351 639.199 18.8019 15.1445 620.397 9.09524 1900.42 611.302 40.1802 35.2764 1896.68 14.3368 1882.34 100.785 9.14304 91.6418 1781.56 66.3776 1715.18 28.4102 22.8317 6.86624 9.77128 6.41716
internal_count=21000 5340 5043 65 4978 154 134 4824 79 15660 4745 297 264 15625 120 15505 883 90 793 14622 573 14049 214 167 50 82 52
is_linear=0
shrinkage=0.05


Tree=148
num_leaves=31
num_cat=0
split_feature=1 6 1 8 2 6 6 2 11 6 6 1 14 1 13 2 12 5 14 2 5 5 5 5 2 1 7 8 7 2
split_gain=1.13733 3.6519 2.81263 3.41786 7.59961 3.07586 3.0968 2.77223 3.90388 6.17947 6.0642 4.96137 4.44799 4.14262 2.81067 4.5373 6.30413 5.3938 4.13513 2.67416 2.60071 2.47368 6.05951 4.81915 7.14196 5.84621 4.0886 3.4313 2.31854 5.27217
threshold=0.12384999915957452 0.9770999848842622 0.13035000115633014 0.55394998192787182 2374.400024414063 0.50984999537467968 0.68475002050399791 6078.9050292968759 15.500000000000002 0.78364998102188121 0.85975000262260448 0.085349999368190779 0.042649999260902412 0.099849998950958266 0.2650000005960465 3449.265014648438 109.85000228881837 81.850002288818374 0.23245000094175342 4526.3251953125009 159.25000000000003 82.250000000000014 78.950000762939467 88.149997711181655 2460.045043945313 0.17095000296831134 5.5000000000000009 0.2543999999761582 1.5000000000000002 4454.0749511718759
decision_type=2 2 2 2 2 2 2 2 2 2 2 2 2 2 2 2 2 2 2 2 2 2 2 2 2 2 2 2 2 2
left_child=7 2 3 5 -5 -2 -7 14 9 11 -11 -9 -10 -13 28 20 18 -18 -17 -3 -16 22 26 24 -23 -25 -4 -24 29 -1
right_child=1 19 21 4 -6 6 -8 8 12 10 -12 13 -14 -15 15 16 17 -19 -20 -21 -22 23 27 25 -26 -27 -28 -29 -30 -31
leaf_value=-0.0032873782311090105 0.043471216762207145 0.013929956149808333 0.00024865016526838307 -0.0096427944018146923 0.10226936816948745 -0.011040105684989187 0.010259011592647539 0.011812184449737282 0.0016951719005561248 0.041011162760675499 -0.012100099777392201 -0.055595631136618806 -0.046295797850685508 -0.011616752103445697 -0.0009144901065614849 -0.0012999056182145729 0.0086711437118360702 0.035083817834422319 -0.046220970432835018 0.063603831590112819 -0.028892301962003139 0.0013305226799494054 -0.0038099224408036261 0.011252587258333292 0.032768398649169077 -0.0031512849728682793 -0.013359935445130967 -0.029937567391546571 -0.0093967292078324452 0.044316043680960981
leaf_weight=41.638894537230954 5.2538928883150211 14.624494679272177 1119.2608191656182 3.096917374059557 2.9734714403748512 24.148174874018878 58.189263628562912 9.8037623465061206 7.5371148176491287 11.87022775784135 9.8213920518755895 9.5903880363330263 13.433601222932337 12.123508282005785 415.29277830536012 31.506610126234591 76.748195008374751 25.835791267454624 6.1178301870822898 3.3254831386730066 8.4757676869630796 41.839788181241602 23.012104994151741 97.431430441327393 31.793184277135879 254.34540390048642 58.056529197958298 27.682304178830236 134.70647094934247 6.7607640805654219
leaf_count=448 48 127 8814 32 18 184 491 39 29 46 38 24 47 40 4237 152 388 138 21 14 74 440 206 854 184 1969 423 170 1268 37
internal_value=-2.0159e-05 0.000695059 0.000464529 0.00889361 0.0451754 0.00637916 0.00401234 -0.00155728 -0.0107763 -0.00357538 0.0169638 -0.0177112 -0.0290473 -0.0310409 -0.000641901 0.00110558 0.00890235 0.0153232 -0.00860419 0.0231327 -0.00147407 -1.29555e-05 -0.00115124 0.00327289 0.0149047 0.000838147 -0.000422424 -0.0180772 -0.00602423 0.00336216
internal_weight=2586.3 1765.03 1747.08 93.6617 6.07039 87.5913 82.3374 821.263 74.18 53.2093 21.6916 31.5177 20.9707 21.7139 747.083 563.977 140.208 102.584 37.6244 17.95 423.769 1653.42 1228.01 425.41 73.633 351.777 1177.32 50.6944 183.106 48.3997
internal_count=21000 13974 13833 773 50 723 675 7026 263 187 84 103 76 64 6763 5010 699 526 173 141 4311 13060 9613 3447 624 2823 9237 376 1753 485
is_linear=0
shrinkage=0.05


Tree=149
num_leaves=31
num_cat=0
split_feature=9 10 14 12 12 12 11 3 12 7 5 5 12 15 5 8 11 11 6 12 6 7 12 12 9 8 12 6 11 14
split_gain=1.10195 2.11511 1.42132 1.98103 2.02675 3.44496 1.63115 1.12483 1.28503 4.42282 4.03666 4.91901 3.8875 2.46952 3.71171 2.43101 2.22994 1.84114 4.24675 1.97058 1.26047 2.78488 5.62795 5.14365 2.99635 3.66377 2.45527 2.03685 6.48346 5.60845
threshold=3.5000000000000004 2.5000000000000004 0.23795000463724139 28.650000572204593 51.549999237060554 94.149997711181655 13.500000000000002 1.0000000180025095e-35 74.450000762939467 2.5000000000000004 102.95000076293947 99.350002288818374 76.149997711181655 0.45000000298023229 78.549999237060561 0.088550001382827773 12.500000000000002 20.500000000000004 0.44134999811649328 1091.0000000000002 0.92535001039505016 3.5000000000000004 324.44999694824224 105.75000000000001 2.5000000000000004 0.42065000534057623 517.25000000000011 0.91574999690055858 17.500000000000004 0.22694999724626544
decision_type=2 2 2 2 2 2 2 2 2 2 2 2 2 2 2 2 2 2 2 2 2 2 2 2 2 2 2 2 2 2
left_child=7 2 3 -2 -5 -6 -4 20 9 13 11 -11 -10 15 -15 -9 -12 19 -19 -14 27 24 23 -23 25 -22 -24 -1 29 -29
right_child=1 -3 6 4 5 -7 -8 8 12 10 16 -13 17 14 -16 -17 -18 18 -20 -21 21 22 26 -25 -26 -27 -28 28 -30 -31
leaf_value=0.00075108261471629949 0.030875421932991927 0.050807402473656109 0.0058131780766398425 -0.026840562728734797 0.032261273449412958 -0.00098545643144011259 0.050703107156626459 0.0004204048025274742 0.048681915144513199 0.005470621586611356 -0.0033534398241838064 0.085184468195495383 0.00057798672888965269 0.032833102111054023 -0.029512780252917828 -0.02081290699444149 -0.046246058283076742 0.036633381564158643 -0.010356293625257609 -0.01158766928542041 -0.00017421096804046645 0.03174161039542394 0.068197828429468199 -0.018807073699247934 -0.030647971058506591 -0.02425916663002339 0.019923613185809212 0.039438760256565369 -0.020575423599005979 -0.023720263844106193
leaf_weight=1376.6250457055867 5.6498115714639416 2.4543799258535719 5.1389990476891381 6.3680762499570838 8.6758547350764257 76.44697885401547 3.3381686694920063 17.23442270886153 3.958282050676643 65.03636746108532 6.4639419205486757 1.9946629125624884 618.42059298697859 6.4848203100264055 3.7780763935297728 61.879977835342288 5.7041963282972574 5.0964466854929915 85.043618329800665 35.179641008377075 83.083864998072386 6.940401732921603 4.1303239651024324 18.307971321046352 12.534850485622881 19.494686380028725 7.2703484036028385 18.943024467676882 9.9103899076580984 4.3156663961708537
leaf_count=7904 45 413 36 32 61 485 33 287 41 771 68 26 7306 66 35 750 65 42 1068 437 459 45 29 96 64 99 47 119 49 22
internal_value=-2.04732e-05 0.00492177 0.00385546 0.00214201 0.000367645 0.0024031 0.0234901 -0.000236032 -0.00162676 -0.00557024 0.00303325 0.00784269 -0.000737665 -0.013194 0.00988174 -0.0161874 -0.0234607 -0.00100068 -0.00769954 -7.68224e-05 0.000580007 -0.00374965 0.00825426 -0.00491199 -0.00757137 -0.00475147 0.0374128 0.00104609 0.0132898 0.0277196
internal_weight=2585.9 108.072 105.618 97.1407 91.4909 85.1228 8.47717 2477.83 916.275 168.576 79.1992 67.031 747.699 89.3773 10.2629 79.1144 12.1681 743.74 90.1401 653.6 1561.56 151.762 36.649 25.2484 115.113 102.579 11.4007 1409.79 33.1691 23.2587
internal_count=21000 1105 692 623 578 546 69 19895 10962 2068 930 797 8894 1138 101 1037 133 8853 1110 7743 8933 839 217 141 622 558 76 8094 190 141
is_linear=0
shrinkage=0.05


Tree=150
num_leaves=27
num_cat=0
split_feature=6 11 15 5 16 6 2 7 2 5 2 5 5 6 6 6 6 11 6 5 2 6 6 12 12 7
split_gain=1.09118 2.12072 1.1067 3.15268 2.82211 4.08982 3.50573 3.49367 3.11398 7.77921 3.16624 2.34935 4.95444 4.06089 3.95678 3.35356 11.5383 4.12013 3.86134 3.24397 5.82716 2.63821 2.62636 2.62635 1.01358 1.68234
threshold=0.29524999856948858 11.500000000000002 0.10000000335276128 164.34999847412112 6.5000000000000009 0.79815000295639049 1751.2099609375002 3.5000000000000004 1668.3950195312502 37.149999618530281 1625.7600097656252 30.44999980926514 34.850000381469734 0.49670000374317175 0.57684999704360973 0.93655002117156994 0.92535001039505016 11.500000000000002 0.78364998102188121 36.250000000000007 1522.1949462890627 0.9670500159263612 0.45065000653266912 180.84999847412112 306.84999084472662 2.5000000000000004
decision_type=2 2 2 2 2 2 2 2 2 2 2 2 2 2 2 2 2 2 2 2 2 2 2 2 2 2
left_child=1 -1 11 4 8 7 -7 -6 10 -10 -4 15 13 -13 -15 16 18 -18 -2 20 -14 23 -21 -17 25 -5
right_child=2 -3 3 24 5 6 -8 -9 9 -11 -12 12 19 14 -16 21 17 -19 -20 22 -22 -23 -24 -25 -26 -27
leaf_value=0.043415531955129753 0.00026219532539761484 -0.0020096825692587418 -0.0019154936614186671 -0.039359602071995056 0.061562167498572268 0.039160516854874435 -0.026078674608735364 -0.0022482257519098668 0.01689522626681169 0.00074104394183843812 -0.031490021411707293 0.062342249890263948 0.015240471093658357 -0.040007358596820114 0.012149790007070985 -0.0017519739343141449 0.11311695309140467 0.022130090637125985 -0.013534226560488123 0.011229995435712167 -0.030544702708019778 0.010261138809136745 -0.00078977722674156148 -0.04895867850944835 -0.047193841308827505 0.019022980990851049
leaf_weight=4.2363086082041246 121.21084648999386 6.5298641729168594 274.25251344754361 2.7547555658966285 7.1380348756210896 3.1363046849146468 5.9960677297785878 3.0666056368499994 90.956338241696358 412.55371089885011 9.3588217725045961 3.8216278683394185 10.067004767246543 3.8293357938528052 72.118102967855521 4.0968271195888546 2.7059741839766493 2.3032399229705334 87.202386999968439 47.009136511129327 22.440223133657128 3.9719472657889119 1367.2790201980388 10.492010463029144 3.9154522400349379 2.2350455485284328
leaf_count=36 997 47 3181 28 71 41 38 24 562 2298 73 38 133 36 631 42 29 22 723 367 126 36 11309 62 25 25
internal_value=-2.0365e-05 0.0158644 -8.68078e-05 0.00143581 0.00176252 0.0206334 -0.00367376 0.0423864 0.00129892 0.00365921 -0.00289142 -0.000792779 -8.03572e-05 0.0120506 0.00951998 -0.00548087 -0.00370801 0.0712811 -0.00551038 -0.000749199 -0.0163657 -0.0258661 -0.000390255 -0.0357021 -0.0281513 -0.0132087
internal_weight=2584.68 10.7662 2573.91 815.364 806.458 19.337 9.13237 10.2046 787.121 503.51 283.611 1758.55 1526.56 79.7691 75.9474 231.983 213.422 5.00921 208.413 1446.8 32.5072 18.5608 1414.29 14.5888 8.90525 4.9898
internal_count=21000 83 20917 6366 6288 174 79 95 6114 2860 3254 14551 12640 705 667 1911 1771 51 1720 11935 259 140 11676 104 78 53
is_linear=0
shrinkage=0.05


Tree=151
num_leaves=31
num_cat=0
split_feature=15 6 6 6 8 8 8 12 6 2 6 14 14 8 11 11 6 8 5 8 7 2 12 9 12 12 2 3 8 5
split_gain=1.03486 2.79833 3.0308 3.19339 2.34687 2.09968 5.55601 3.03991 1.11097 3.41813 3.8542 3.77297 4.67442 5.32007 3.12424 4.35994 3.06651 3.61371 4.19032 3.66549 3.12485 7.45005 8.31145 4.06836 3.55058 7.94381 5.83297 2.9079 2.71626 2.68098
threshold=0.45000000298023229 0.40365000069141393 0.44134999811649328 0.52094998955726635 0.19115000218153003 0.53154999017715465 0.42325000464916235 198.05000305175784 0.63765001296997081 1071.2199707031252 0.61804997920990001 0.093450002372264876 0.095949999988079085 0.38085000216960913 15.500000000000002 21.500000000000004 0.69445002079010021 0.36595000326633459 16.050000190734867 0.3887500017881394 4.5000000000000009 2053.2099609375005 191.09999847412112 1.0000000180025095e-35 353.69999694824224 198.05000305175784 2244.849975585938 1.5000000000000002 0.36024999618530279 24.94999980926514
decision_type=2 2 2 2 2 2 2 2 2 2 2 2 2 2 2 2 2 2 2 2 2 2 2 2 2 2 2 2 2 2
left_child=8 -2 -3 4 -4 6 -5 -7 9 10 29 14 -13 -14 27 -16 20 28 -19 -20 24 23 -23 -22 25 -10 -26 -11 -18 -1
right_child=1 2 3 5 -6 7 -8 -9 16 11 -12 12 13 -15 15 -17 17 18 19 -21 21 22 -24 -25 26 -27 -28 -29 -30 -31
leaf_value=-0.03310422239326636 0.052542279688814614 -0.046838531669808267 0.0047276424133125073 0.0041063621138864199 0.05871927533705229 0.044415250772201237 -0.018715364380276718 0.0026889327204461734 0.00048658758356593626 -0.0026052522575314208 -0.031615249704967145 0.060703439852983654 0.0095376208272514949 -0.010775648841548642 -0.019947891913549173 0.0094775508032446335 -0.0018048676467333554 -0.029519852250897611 0.016684712286211444 0.0023112296972124615 0.043604610722415858 -0.003097073474537821 0.085467486098058751 -0.024774643931588219 0.0088081946723449107 0.026131179916637711 -0.018036064803866752 0.022577739146409329 -0.026687420270810489 -0.0035136761149197008
leaf_weight=8.3957281808834505 2.8303406095365053 3.0685601346194735 3.7116970717906934 173.5424004343804 4.3969498723745346 6.9158175066113499 31.511442928109318 11.834148663212543 97.395929051563144 120.8427845237311 17.569226880907081 3.7329299785196772 120.90965801267885 43.94893498532474 54.804143346613273 16.342350060120225 1154.8600823085289 9.5579369263723475 50.038745210738853 390.54182066419162 2.9953243033960479 4.2667888812720758 6.9871481843292713 7.9452000668970868 40.221607193700038 43.768515815492719 40.725884020095691 12.664553132839499 11.073024230543522 86.724493023124523
leaf_count=109 33 22 34 1290 41 51 173 74 769 767 208 28 847 252 377 111 9878 65 409 2866 37 29 49 85 485 370 211 132 86 1112
internal_value=-2.03031e-05 0.00312259 0.00252733 0.00318052 0.0340048 0.00206372 0.000599256 0.0180794 -0.000338852 -0.00246767 -0.0100995 -0.000163476 0.0053752 0.00412239 -0.00472618 -0.0131889 0.0002172 -0.000572076 0.00323315 0.00394369 0.00543821 0.023327 0.0518893 -0.0060536 0.00365068 0.00843778 -0.00469755 -0.000216385 -0.00204118 -0.00612547
internal_weight=2584.12 237.811 234.981 231.912 8.10865 223.804 205.054 18.75 2346.31 485.935 112.689 373.245 168.592 164.859 204.654 71.1465 1860.38 1616.07 450.139 440.581 244.306 22.1945 11.2539 10.9405 222.112 141.164 80.9475 133.507 1165.93 95.1202
internal_count=21000 1718 1685 1663 75 1588 1463 125 19282 3943 1429 2514 1127 1099 1387 488 15339 13304 3340 3275 2035 200 78 122 1835 1139 696 899 9964 1221
is_linear=0
shrinkage=0.05


Tree=152
num_leaves=24
num_cat=0
split_feature=1 1 6 1 2 14 2 1 14 2 14 2 8 8 6 2 6 8 6 14 11 2 12
split_gain=1.16465 6.27845 2.74813 2.70114 2.42938 2.29887 12.7903 5.52952 4.03805 6.67347 3.91418 2.18194 2.00015 1.95579 4.24563 4.31432 3.45007 4.26869 3.37941 2.45577 1.54564 1.41245 0.701831
threshold=0.14705000072717669 0.14635000377893451 0.9770999848842622 0.24305000156164172 10212.334960937502 0.16104999929666522 7735.0351562500009 0.15265000611543658 0.15515000373125079 1996.2550048828127 0.15374999493360522 10212.334960937502 0.23204999417066577 0.30394999682903295 0.94885000586509716 8996.6650390625018 0.69625002145767223 0.15224999934434894 0.73374998569488536 0.12394999712705614 10.500000000000002 3024.5700683593755 183.05000305175784
decision_type=2 2 2 2 2 2 2 2 2 2 2 2 2 2 2 2 2 2 2 2 2 2 2
left_child=1 11 4 20 5 8 7 -7 10 -10 -2 13 -5 16 15 -15 17 -1 -18 -16 -4 22 -3
right_child=2 21 3 12 -6 6 -8 -9 9 -11 -12 -13 -14 14 19 -17 18 -19 -20 -21 -22 -23 -24
leaf_value=0.009366890750839461 7.0004117795652914e-05 -0.0068279277836104969 0.073346530597839368 0.027828186835525761 -0.016876640129289255 0.032031345577719937 0.062355173029394508 0.0014945399359898074 0.020083479431296319 -0.038553512648231536 0.054057021118247742 0.018825445631804702 -0.022386155844523022 0.0021545073196984794 -0.032194279731403333 0.055691121697321294 -0.015794136469194416 -0.004904198765027879 -0.0034621654061804869 0.0031464957843592243 0.023414632281540157 -0.062534100822796965 -0.038874772972853612
leaf_weight=109.80914240633138 1030.3354309740243 2.9684446491301042 3.0019083423539978 4.0997631624341011 19.376567985862494 15.529637563042341 9.2853677570819837 326.48554124427028 6.941228601383048 16.123645848594606 3.3683656840585163 13.92059699911624 3.8411210179328918 411.62767584284302 14.260198118165137 3.7978579401969901 64.371890075039119 100.22319885296747 405.55321717634797 7.5013782696332774 3.2040958981961012 3.9965883642435074 4.0249635614454746
leaf_count=1053 8309 25 31 30 42 145 31 2483 83 71 36 40 28 3192 99 11 533 879 3743 55 27 18 36
internal_value=-2.04403e-05 -0.00121313 0.000924433 0.0228533 0.000707104 0.000949075 0.00445309 0.0028811 -0.000215759 -0.0209071 0.000245923 -0.000847701 0.00353878 -0.00109285 0.00151621 0.00264394 -0.00277037 0.00255701 -0.00515144 -0.020012 0.0475672 -0.0388227 -0.0252721
internal_weight=2583.65 1142.06 1441.59 14.1469 1427.45 1408.07 351.301 342.015 1056.77 23.0649 1033.7 1131.07 7.94088 1117.14 437.187 415.426 679.957 210.032 469.925 21.7616 6.206 10.99 6.99341
internal_count=21000 9684 11316 116 11200 11158 2659 2628 8499 154 8345 9605 58 9565 3357 3203 6208 1932 4276 154 58 79 61
is_linear=0
shrinkage=0.05


Tree=153
num_leaves=31
num_cat=0
split_feature=3 12 5 1 12 8 8 8 12 5 12 12 5 1 14 16 12 8 12 7 1 8 14 14 5 14 5 1 6 5
split_gain=1.1152 1.33661 3.28656 2.86728 3.6939 1.34636 1.30518 7.91928 1.47083 1.26946 3.9972 3.48094 1.95064 3.33554 4.04296 2.5562 2.4011 2.1858 1.82458 4.84274 3.86896 4.09026 3.25301 2.31874 1.46014 1.49076 2.98291 1.44684 1.40207 1.09979
threshold=1.0000000180025095e-35 5.5499999523162851 86.450000762939467 0.23224999755620959 2.7500000000000004 0.29365000128746038 0.76749998331069957 0.73550000786781322 243.84999847412112 31.250000000000004 16.250000000000004 7.0499999523162851 24.94999980926514 0.17324999719858172 0.16825000196695331 6.5000000000000009 894.55001831054699 0.21804999560117724 23.849999427795414 2.5000000000000004 0.098149999976158156 0.30175000429153448 0.11214999854564668 0.15235000103712085 184.75000000000003 0.011450000107288362 49.45000076293946 0.050049999728798873 0.84275001287460338 111.25000000000001
decision_type=2 2 2 2 2 2 2 2 2 2 2 2 2 2 2 2 2 2 2 2 2 2 2 2 2 2 2 2 2 2
left_child=1 2 3 4 5 -1 7 29 -8 10 11 -2 15 16 -15 17 -14 -12 19 22 -21 -22 28 -24 25 26 -20 -27 -11 -3
right_child=9 6 -4 -5 -6 -7 8 -9 -10 18 12 -13 13 14 -16 -17 -18 -19 24 20 21 -23 23 -25 -26 27 -28 -29 -30 -31
leaf_value=0.03164239884382361 -0.0051521367422496843 0.00011301301073983597 -0.017683247639440788 -0.015611535769752461 0.062310415794919131 -0.008197083030186729 -0.0347512540682565 0.069175890980357133 0.00077141147463915508 -0.046256894941458696 0.011307415438040452 0.079085030802957396 -0.029959557507157387 -0.0114184022380377 0.038828360998429803 -0.046088192002976862 0.029485231052999272 -0.0074808886322354764 0.0098586136265684989 -0.034266862003229939 -0.0017670060198183377 0.044139041027772691 0.033971514498954268 -0.016621592642608034 -0.029079421104010302 0.013846251379406619 -0.01441564111701945 0.0003597073128597506 -0.01186376689754025 0.0045952016530149452
leaf_weight=4.2179552204906994 2.38179101422429 1415.8948422020767 6.7451905086636534 3.8043650053441516 6.2325607426464549 4.2650279812514782 5.5318515375256521 4.2147162193432441 6.1576698385179043 12.574896769598132 25.798004907555878 2.5281290095299482 27.52115494385362 20.30289518204518 4.9866069520357987 3.1509264782071105 1.8104765517637122 38.705342607805505 17.829812687821686 4.7589272179175195 12.706826177192854 7.850001680199056 3.0182357321027657 9.070994438370688 4.3084980929270378 20.461946703027934 43.611922418931499 707.1245410394622 3.876788397319614 151.50108939129859
leaf_count=28 26 8251 37 26 49 24 26 32 37 158 392 36 376 233 61 37 28 423 216 65 151 86 41 99 59 273 623 8139 63 905
internal_value=-2.00392e-05 0.00078856 0.0121983 0.0230815 0.0330847 0.0116121 0.000606493 0.000730301 -0.016039 -0.00135493 -0.0060128 0.0382218 -0.00778903 -0.0148174 -0.0015107 -0.00211461 -0.0262904 3.34619e-05 -0.00065566 -0.00956138 0.00635829 0.0157631 -0.0236821 -0.00399036 -5.10831e-05 0.000107426 -0.00737148 0.00073899 -0.0381523 0.000546252
internal_weight=2582.94 1608.57 25.2651 18.5199 14.7155 8.48298 1583.3 1571.61 11.6895 974.379 127.185 4.90992 122.275 54.6211 25.2895 67.6543 29.3316 64.5033 847.193 53.8567 25.3158 20.5568 28.5409 12.0892 793.337 789.028 61.4417 727.586 16.4517 1567.4
internal_count=21000 9415 164 127 101 52 9251 9188 63 11585 1612 62 1550 698 294 852 404 815 9973 663 302 237 361 140 9310 9251 839 8412 221 9156
is_linear=0
shrinkage=0.05


Tree=154
num_leaves=31
num_cat=0
split_feature=1 1 2 5 2 12 12 5 12 2 16 12 16 5 2 5 8 16 12 8 12 11 2 1 9 12 1 5 8 1
split_gain=1.09963 4.14029 5.73348 4.24906 3.71101 3.4142 3.43613 2.83511 2.94347 5.45011 2.74616 2.56419 8.25452 4.80091 4.70192 3.5714 3.4688 3.20335 1.86587 6.70431 6.75792 5.26023 3.9997 3.70801 2.79638 2.66353 3.72988 4.5777 3.15356 2.3039
threshold=0.3213499933481217 0.30314999818801885 6457.9150390625009 100.04999923706056 2181.6149902343755 674.54998779296886 46.250000000000007 10.34999990463257 1064.600036621094 2991.984985351563 3.5000000000000004 479.80000305175787 1.5000000000000002 68.649997711181655 2963.6550292968755 22.250000000000004 0.27015000581741339 7.5000000000000009 970.10000610351574 0.15044999867677691 1091.0000000000002 14.500000000000002 8219.7949218750018 0.18675000220537188 1.5000000000000002 658.75000000000011 0.14934999495744708 76.850002288818374 0.11044999957084657 0.14774999767541888
decision_type=2 2 2 2 2 2 2 2 2 2 2 2 2 2 2 2 2 2 2 2 2 2 2 2 2 2 2 2 2 2
left_child=1 18 3 5 -5 6 -3 -2 11 10 -10 15 13 -13 -14 16 -9 -17 25 23 21 -21 -22 -20 -25 29 27 -27 -28 -1
right_child=7 2 -4 4 -6 -7 -8 8 9 -11 -12 12 14 -15 -16 17 -18 -19 19 20 22 -23 -24 24 -26 26 28 -29 -30 -31
leaf_value=-0.0015538970022382958 0.047926585813400813 0.016591020803384572 0.041234024253307577 0.062481093378939728 -0.018958256639949912 0.0073483074169014423 -0.036967022315936036 -0.0034343207885055523 -0.0060500893895277423 -0.045208400319553907 0.051850458778914421 0.008227446202264399 0.012843505722185422 -0.025012267070029043 0.044842943511645902 0.0026396221233932504 -0.046254372441415642 -0.034340021087652196 -0.019355655178841691 0.055689486591916006 0.0015561268608952042 0.010093557864565623 0.055184917663058913 -0.0044322965323475277 0.052770432457697719 0.0067986393920234402 -0.030871973428769295 -0.014730077138856171 -0.0084110713155440848 0.0021236929930605669
leaf_weight=969.12618830811698 3.35723684541881 3.3180165700614443 4.2074347808957091 2.7545610498636952 2.842114694416523 6.678979078307747 30.738043260993436 12.428220625501128 11.853194400551731 9.2943808692507428 2.4755576048046342 25.785429578041658 34.044908768148161 18.770813405048102 17.319809691980481 330.81683107733261 7.6352128961589179 5.9617817215621463 31.559382843319327 13.94184245914221 60.950196223799139 11.578812535852192 3.6870541572570792 5.7600443651899678 3.3962091822177172 75.330119754653424 21.30053967400454 36.731549858232029 58.675059514353052 759.72072383330669
leaf_count=8242 20 31 15 39 22 51 223 86 117 33 29 189 328 123 82 2481 55 39 295 125 478 89 9 56 33 653 164 274 455 6164
internal_value=-2.01195e-05 -0.000513032 -0.014651 -0.019726 0.0211244 -0.0253385 -0.031749 0.00213989 0.00181721 -0.0153891 0.0039533 0.00271496 0.00997253 -0.0057759 0.0236335 0.000764089 -0.0197296 0.00198499 -0.000164784 0.00561182 0.0132168 0.0350025 0.00461523 -0.0112282 0.0167852 -0.000558355 -0.00614478 -0.000258039 -0.0143933 6.21751e-05
internal_weight=2582.04 2102.3 50.5391 46.3317 5.59668 40.735 34.0561 479.743 476.386 23.6231 14.3288 452.763 95.921 44.5562 51.3647 356.842 20.0634 336.779 2051.76 130.874 90.1579 25.5207 64.6373 40.7156 9.15625 1920.88 192.037 112.062 79.9756 1728.85
internal_count=21000 17418 381 366 61 305 254 3582 3562 179 146 3383 722 312 410 2661 141 2520 17037 1085 701 214 487 384 89 15952 1546 927 619 14406
is_linear=0
shrinkage=0.05


Tree=155
num_leaves=31
num_cat=0
split_feature=3 6 1 12 0 5 5 12 6 16 14 14 2 6 6 1 2 5 1 5 12 2 10 1 2 12 2 10 12 6
split_gain=1.05367 1.22118 2.15589 4.58667 1.8524 2.47521 5.82457 3.61651 1.774 5.86868 4.13171 9.36496 1.45483 5.38482 7.20392 5.1386 3.12441 5.14939 2.75077 1.1354 3.70523 2.74908 3.1713 2.11628 2.07062 4.69502 2.12266 1.99869 1.67643 4.11008
threshold=1.0000000180025095e-35 0.92535001039505016 0.43064999580383306 246.29999542236331 2.5000000000000004 106.64999771118165 135.05000305175784 1012.4499816894532 0.91574999690055858 2.5000000000000004 0.21860000491142276 0.10994999855756761 2934.1250000000005 0.80914998054504406 0.85115000605583202 0.085349999368190779 2143.3649902343755 20.150000572204593 0.18845000118017199 31.250000000000004 9.7500000000000018 2604.184936523438 1.5000000000000002 0.45225000381469732 2265.3649902343755 341.34999084472662 1978.195007324219 2.5000000000000004 23.849999427795414 0.94615000486373912
decision_type=2 2 2 2 2 2 2 2 2 2 2 2 2 2 2 2 2 2 2 2 2 2 2 2 2 2 2 2 2 2
left_child=1 8 4 -4 5 7 -7 -3 12 10 11 -10 16 15 -15 -14 18 -18 -1 20 -2 24 23 -23 26 -26 -22 -24 29 -21
right_child=19 2 3 -5 -6 6 -8 -9 9 -11 -12 -13 13 14 -16 -17 17 -19 -20 28 21 22 27 -25 25 -27 -28 -29 -30 -31
leaf_value=-0.0010898976731380868 0.045308241021747936 -0.0036714356282950469 -0.0056062707536796551 0.06516061169691402 -0.031620168076859391 0.048078206467403919 -0.022730207613350602 -0.038708219582325717 0.014723075238493106 -0.024789588484825348 -0.017235830114620276 0.092399490636287093 0.014306279134881299 0.022534722637636256 0.0015421842389163587 -0.0027241356716669234 0.039067411939718376 -0.0067735361666442359 0.005576902907227654 -0.012565991829926668 0.00034652475187654666 -0.022857998715670909 0.035525271141077994 0.018185220589915774 -0.0024752455779702715 0.085354652917205898 -0.028127687280188704 -0.014253065436226363 -8.131799198280118e-05 0.048404348697660353
leaf_weight=411.5359796830453 3.4578875564038745 120.00711053423584 6.6165167272556555 3.5013723401352763 6.2476679384708396 6.8437285230029357 5.0453131571412086 7.8467170340009025 15.805363389197742 8.0375064648687822 4.8933611996471873 5.1429489813745013 51.419020113535225 70.933266408275813 96.417803298681974 319.60027937870473 6.3067281469702712 213.97741794749163 247.94328373041935 50.520402352558449 51.457620194647461 45.525694202631712 4.5792386308312398 3.3734508454799643 4.7839073762297621 2.2312403582036495 7.4989301743917158 3.6032887091860175 793.47736685641576 2.9240808452013871
leaf_count=3327 41 672 43 30 31 50 27 35 92 42 28 37 181 265 331 1082 38 1073 2031 624 958 361 38 17 52 31 89 25 9310 39
internal_value=-2.02943e-05 0.000765622 -0.00343654 0.0188831 -0.0049834 -0.00379252 0.0180295 -0.00582173 0.0012174 0.0125246 0.0241303 0.0337931 0.000947275 0.00299447 0.0104401 -0.000363915 -0.000305506 -0.00546111 0.00141661 -0.00131864 -0.00573687 -0.00717127 -0.0152056 -0.0200265 -0.000219652 0.02546 -0.00327523 0.0136047 -0.00065865 -0.00923015
internal_weight=2581.55 1608.12 156.108 10.1179 145.991 139.743 11.889 127.854 1452.01 33.8792 25.8417 20.9483 1418.13 538.37 167.351 371.019 879.763 220.284 659.479 973.433 126.511 123.053 57.0817 48.8991 65.9717 7.01515 58.9566 8.18253 846.922 53.4445
internal_count=21000 9415 888 73 815 784 77 707 8527 199 157 129 8328 1859 596 1263 6469 1111 5358 11585 1612 1571 441 378 1130 83 1047 63 9973 663
is_linear=0
shrinkage=0.05


Tree=156
num_leaves=31
num_cat=0
split_feature=9 16 16 1 3 6 11 2 8 1 16 2 2 6 2 12 6 12 9 6 1 1 2 8 6 12 1 2 14 16
split_gain=1.03897 1.46611 2.9036 2.2315 3.13086 2.75268 2.53967 3.84748 2.78396 1.12519 4.11798 5.08574 4.26447 4.58917 5.61035 4.72137 4.00676 3.27542 4.621 3.96896 2.57736 4.7922 6.48913 4.15898 4.78144 3.15849 2.83799 3.22931 1.30013 0.024525
threshold=3.5000000000000004 6.5000000000000009 5.5000000000000009 0.37064999341964727 1.0000000180025095e-35 0.67035001516342174 15.500000000000002 2399.8549804687505 0.59314998984336864 0.45945000648498541 1.5000000000000002 3584.299926757813 7332.6101074218759 0.72874999046325695 3024.5700683593755 378.55000305175787 0.86724999547004711 294.25000000000006 1.5000000000000002 0.71635001897811901 0.45225000381469732 0.44875000417232519 1684.0750122070315 0.32985000312328344 0.79385000467300426 105.75000000000001 0.44564999639987951 2711.7700195312505 0.15094999969005587 1.5000000000000002
decision_type=2 2 2 2 2 2 2 2 2 2 2 2 2 2 2 2 2 2 2 2 2 2 2 2 2 2 2 2 2 2
left_child=9 2 3 6 29 -6 8 -8 -2 20 12 17 13 15 -15 -11 -13 18 -12 -19 21 26 -23 24 -22 -26 28 -28 -1 -5
right_child=1 -3 -4 4 5 -7 7 -9 -10 10 11 16 -14 14 -16 -17 -18 19 -20 -21 23 22 -24 -25 25 -27 27 -29 -30 -31
leaf_value=-0.0010675401386023818 -0.00015997380039382329 0.043173307123202637 -0.038980001318377894 0.063297391999435071 -0.023353316104574234 0.031455382577572813 -0.0012952960609932335 0.034964148582873125 -0.040434556995213276 0.040742105587752167 0.0088086024848226877 0.056374336708222207 -0.045617545461870856 -0.023430759885636948 0.019660298227723777 -0.013284064620129231 0.0041150282710471853 -0.0078731589418435371 -0.037366134474221074 0.040357341274918829 -0.055974664417439382 -0.011065015409608053 0.075331663644342864 0.022870946677903153 -0.041926797455993675 0.021953440650782041 0.0018937155928329241 -0.051920055869013521 0.0015680282021038787 0.072052486032774685
leaf_weight=1663.3908927859738 54.064244879758917 2.431450694333761 3.8048951514065257 1.5586320462170982 3.6753307790495438 6.0814406534191221 16.709569249185737 13.013975469162686 4.6607331165578207 10.955653514713051 15.574976136907935 10.404820412397386 5.7532053142786017 25.171454914845526 10.792229004204271 6.4098789356648913 5.6646389588713637 7.1033511552959707 8.3089226167649031 10.677051000297068 8.452453009784227 3.9434905126690847 4.8418264798820019 4.8880924805998793 3.1265088617801648 5.0776100438088179 5.4556735064834339 5.7009590119123459 651.07942251581699 1.6431332146748898
leaf_count=13805 552 30 30 29 26 56 224 95 37 93 139 49 12 196 49 44 22 61 61 98 43 40 31 39 19 41 48 20 4985 26
internal_value=-2.02119e-05 0.00478846 0.00390139 0.00551034 0.024888 0.0108092 0.00267133 0.0145803 -0.00335638 -0.00022954 0.00456033 0.0140571 -0.00471964 -0.000307537 -0.0104997 0.0208002 0.0379524 0.00484091 -0.00725504 0.021089 -0.000467038 -0.000308163 0.0365505 -0.0176815 -0.0295821 -0.00239069 -0.000447401 -0.0256047 -0.000326133 0.0677905
internal_weight=2580.42 107.643 105.212 101.407 12.9585 9.75677 88.4485 29.7235 58.725 2472.77 116.816 57.7338 59.0824 53.3292 35.9637 17.3655 16.0695 41.6643 23.8839 17.7804 2355.96 2334.41 8.78532 21.5447 16.6566 8.20412 2325.63 11.1566 2314.47 3.20177
internal_count=21000 1105 1075 1045 137 82 908 319 589 19895 824 430 394 382 245 137 71 359 200 159 19071 18929 71 142 103 60 18858 68 18790 55
is_linear=0
shrinkage=0.05


Tree=157
num_leaves=31
num_cat=0
split_feature=13 9 1 14 6 0 6 0 2 2 12 2 2 2 1 2 12 12 4 16 1 12 11 12 12 2 2 6 6 16
split_gain=1.02428 2.51257 3.80488 5.48109 5.39364 5.15838 3.66522 4.3058 4.1936 3.58396 2.90642 4.46217 2.86147 5.46845 6.92578 4.91551 5.27986 3.93226 3.87001 3.63479 3.59245 3.5727 4.59331 3.95428 2.80077 2.75554 2.03864 2.86617 2.55748 1.99667
threshold=0.50000000000000011 1.0000000180025095e-35 0.26084999740123754 0.13334999978542331 0.8753499984741212 2.5000000000000004 0.90715000033378612 1.5000000000000002 7332.6101074218759 1164.6250000000002 174.55000305175784 3058.5649414062505 2906.7700195312505 2657.059936523438 0.15024999529123309 4149.6547851562509 198.05000305175784 246.29999542236331 1.0000000180025095e-35 1.5000000000000002 0.20494999736547473 203.15000152587893 16.500000000000004 254.75000000000003 188.34999847412112 2711.7700195312505 1272.039978027344 0.68689998984336864 0.67864999175071727 10.500000000000002
decision_type=2 2 2 2 2 2 2 2 2 2 2 2 2 2 2 2 2 2 2 2 2 2 2 2 2 2 2 2 2 2
left_child=29 2 6 4 5 -4 7 8 -2 -9 -5 -12 13 26 19 21 20 -18 -16 -15 -17 22 -14 -23 -6 -8 27 -3 -28 -1
right_child=1 12 3 10 24 -7 25 9 -10 -11 11 -13 15 14 18 16 17 -19 -20 -21 -22 23 -24 -25 -26 -27 28 -29 -30 -31
leaf_value=-0.00069156603669584624 0.012061911164670746 -0.014758629230244187 0.042098972306420263 -0.028263813602403754 0.03585065675855139 0.00047414009614715275 0.0019603530872991689 0.021943745070735671 -0.034026655701994035 -0.024931681195507985 -0.013206229425152958 0.053272466302934821 -0.014624195964498019 -0.032031506474199584 0.10352551804525559 0.028265013410737779 -0.036697401965783916 -0.0018860131134999687 0.03150439019005765 0.027641007657062112 -0.00037610491908662 0.037521955697405129 -0.05315324233918544 -0.0095070912489742115 0.10441632457965522 -0.033662043002889282 0.016844677222625937 0.0014327866287263016 0.0012466977624480517 0.035510922526429199
leaf_weight=1891.04311831214 98.759557687677443 38.759821366984397 14.240414124913514 7.5944661051034954 2.7970644049346438 15.592926777899265 10.320712909102442 5.2967430092394379 5.195244848728179 17.717089602723718 6.6081002112478 4.0843251198530197 28.923444338608533 4.2829488292336482 3.6175489979796103 24.457486797124147 9.4621161818504316 56.862270050682127 3.8506412655115128 6.3141285255551338 19.821516166441143 4.9854448451660565 10.559680895414202 43.202870533801615 3.1856865417212248 11.453191820532082 35.88404208724387 92.703280930756591 98.182604014407843 3.8163132946938267
leaf_count=15625 838 455 110 44 25 98 115 70 13 99 54 19 156 25 36 114 32 224 20 44 79 30 46 230 30 44 318 1144 828 35
internal_value=-1.97296e-05 0.00163771 0.00630598 0.0176604 0.029032 0.020343 0.00217598 0.00542627 0.00975859 -0.0141431 -0.00461175 0.0121875 -0.00032742 0.00289427 0.029513 -0.00493545 0.0020737 -0.00685235 0.066391 0.00352357 0.0154438 -0.013778 -0.0249287 -0.00464158 0.0723604 -0.0167772 0.00108327 -0.003341 0.00542163 -0.000618653
internal_weight=2579.57 684.715 202.846 54.103 35.8161 29.8333 148.743 126.969 103.955 23.0138 18.2869 10.6924 481.87 283.595 18.0653 198.275 110.603 66.3244 7.46819 10.5971 44.279 87.6714 39.4831 48.1883 5.98275 21.7739 265.53 131.463 134.067 1894.86
internal_count=21000 5340 1559 380 263 208 1179 1020 851 169 117 73 3781 2870 125 911 449 256 56 69 193 462 202 260 55 159 2745 1599 1146 15660
is_linear=0
shrinkage=0.05


Tree=158
num_leaves=28
num_cat=0
split_feature=3 5 2 8 13 5 11 2 16 2 6 6 9 8 2 2 8 8 8 2 5 5 5 2 16 2 16
split_gain=1.01735 1.10088 4.3159 5.16639 5.36289 7.69233 2.7918 2.65481 9.59445 5.11632 6.31966 7.08634 2.89262 2.83481 2.42752 2.27763 5.0998 3.13298 2.25111 1.63502 1.085 1.58267 1.30621 1.28007 1.21308 3.87162 1.61147
threshold=1.0000000180025095e-35 34.850000381469734 1071.2199707031252 0.63580000400543224 0.2650000005960465 30.849999427795414 17.500000000000004 8996.6650390625018 2.5000000000000004 6236.8850097656259 0.69255000352859508 0.89855000376701366 4.5000000000000009 0.56435000896453869 5763.5000000000009 844.73501586914074 0.38605000078678137 0.58610001206398021 0.21984999626874926 806.93499755859386 184.75000000000003 176.75000000000003 169.65000152587893 2053.2099609375005 7.5000000000000009 1924.195007324219 4.5000000000000009
decision_type=2 2 2 2 2 2 2 2 2 2 2 2 2 2 2 2 2 2 2 2 2 2 2 2 2 2 2
left_child=1 2 15 4 6 -6 -4 9 -9 12 -11 -12 14 -14 -3 17 18 19 -17 -1 21 22 24 -22 26 -26 -2
right_child=20 7 3 -5 5 -7 -8 8 -10 10 11 -13 13 -15 -16 16 -18 -19 -20 -21 23 -23 -24 -25 25 -27 -28
leaf_value=-0.0006029013408601631 -0.0015653000797246101 7.5850904920955308e-05 -0.00092070119374216153 0.046671865691566991 0.0045010694164703737 0.032138726434040803 -0.02657539911180927 0.037352414614998525 -0.02093624631463032 -0.037401471603781079 0.005043055673239369 -0.039859879989283475 0.051849749714182707 -0.032804427747669195 0.01529014641510369 -0.018627090173486429 0.022410554373061362 -0.049581835268973952 -0.058457920084732974 0.040088211596814013 0.00012833379438334299 0.031484329152822586 -0.02971831607672519 -0.054272698403821873 0.013793125265254284 -0.03888762052494369 0.0062150154774805524
leaf_weight=42.10500182909891 874.37070653261617 1192.5243726759218 36.415854944381863 7.945513889193534 120.08985887211747 31.854795476421714 14.961350601166485 18.332605898380283 11.481116648763416 19.499710593372583 42.778892356902361 11.057560976594685 4.9088061021175227 1.2384263065177945 26.807391360402107 7.65921453619376 4.8205766654573372 3.1797580048441878 6.6075068763457239 2.622439492493867 2.228232054039835 3.6932051051408044 4.0293195284903041 2.1008620839565992 6.2255807879846525 7.9301406666636467 72.036055005039088
leaf_count=430 10403 7250 176 42 566 176 65 47 21 45 113 26 161 14 81 61 45 26 43 27 40 42 35 21 106 73 865
internal_value=-1.98372e-05 0.00075269 0.0036124 0.00711897 0.0055733 0.0102952 -0.0083915 0.000153766 0.0149057 -0.000184859 -0.0130132 -0.00417963 0.000582823 0.0347953 0.000410342 -0.00744558 -0.0220512 -0.00162636 -0.0370744 0.00178288 -0.00129616 -0.00118449 -0.00130958 -0.0262719 -0.00119041 -0.015719 -0.000973099
internal_weight=2579.5 1606.89 278.262 211.267 203.322 151.945 51.3772 1328.63 29.8137 1298.82 73.3362 53.8365 1225.48 6.14723 1219.33 66.9945 19.0873 47.9072 14.2667 44.7274 972.614 968.285 964.592 4.32909 960.562 14.1557 946.407
internal_count=21000 9415 1657 1025 983 742 241 7758 68 7690 184 139 7506 175 7331 632 149 483 104 457 11585 11524 11482 61 11447 179 11268
is_linear=0
shrinkage=0.05


Tree=159
num_leaves=31
num_cat=0
split_feature=10 9 5 5 5 12 5 2 8 3 12 12 14 14 2 2 12 11 6 11 11 12 12 5 11 5 14 2 12 2
split_gain=1.03111 1.91163 1.61851 4.07099 3.16511 1.83871 4.00993 3.44677 1.54608 0.982766 1.69428 2.84003 2.83631 2.75619 4.82644 3.05835 1.92134 3.95758 2.27702 1.4966 3.3783 4.07946 6.45582 5.47702 2.52675 4.35456 3.95798 4.58791 3.91504 3.37159
threshold=2.5000000000000004 3.5000000000000004 100.04999923706056 89.149997711181655 126.85000228881837 489.44999694824224 45.049999237060554 2053.2099609375005 0.27895000576972967 1.0000000180025095e-35 1091.0000000000002 1064.600036621094 0.23505000025033954 0.10895000025629999 4321.3249511718759 2963.6550292968755 588.54998779296886 17.500000000000004 0.29524999856948858 6.5000000000000009 10.500000000000002 252.15000152587893 41.549999237060554 21.550000190734867 1.5000000000000002 148.15000152587893 0.012550000101327898 3449.265014648438 1268.299987792969 6659.7651367187509
decision_type=2 2 2 2 2 2 2 2 2 2 2 2 2 2 2 2 2 2 2 2 2 2 2 2 2 2 2 2 2 2
left_child=9 2 3 5 8 6 -2 -7 -4 19 11 16 13 15 -15 -12 18 -18 -11 24 21 22 -21 -23 25 28 27 -26 -1 -28
right_child=1 -3 4 -5 -6 7 -8 -9 -10 10 12 -13 -14 14 -16 -17 17 -19 -20 20 -22 23 -24 -25 26 -27 29 -29 -30 -31
leaf_value=0.0042142575136692407 -0.0082409585160023776 0.050766393410785073 0.064312637391086655 -0.043565432583406803 -0.014158199621702573 0.021842174478528115 0.025890787322229915 -0.027302924876900371 0.016292110508002736 0.031505017309167903 -0.0013053323735052282 0.046424769819185439 -0.047187206671117227 -0.00084025843954888219 0.088604147821847209 -0.037730002154176628 0.0095873495087635784 -0.011009197060311733 -0.0023696114473046957 0.02172998892901851 3.4413191943010372e-05 -0.033612306398434377 -0.0047378944364411578 0.015514413405525562 0.0023833221308404767 0.052668960599333563 -0.0045349431141021735 0.049219927899216392 -0.040798780096695263 -0.027587271946636252
leaf_weight=118.70854542776942 14.904240212403236 2.3088571537518865 3.7523651644587499 4.6797357611358157 3.795955840498209 5.6368125062435857 20.36077388189733 9.7195763066411001 3.0293967723846436 4.9937743358314028 14.435008650645615 3.1419600248336783 4.9101909957826129 8.4968523764982802 1.8336860388517369 9.5923375040292722 94.897989124991 30.922592710703611 752.98247847706079 28.987803872674704 858.92176330648363 5.9616150557994834 112.2528716288507 117.38043985515833 21.777817662805322 4.4602712653577319 286.39076604507864 6.8805167675018302 5.0354917012155047 16.791542857885361
leaf_count=685 110 413 33 32 26 56 157 40 20 39 234 39 51 126 11 71 1130 380 8990 182 4889 28 628 704 156 30 1655 26 25 34
internal_value=-1.93318e-05 0.00604731 0.00448004 0.00105249 0.0223995 0.00517723 0.0114655 -0.00926342 0.042862 -0.000184157 -0.00147788 -0.00102791 -0.0116412 -0.00656119 0.0150363 -0.015847 -0.00119661 0.00452539 -0.00214644 0.000572532 0.00155614 0.00649614 0.000694293 0.0131399 -0.00182959 0.00413203 -0.00413282 0.0136282 0.00238255 -0.00581168
internal_weight=2577.94 68.1877 65.8789 55.3011 10.5777 50.6214 35.265 15.3564 6.78176 2509.76 926.207 886.939 39.2681 34.3579 10.3305 24.0273 883.797 125.821 757.976 1583.55 1123.5 264.583 141.241 123.342 460.045 128.204 331.841 28.6583 123.744 303.182
internal_count=21000 887 474 395 79 363 267 96 53 20113 11071 10578 493 442 137 305 10539 1510 9029 9042 6431 1542 810 732 2611 740 1871 182 710 1689
is_linear=0
shrinkage=0.05


end of trees

feature_importances:
Column_2=678
Column_1=543
Column_6=523
Column_8=491
Column_14=444
Column_5=418
Column_12=404
Column_9=248
Column_11=214
Column_10=176
Column_15=149
Column_13=125
Column_3=100
Column_16=96
Column_7=89
Column_0=36
Column_4=24

parameters:
[boosting: gbdt]
[objective: binary]
[metric: binary_logloss,auc]
[tree_learner: serial]
[device_type: cpu]
[data_sample_strategy: bagging]
[data: ]
[valid: ]
[num_iterations: 160]
[learning_rate: 0.05]
[num_leaves: 31]
[num_threads: 4]
[seed: 42]
[deterministic: 0]
[force_col_wise: 0]
[force_row_wise: 0]
[histogram_pool_size: -1]
[max_depth: 6]
[min_data_in_leaf: 25]
[min_sum_hessian_in_leaf: 0.001]
[bagging_fraction: 0.85]
[pos_bagging_fraction: 1]
[neg_bagging_fraction: 1]
[bagging_freq: 0]
[bagging_seed: 400]
[bagging_by_query: 0]
[feature_fraction: 0.85]
[feature_fraction_bynode: 1]
[feature_fraction_seed: 30056]
[extra_trees: 0]
[extra_seed: 12879]
[early_stopping_round: 0]
[early_stopping_min_delta: 0]
[first_metric_only: 0]
[max_delta_step: 0]
[lambda_l1: 0]
[lambda_l2: 0]
[linear_lambda: 0]
[min_gain_to_split: 0]
[drop_rate: 0.1]
[max_drop: 50]
[skip_drop: 0.5]
[xgboost_dart_mode: 0]
[uniform_drop: 0]
[drop_seed: 17869]
[top_rate: 0.2]
[other_rate: 0.1]
[min_data_per_group: 100]
[max_cat_threshold: 32]
[cat_l2: 10]
[cat_smooth: 10]
[max_cat_to_onehot: 4]
[top_k: 20]
[monotone_constraints: ]
[monotone_constraints_method: basic]
[monotone_penalty: 0]
[feature_contri: ]
[forcedsplits_filename: ]
[refit_decay_rate: 0.9]
[cegb_tradeoff: 1]
[cegb_penalty_split: 0]
[cegb_penalty_feature_lazy: ]
[cegb_penalty_feature_coupled: ]
[path_smooth: 0]
[interaction_constraints: ]
[verbosity: -1]
[saved_feature_importance_type: 0]
[use_quantized_grad: 0]
[num_grad_quant_bins: 4]
[quant_train_renew_leaf: 0]
[stochastic_rounding: 1]
[linear_tree: 0]
[max_bin: 255]
[max_bin_by_feature: ]
[min_data_in_bin: 3]
[bin_construct_sample_cnt: 200000]
[data_random_seed: 175]
[is_enable_sparse: 1]
[enable_bundle: 1]
[use_missing: 1]
[zero_as_missing: 0]
[feature_pre_filter: 1]
[pre_partition: 0]
[two_round: 0]
[header: 0]
[label_column: ]
[weight_column: ]
[group_column: ]
[ignore_column: ]
[categorical_feature: ]
[forcedbins_filename: ]
[precise_float_parser: 0]
[parser_config_file: ]
[objective_seed: 16083]
[num_class: 1]
[is_unbalance: 0]
[scale_pos_weight: 1]
[sigmoid: 1]
[boost_from_average: 1]
[reg_sqrt: 0]
[alpha: 0.9]
[fair_c: 1]
[poisson_max_delta_step: 0.7]
[tweedie_variance_power: 1.5]
[lambdarank_truncation_level: 30]
[lambdarank_norm: 1]
[label_gain: ]
[lambdarank_position_bias_regularization: 0]
[eval_at: ]
[multi_error_top_k: 1]
[auc_mu_weights: ]
[num_machines: 1]
[local_listen_port: 12400]
[time_out: 120]
[machine_list_filename: ]
[machines: ]
[gpu_platform_id: -1]
[gpu_device_id: -1]
[gpu_device_id_list: ]
[gpu_use_dp: 0]
[num_gpu: 1]

end of parameters

pandas_categorical:null
